Copyright 1986-2015 Xilinx, Inc. All Rights Reserved.
-----------------------------------------------------------------------------------------------------------------------------------------------------------------
| Tool Version : Vivado v.2015.4 (lin64) Build 1412921 Wed Nov 18 09:44:32 MST 2015
| Date         : Fri May 22 22:41:39 2020
| Host         : pn1714380.lanl.gov running 64-bit unknown
| Command      : report_timing_summary -warn_on_violation -max_paths 10 -file sinegen_demo_timing_summary_routed.rpt -rpx sinegen_demo_timing_summary_routed.rpx
| Design       : sinegen_demo
| Device       : 7k325t-ffg900
| Speed File   : -2  PRODUCTION 1.12 2014-09-11
-----------------------------------------------------------------------------------------------------------------------------------------------------------------

Timing Summary Report

------------------------------------------------------------------------------------------------
| Timer Settings
| --------------
------------------------------------------------------------------------------------------------

  Enable Multi Corner Analysis               :  Yes
  Enable Pessimism Removal                   :  Yes
  Pessimism Removal Resolution               :  Nearest Common Node
  Enable Input Delay Default Clock           :  No
  Enable Preset / Clear Arcs                 :  No
  Disable Flight Delays                      :  No
  Ignore I/O Paths                           :  No
  Timing Early Launch at Borrowing Latches   :  false

  Corner  Analyze    Analyze    
  Name    Max Paths  Min Paths  
  ------  ---------  ---------  
  Slow    Yes        Yes        
  Fast    Yes        Yes        



check_timing report

Table of Contents
-----------------
1. checking no_clock
2. checking constant_clock
3. checking pulse_width_clock
4. checking unconstrained_internal_endpoints
5. checking no_input_delay
6. checking no_output_delay
7. checking multiple_clock
8. checking generated_clocks
9. checking loops
10. checking partial_input_delay
11. checking partial_output_delay
12. checking latch_loops

1. checking no_clock
--------------------
 There are 0 register/latch pins with no clock.


2. checking constant_clock
--------------------------
 There are 0 register/latch pins with constant_clock.


3. checking pulse_width_clock
-----------------------------
 There are 0 register/latch pins which need pulse_width check


4. checking unconstrained_internal_endpoints
--------------------------------------------
 There are 0 pins that are not constrained for maximum delay.

 There are 0 pins that are not constrained for maximum delay due to constant clock.


5. checking no_input_delay
--------------------------
 There are 3 input ports with no input delay specified. (HIGH)

 There are 0 input ports with no input delay but user has a false path constraint.


6. checking no_output_delay
---------------------------
 There are 4 ports with no output delay specified. (HIGH)

 There are 0 ports with no output delay but user has a false path constraint

 There are 0 ports with no output delay but with a timing clock defined on it or propagating through it


7. checking multiple_clock
--------------------------
 There are 0 register/latch pins with multiple clocks.


8. checking generated_clocks
----------------------------
 There are 0 generated clocks that are not connected to a clock source.


9. checking loops
-----------------
 There are 0 combinational loops in the design.


10. checking partial_input_delay
--------------------------------
 There are 0 input ports with partial input delay specified.


11. checking partial_output_delay
---------------------------------
 There are 0 ports with partial output delay specified.


12. checking latch_loops
------------------------
 There are 0 combinational latch loops in the design through latch input



------------------------------------------------------------------------------------------------
| Design Timing Summary
| ---------------------
------------------------------------------------------------------------------------------------

    WNS(ns)      TNS(ns)  TNS Failing Endpoints  TNS Total Endpoints      WHS(ns)      THS(ns)  THS Failing Endpoints  THS Total Endpoints     WPWS(ns)     TPWS(ns)  TPWS Failing Endpoints  TPWS Total Endpoints  
    -------      -------  ---------------------  -------------------      -------      -------  ---------------------  -------------------     --------     --------  ----------------------  --------------------  
      0.778        0.000                      0                12994        0.054        0.000                      0                12994        1.732        0.000                       0                  6478  


All user specified timing constraints are met.


------------------------------------------------------------------------------------------------
| Clock Summary
| -------------
------------------------------------------------------------------------------------------------

Clock                                                                  Waveform(ns)         Period(ns)      Frequency(MHz)
-----                                                                  ------------         ----------      --------------
CLK_N                                                                  {0.000 2.500}        5.000           200.000         
CLK_P                                                                  {0.000 2.500}        5.000           200.000         
clk                                                                    {0.000 2.500}        5.000           200.000         
dbg_hub/inst/N_EXT_BSCAN.bscan_inst/SERIES7_BSCAN.bscan_inst/DRCK      {0.000 15.000}       30.000          33.333          
  dbg_hub/inst/N_EXT_BSCAN.bscan_inst/SERIES7_BSCAN.bscan_inst/UPDATE  {0.000 30.000}       60.000          16.667          


------------------------------------------------------------------------------------------------
| Intra Clock Table
| -----------------
------------------------------------------------------------------------------------------------

Clock                                                                      WNS(ns)      TNS(ns)  TNS Failing Endpoints  TNS Total Endpoints      WHS(ns)      THS(ns)  THS Failing Endpoints  THS Total Endpoints     WPWS(ns)     TPWS(ns)  TPWS Failing Endpoints  TPWS Total Endpoints  
-----                                                                      -------      -------  ---------------------  -------------------      -------      -------  ---------------------  -------------------     --------     --------  ----------------------  --------------------  
CLK_N                                                                                                                                                                                                                    3.592        0.000                       0                     1  
CLK_P                                                                                                                                                                                                                    3.592        0.000                       0                     1  
clk                                                                          0.778        0.000                      0                12251        0.054        0.000                      0                12251        1.732        0.000                       0                  6205  
dbg_hub/inst/N_EXT_BSCAN.bscan_inst/SERIES7_BSCAN.bscan_inst/DRCK           26.107        0.000                      0                  531        0.077        0.000                      0                  531       14.232        0.000                       0                   270  
  dbg_hub/inst/N_EXT_BSCAN.bscan_inst/SERIES7_BSCAN.bscan_inst/UPDATE       58.546        0.000                      0                    1        0.733        0.000                      0                    1       29.650        0.000                       0                     2  


------------------------------------------------------------------------------------------------
| Inter Clock Table
| -----------------
------------------------------------------------------------------------------------------------

From Clock                                                           To Clock                                                                 WNS(ns)      TNS(ns)  TNS Failing Endpoints  TNS Total Endpoints      WHS(ns)      THS(ns)  THS Failing Endpoints  THS Total Endpoints  
----------                                                           --------                                                                 -------      -------  ---------------------  -------------------      -------      -------  ---------------------  -------------------  
dbg_hub/inst/N_EXT_BSCAN.bscan_inst/SERIES7_BSCAN.bscan_inst/UPDATE  dbg_hub/inst/N_EXT_BSCAN.bscan_inst/SERIES7_BSCAN.bscan_inst/DRCK         56.876        0.000                      0                   18        0.549        0.000                      0                   18  


------------------------------------------------------------------------------------------------
| Other Path Groups Table
| -----------------------
------------------------------------------------------------------------------------------------

Path Group                                                         From Clock                                                         To Clock                                                               WNS(ns)      TNS(ns)  TNS Failing Endpoints  TNS Total Endpoints      WHS(ns)      THS(ns)  THS Failing Endpoints  THS Total Endpoints  
----------                                                         ----------                                                         --------                                                               -------      -------  ---------------------  -------------------      -------      -------  ---------------------  -------------------  
**async_default**                                                  clk                                                                clk                                                                      2.607        0.000                      0                   91        0.292        0.000                      0                   91  
**async_default**                                                  dbg_hub/inst/N_EXT_BSCAN.bscan_inst/SERIES7_BSCAN.bscan_inst/DRCK  dbg_hub/inst/N_EXT_BSCAN.bscan_inst/SERIES7_BSCAN.bscan_inst/DRCK       27.338        0.000                      0                  102        0.262        0.000                      0                  102  


------------------------------------------------------------------------------------------------
| Timing Details
| --------------
------------------------------------------------------------------------------------------------


---------------------------------------------------------------------------------------------------
From Clock:  CLK_N
  To Clock:  CLK_N

Setup :           NA  Failing Endpoints,  Worst Slack           NA  ,  Total Violation           NA
Hold  :           NA  Failing Endpoints,  Worst Slack           NA  ,  Total Violation           NA
PW    :            0  Failing Endpoints,  Worst Slack        3.592ns,  Total Violation        0.000ns
---------------------------------------------------------------------------------------------------


Pulse Width Checks
--------------------------------------------------------------------------------------
Clock Name:         CLK_N
Waveform(ns):       { 0.000 2.500 }
Period(ns):         5.000
Sources:            { CLK_N }

Check Type  Corner  Lib Pin  Reference Pin  Required(ns)  Actual(ns)  Slack(ns)  Location       Pin
Min Period  n/a     BUFG/I   n/a            1.409         5.000       3.592      BUFGCTRL_X0Y0  U_BUFG/I



---------------------------------------------------------------------------------------------------
From Clock:  CLK_P
  To Clock:  CLK_P

Setup :           NA  Failing Endpoints,  Worst Slack           NA  ,  Total Violation           NA
Hold  :           NA  Failing Endpoints,  Worst Slack           NA  ,  Total Violation           NA
PW    :            0  Failing Endpoints,  Worst Slack        3.592ns,  Total Violation        0.000ns
---------------------------------------------------------------------------------------------------


Pulse Width Checks
--------------------------------------------------------------------------------------
Clock Name:         CLK_P
Waveform(ns):       { 0.000 2.500 }
Period(ns):         5.000
Sources:            { CLK_P }

Check Type  Corner  Lib Pin  Reference Pin  Required(ns)  Actual(ns)  Slack(ns)  Location       Pin
Min Period  n/a     BUFG/I   n/a            1.409         5.000       3.592      BUFGCTRL_X0Y0  U_BUFG/I



---------------------------------------------------------------------------------------------------
From Clock:  clk
  To Clock:  clk

Setup :            0  Failing Endpoints,  Worst Slack        0.778ns,  Total Violation        0.000ns
Hold  :            0  Failing Endpoints,  Worst Slack        0.054ns,  Total Violation        0.000ns
PW    :            0  Failing Endpoints,  Worst Slack        1.732ns,  Total Violation        0.000ns
---------------------------------------------------------------------------------------------------


Max Delay Paths
--------------------------------------------------------------------------------------
Slack (MET) :             0.778ns  (required time - arrival time)
  Source:                 u_ila_0/inst/ila_core_inst/u_ila_regs/U_XSDB_SLAVE/G_1PIPE_IFACE.s_dwe_r_reg/C
                            (rising edge-triggered cell FDRE clocked by clk  {rise@0.000ns fall@2.500ns period=5.000ns})
  Destination:            u_ila_0/inst/ila_core_inst/u_ila_regs/TC_SRL[20].tc_srl_reg/current_state_reg[3]/D
                            (rising edge-triggered cell FDRE clocked by clk  {rise@0.000ns fall@2.500ns period=5.000ns})
  Path Group:             clk
  Path Type:              Setup (Max at Slow Process Corner)
  Requirement:            5.000ns  (clk rise@5.000ns - clk rise@0.000ns)
  Data Path Delay:        4.189ns  (logic 0.302ns (7.210%)  route 3.887ns (92.790%))
  Logic Levels:           1  (LUT6=1)
  Clock Path Skew:        -0.032ns (DCD - SCD + CPR)
    Destination Clock Delay (DCD):    1.507ns = ( 6.507 - 5.000 ) 
    Source Clock Delay      (SCD):    1.629ns
    Clock Pessimism Removal (CPR):    0.090ns
  Clock Uncertainty:      0.035ns  ((TSJ^2 + TIJ^2)^1/2 + DJ) / 2 + PE
    Total System Jitter     (TSJ):    0.071ns
    Total Input Jitter      (TIJ):    0.000ns
    Discrete Jitter          (DJ):    0.000ns
    Phase Error              (PE):    0.000ns

    Location             Delay type                Incr(ns)  Path(ns)    Netlist Resource(s)
  -------------------------------------------------------------------    -------------------
                         (clock clk rise edge)        0.000     0.000 r  
    BUFGCTRL_X0Y0        BUFG                         0.000     0.000 r  U_BUFG/O
                         net (fo=6205, routed)        1.629     1.629    u_ila_0/inst/ila_core_inst/u_ila_regs/U_XSDB_SLAVE/sl_iport_i[1]
    SLICE_X136Y73        FDRE                                         r  u_ila_0/inst/ila_core_inst/u_ila_regs/U_XSDB_SLAVE/G_1PIPE_IFACE.s_dwe_r_reg/C
  -------------------------------------------------------------------    -------------------
    SLICE_X136Y73        FDRE (Prop_fdre_C_Q)         0.259     1.888 f  u_ila_0/inst/ila_core_inst/u_ila_regs/U_XSDB_SLAVE/G_1PIPE_IFACE.s_dwe_r_reg/Q
                         net (fo=146, routed)         3.887     5.775    u_ila_0/inst/ila_core_inst/u_ila_regs/TC_SRL[20].tc_srl_reg/G_1PIPE_IFACE.s_dwe_r_reg
    SLICE_X137Y91        LUT6 (Prop_lut6_I4_O)        0.043     5.818 r  u_ila_0/inst/ila_core_inst/u_ila_regs/TC_SRL[20].tc_srl_reg/current_state[3]_i_1__49/O
                         net (fo=1, routed)           0.000     5.818    u_ila_0/inst/ila_core_inst/u_ila_regs/TC_SRL[20].tc_srl_reg/next_state[3]
    SLICE_X137Y91        FDRE                                         r  u_ila_0/inst/ila_core_inst/u_ila_regs/TC_SRL[20].tc_srl_reg/current_state_reg[3]/D
  -------------------------------------------------------------------    -------------------

                         (clock clk rise edge)        5.000     5.000 r  
    BUFGCTRL_X0Y0        BUFG                         0.000     5.000 r  U_BUFG/O
                         net (fo=6205, routed)        1.507     6.507    u_ila_0/inst/ila_core_inst/u_ila_regs/TC_SRL[20].tc_srl_reg/UNCONN_IN
    SLICE_X137Y91        FDRE                                         r  u_ila_0/inst/ila_core_inst/u_ila_regs/TC_SRL[20].tc_srl_reg/current_state_reg[3]/C
                         clock pessimism              0.090     6.597    
                         clock uncertainty           -0.035     6.562    
    SLICE_X137Y91        FDRE (Setup_fdre_C_D)        0.034     6.596    u_ila_0/inst/ila_core_inst/u_ila_regs/TC_SRL[20].tc_srl_reg/current_state_reg[3]
  -------------------------------------------------------------------
                         required time                          6.596    
                         arrival time                          -5.818    
  -------------------------------------------------------------------
                         slack                                  0.778    

Slack (MET) :             0.826ns  (required time - arrival time)
  Source:                 u_ila_0/inst/ila_core_inst/u_ila_regs/U_XSDB_SLAVE/G_1PIPE_IFACE.s_dwe_r_reg/C
                            (rising edge-triggered cell FDRE clocked by clk  {rise@0.000ns fall@2.500ns period=5.000ns})
  Destination:            u_ila_0/inst/ila_core_inst/u_ila_regs/MU_SRL[24].mu_srl_reg/current_state_reg[1]/D
                            (rising edge-triggered cell FDRE clocked by clk  {rise@0.000ns fall@2.500ns period=5.000ns})
  Path Group:             clk
  Path Type:              Setup (Max at Slow Process Corner)
  Requirement:            5.000ns  (clk rise@5.000ns - clk rise@0.000ns)
  Data Path Delay:        4.171ns  (logic 0.302ns (7.241%)  route 3.869ns (92.759%))
  Logic Levels:           1  (LUT4=1)
  Clock Path Skew:        -0.033ns (DCD - SCD + CPR)
    Destination Clock Delay (DCD):    1.506ns = ( 6.506 - 5.000 ) 
    Source Clock Delay      (SCD):    1.629ns
    Clock Pessimism Removal (CPR):    0.090ns
  Clock Uncertainty:      0.035ns  ((TSJ^2 + TIJ^2)^1/2 + DJ) / 2 + PE
    Total System Jitter     (TSJ):    0.071ns
    Total Input Jitter      (TIJ):    0.000ns
    Discrete Jitter          (DJ):    0.000ns
    Phase Error              (PE):    0.000ns

    Location             Delay type                Incr(ns)  Path(ns)    Netlist Resource(s)
  -------------------------------------------------------------------    -------------------
                         (clock clk rise edge)        0.000     0.000 r  
    BUFGCTRL_X0Y0        BUFG                         0.000     0.000 r  U_BUFG/O
                         net (fo=6205, routed)        1.629     1.629    u_ila_0/inst/ila_core_inst/u_ila_regs/U_XSDB_SLAVE/sl_iport_i[1]
    SLICE_X136Y73        FDRE                                         r  u_ila_0/inst/ila_core_inst/u_ila_regs/U_XSDB_SLAVE/G_1PIPE_IFACE.s_dwe_r_reg/C
  -------------------------------------------------------------------    -------------------
    SLICE_X136Y73        FDRE (Prop_fdre_C_Q)         0.259     1.888 r  u_ila_0/inst/ila_core_inst/u_ila_regs/U_XSDB_SLAVE/G_1PIPE_IFACE.s_dwe_r_reg/Q
                         net (fo=146, routed)         3.869     5.757    u_ila_0/inst/ila_core_inst/u_ila_regs/MU_SRL[24].mu_srl_reg/G_1PIPE_IFACE.s_dwe_r_reg
    SLICE_X132Y91        LUT4 (Prop_lut4_I1_O)        0.043     5.800 r  u_ila_0/inst/ila_core_inst/u_ila_regs/MU_SRL[24].mu_srl_reg/current_state[1]_i_1__25/O
                         net (fo=1, routed)           0.000     5.800    u_ila_0/inst/ila_core_inst/u_ila_regs/MU_SRL[24].mu_srl_reg/next_state[1]
    SLICE_X132Y91        FDRE                                         r  u_ila_0/inst/ila_core_inst/u_ila_regs/MU_SRL[24].mu_srl_reg/current_state_reg[1]/D
  -------------------------------------------------------------------    -------------------

                         (clock clk rise edge)        5.000     5.000 r  
    BUFGCTRL_X0Y0        BUFG                         0.000     5.000 r  U_BUFG/O
                         net (fo=6205, routed)        1.506     6.506    u_ila_0/inst/ila_core_inst/u_ila_regs/MU_SRL[24].mu_srl_reg/UNCONN_IN
    SLICE_X132Y91        FDRE                                         r  u_ila_0/inst/ila_core_inst/u_ila_regs/MU_SRL[24].mu_srl_reg/current_state_reg[1]/C
                         clock pessimism              0.090     6.596    
                         clock uncertainty           -0.035     6.561    
    SLICE_X132Y91        FDRE (Setup_fdre_C_D)        0.065     6.626    u_ila_0/inst/ila_core_inst/u_ila_regs/MU_SRL[24].mu_srl_reg/current_state_reg[1]
  -------------------------------------------------------------------
                         required time                          6.626    
                         arrival time                          -5.800    
  -------------------------------------------------------------------
                         slack                                  0.826    

Slack (MET) :             0.838ns  (required time - arrival time)
  Source:                 u_ila_0/inst/ila_core_inst/u_ila_regs/U_XSDB_SLAVE/G_1PIPE_IFACE.s_dwe_r_reg/C
                            (rising edge-triggered cell FDRE clocked by clk  {rise@0.000ns fall@2.500ns period=5.000ns})
  Destination:            u_ila_0/inst/ila_core_inst/u_ila_regs/TC_SRL[31].tc_srl_reg/current_state_reg[3]/D
                            (rising edge-triggered cell FDRE clocked by clk  {rise@0.000ns fall@2.500ns period=5.000ns})
  Path Group:             clk
  Path Type:              Setup (Max at Slow Process Corner)
  Requirement:            5.000ns  (clk rise@5.000ns - clk rise@0.000ns)
  Data Path Delay:        4.123ns  (logic 0.302ns (7.325%)  route 3.821ns (92.675%))
  Logic Levels:           1  (LUT6=1)
  Clock Path Skew:        -0.038ns (DCD - SCD + CPR)
    Destination Clock Delay (DCD):    1.501ns = ( 6.501 - 5.000 ) 
    Source Clock Delay      (SCD):    1.629ns
    Clock Pessimism Removal (CPR):    0.090ns
  Clock Uncertainty:      0.035ns  ((TSJ^2 + TIJ^2)^1/2 + DJ) / 2 + PE
    Total System Jitter     (TSJ):    0.071ns
    Total Input Jitter      (TIJ):    0.000ns
    Discrete Jitter          (DJ):    0.000ns
    Phase Error              (PE):    0.000ns

    Location             Delay type                Incr(ns)  Path(ns)    Netlist Resource(s)
  -------------------------------------------------------------------    -------------------
                         (clock clk rise edge)        0.000     0.000 r  
    BUFGCTRL_X0Y0        BUFG                         0.000     0.000 r  U_BUFG/O
                         net (fo=6205, routed)        1.629     1.629    u_ila_0/inst/ila_core_inst/u_ila_regs/U_XSDB_SLAVE/sl_iport_i[1]
    SLICE_X136Y73        FDRE                                         r  u_ila_0/inst/ila_core_inst/u_ila_regs/U_XSDB_SLAVE/G_1PIPE_IFACE.s_dwe_r_reg/C
  -------------------------------------------------------------------    -------------------
    SLICE_X136Y73        FDRE (Prop_fdre_C_Q)         0.259     1.888 f  u_ila_0/inst/ila_core_inst/u_ila_regs/U_XSDB_SLAVE/G_1PIPE_IFACE.s_dwe_r_reg/Q
                         net (fo=146, routed)         3.821     5.709    u_ila_0/inst/ila_core_inst/u_ila_regs/TC_SRL[31].tc_srl_reg/G_1PIPE_IFACE.s_dwe_r_reg
    SLICE_X123Y90        LUT6 (Prop_lut6_I4_O)        0.043     5.752 r  u_ila_0/inst/ila_core_inst/u_ila_regs/TC_SRL[31].tc_srl_reg/current_state[3]_i_1__60/O
                         net (fo=1, routed)           0.000     5.752    u_ila_0/inst/ila_core_inst/u_ila_regs/TC_SRL[31].tc_srl_reg/next_state[3]
    SLICE_X123Y90        FDRE                                         r  u_ila_0/inst/ila_core_inst/u_ila_regs/TC_SRL[31].tc_srl_reg/current_state_reg[3]/D
  -------------------------------------------------------------------    -------------------

                         (clock clk rise edge)        5.000     5.000 r  
    BUFGCTRL_X0Y0        BUFG                         0.000     5.000 r  U_BUFG/O
                         net (fo=6205, routed)        1.501     6.501    u_ila_0/inst/ila_core_inst/u_ila_regs/TC_SRL[31].tc_srl_reg/UNCONN_IN
    SLICE_X123Y90        FDRE                                         r  u_ila_0/inst/ila_core_inst/u_ila_regs/TC_SRL[31].tc_srl_reg/current_state_reg[3]/C
                         clock pessimism              0.090     6.591    
                         clock uncertainty           -0.035     6.556    
    SLICE_X123Y90        FDRE (Setup_fdre_C_D)        0.034     6.590    u_ila_0/inst/ila_core_inst/u_ila_regs/TC_SRL[31].tc_srl_reg/current_state_reg[3]
  -------------------------------------------------------------------
                         required time                          6.590    
                         arrival time                          -5.752    
  -------------------------------------------------------------------
                         slack                                  0.838    

Slack (MET) :             0.878ns  (required time - arrival time)
  Source:                 u_ila_0/inst/ila_core_inst/u_trig/U_TM/N_DDR_MODE.G_NMU[7].U_M/yes_output_reg.dout_reg_reg/C
                            (rising edge-triggered cell FDRE clocked by clk  {rise@0.000ns fall@2.500ns period=5.000ns})
  Destination:            u_ila_0/inst/ila_core_inst/u_trig/N_DDR_TC.N_DDR_TC_INST[7].U_TC/allx_typeA_match_detection.ltlib_v1_0_0_allx_typeA_inst/DUT/I_WHOLE_SLICE.G_SLICE_IDX[3].U_ALL_SRL_SLICE/I_IS_TERMINATION_SLICE_W_OUTPUT_REG.DOUT_O_reg/D
                            (rising edge-triggered cell FDRE clocked by clk  {rise@0.000ns fall@2.500ns period=5.000ns})
  Path Group:             clk
  Path Type:              Setup (Max at Slow Process Corner)
  Requirement:            5.000ns  (clk rise@5.000ns - clk rise@0.000ns)
  Data Path Delay:        3.716ns  (logic 0.701ns (18.865%)  route 3.015ns (81.135%))
  Logic Levels:           5  (CARRY4=4 SRLC32E=1)
  Clock Path Skew:        -0.333ns (DCD - SCD + CPR)
    Destination Clock Delay (DCD):    1.284ns = ( 6.284 - 5.000 ) 
    Source Clock Delay      (SCD):    1.632ns
    Clock Pessimism Removal (CPR):    0.015ns
  Clock Uncertainty:      0.035ns  ((TSJ^2 + TIJ^2)^1/2 + DJ) / 2 + PE
    Total System Jitter     (TSJ):    0.071ns
    Total Input Jitter      (TIJ):    0.000ns
    Discrete Jitter          (DJ):    0.000ns
    Phase Error              (PE):    0.000ns

    Location             Delay type                Incr(ns)  Path(ns)    Netlist Resource(s)
  -------------------------------------------------------------------    -------------------
                         (clock clk rise edge)        0.000     0.000 r  
    BUFGCTRL_X0Y0        BUFG                         0.000     0.000 r  U_BUFG/O
                         net (fo=6205, routed)        1.632     1.632    u_ila_0/inst/ila_core_inst/u_trig/U_TM/N_DDR_MODE.G_NMU[7].U_M/clk
    SLICE_X126Y66        FDRE                                         r  u_ila_0/inst/ila_core_inst/u_trig/U_TM/N_DDR_MODE.G_NMU[7].U_M/yes_output_reg.dout_reg_reg/C
  -------------------------------------------------------------------    -------------------
    SLICE_X126Y66        FDRE (Prop_fdre_C_Q)         0.236     1.868 r  u_ila_0/inst/ila_core_inst/u_trig/U_TM/N_DDR_MODE.G_NMU[7].U_M/yes_output_reg.dout_reg_reg/Q
                         net (fo=67, routed)          3.014     4.882    u_ila_0/inst/ila_core_inst/u_trig/N_DDR_TC.N_DDR_TC_INST[7].U_TC/allx_typeA_match_detection.ltlib_v1_0_0_allx_typeA_inst/DUT/I_WHOLE_SLICE.G_SLICE_IDX[0].U_ALL_SRL_SLICE/u_srlD/I2
    SLICE_X108Y98        SRLC32E (Prop_srlc32e_A[2]_Q)
                                                      0.123     5.005 r  u_ila_0/inst/ila_core_inst/u_trig/N_DDR_TC.N_DDR_TC_INST[7].U_TC/allx_typeA_match_detection.ltlib_v1_0_0_allx_typeA_inst/DUT/I_WHOLE_SLICE.G_SLICE_IDX[0].U_ALL_SRL_SLICE/u_srlD/S1/Q
                         net (fo=1, routed)           0.000     5.005    u_ila_0/inst/ila_core_inst/u_trig/N_DDR_TC.N_DDR_TC_INST[7].U_TC/allx_typeA_match_detection.ltlib_v1_0_0_allx_typeA_inst/DUT/I_WHOLE_SLICE.G_SLICE_IDX[0].U_ALL_SRL_SLICE/sel[3]
    SLICE_X108Y98        CARRY4 (Prop_carry4_S[3]_CO[3])
                                                      0.180     5.185 r  u_ila_0/inst/ila_core_inst/u_trig/N_DDR_TC.N_DDR_TC_INST[7].U_TC/allx_typeA_match_detection.ltlib_v1_0_0_allx_typeA_inst/DUT/I_WHOLE_SLICE.G_SLICE_IDX[0].U_ALL_SRL_SLICE/u_carry4_inst/CO[3]
                         net (fo=1, routed)           0.000     5.185    u_ila_0/inst/ila_core_inst/u_trig/N_DDR_TC.N_DDR_TC_INST[7].U_TC/allx_typeA_match_detection.ltlib_v1_0_0_allx_typeA_inst/DUT/I_WHOLE_SLICE.G_SLICE_IDX[1].U_ALL_SRL_SLICE/CI_I
    SLICE_X108Y99        CARRY4 (Prop_carry4_CI_CO[3])
                                                      0.054     5.239 r  u_ila_0/inst/ila_core_inst/u_trig/N_DDR_TC.N_DDR_TC_INST[7].U_TC/allx_typeA_match_detection.ltlib_v1_0_0_allx_typeA_inst/DUT/I_WHOLE_SLICE.G_SLICE_IDX[1].U_ALL_SRL_SLICE/u_carry4_inst/CO[3]
                         net (fo=1, routed)           0.001     5.240    u_ila_0/inst/ila_core_inst/u_trig/N_DDR_TC.N_DDR_TC_INST[7].U_TC/allx_typeA_match_detection.ltlib_v1_0_0_allx_typeA_inst/DUT/I_WHOLE_SLICE.G_SLICE_IDX[2].U_ALL_SRL_SLICE/CI_I
    SLICE_X108Y100       CARRY4 (Prop_carry4_CI_CO[3])
                                                      0.054     5.294 r  u_ila_0/inst/ila_core_inst/u_trig/N_DDR_TC.N_DDR_TC_INST[7].U_TC/allx_typeA_match_detection.ltlib_v1_0_0_allx_typeA_inst/DUT/I_WHOLE_SLICE.G_SLICE_IDX[2].U_ALL_SRL_SLICE/u_carry4_inst/CO[3]
                         net (fo=1, routed)           0.000     5.294    u_ila_0/inst/ila_core_inst/u_trig/N_DDR_TC.N_DDR_TC_INST[7].U_TC/allx_typeA_match_detection.ltlib_v1_0_0_allx_typeA_inst/DUT/I_WHOLE_SLICE.G_SLICE_IDX[3].U_ALL_SRL_SLICE/all_carry_3
    SLICE_X108Y101       CARRY4 (Prop_carry4_CI_CO[3])
                                                      0.054     5.348 r  u_ila_0/inst/ila_core_inst/u_trig/N_DDR_TC.N_DDR_TC_INST[7].U_TC/allx_typeA_match_detection.ltlib_v1_0_0_allx_typeA_inst/DUT/I_WHOLE_SLICE.G_SLICE_IDX[3].U_ALL_SRL_SLICE/u_carry4_inst/CO[3]
                         net (fo=1, routed)           0.000     5.348    u_ila_0/inst/ila_core_inst/u_trig/N_DDR_TC.N_DDR_TC_INST[7].U_TC/allx_typeA_match_detection.ltlib_v1_0_0_allx_typeA_inst/DUT/I_WHOLE_SLICE.G_SLICE_IDX[3].U_ALL_SRL_SLICE/muxcy_lo[3]
    SLICE_X108Y101       FDRE                                         r  u_ila_0/inst/ila_core_inst/u_trig/N_DDR_TC.N_DDR_TC_INST[7].U_TC/allx_typeA_match_detection.ltlib_v1_0_0_allx_typeA_inst/DUT/I_WHOLE_SLICE.G_SLICE_IDX[3].U_ALL_SRL_SLICE/I_IS_TERMINATION_SLICE_W_OUTPUT_REG.DOUT_O_reg/D
  -------------------------------------------------------------------    -------------------

                         (clock clk rise edge)        5.000     5.000 r  
    BUFGCTRL_X0Y0        BUFG                         0.000     5.000 r  U_BUFG/O
                         net (fo=6205, routed)        1.284     6.284    u_ila_0/inst/ila_core_inst/u_trig/N_DDR_TC.N_DDR_TC_INST[7].U_TC/allx_typeA_match_detection.ltlib_v1_0_0_allx_typeA_inst/DUT/I_WHOLE_SLICE.G_SLICE_IDX[3].U_ALL_SRL_SLICE/clk
    SLICE_X108Y101       FDRE                                         r  u_ila_0/inst/ila_core_inst/u_trig/N_DDR_TC.N_DDR_TC_INST[7].U_TC/allx_typeA_match_detection.ltlib_v1_0_0_allx_typeA_inst/DUT/I_WHOLE_SLICE.G_SLICE_IDX[3].U_ALL_SRL_SLICE/I_IS_TERMINATION_SLICE_W_OUTPUT_REG.DOUT_O_reg/C
                         clock pessimism              0.015     6.299    
                         clock uncertainty           -0.035     6.264    
    SLICE_X108Y101       FDRE (Setup_fdre_C_D)       -0.038     6.226    u_ila_0/inst/ila_core_inst/u_trig/N_DDR_TC.N_DDR_TC_INST[7].U_TC/allx_typeA_match_detection.ltlib_v1_0_0_allx_typeA_inst/DUT/I_WHOLE_SLICE.G_SLICE_IDX[3].U_ALL_SRL_SLICE/I_IS_TERMINATION_SLICE_W_OUTPUT_REG.DOUT_O_reg
  -------------------------------------------------------------------
                         required time                          6.226    
                         arrival time                          -5.348    
  -------------------------------------------------------------------
                         slack                                  0.878    

Slack (MET) :             0.913ns  (required time - arrival time)
  Source:                 u_ila_0/inst/ila_core_inst/u_trig/U_TM/N_DDR_MODE.G_NMU[23].U_M/yes_output_reg.dout_reg_reg/C
                            (rising edge-triggered cell FDRE clocked by clk  {rise@0.000ns fall@2.500ns period=5.000ns})
  Destination:            u_ila_0/inst/ila_core_inst/u_trig/N_DDR_TC.N_DDR_TC_INST[22].U_TC/allx_typeA_match_detection.ltlib_v1_0_0_allx_typeA_inst/DUT/I_WHOLE_SLICE.G_SLICE_IDX[3].U_ALL_SRL_SLICE/I_IS_TERMINATION_SLICE_W_OUTPUT_REG.DOUT_O_reg/D
                            (rising edge-triggered cell FDRE clocked by clk  {rise@0.000ns fall@2.500ns period=5.000ns})
  Path Group:             clk
  Path Type:              Setup (Max at Slow Process Corner)
  Requirement:            5.000ns  (clk rise@5.000ns - clk rise@0.000ns)
  Data Path Delay:        3.680ns  (logic 0.593ns (16.115%)  route 3.087ns (83.885%))
  Logic Levels:           3  (CARRY4=2 SRLC32E=1)
  Clock Path Skew:        -0.334ns (DCD - SCD + CPR)
    Destination Clock Delay (DCD):    1.285ns = ( 6.285 - 5.000 ) 
    Source Clock Delay      (SCD):    1.634ns
    Clock Pessimism Removal (CPR):    0.015ns
  Clock Uncertainty:      0.035ns  ((TSJ^2 + TIJ^2)^1/2 + DJ) / 2 + PE
    Total System Jitter     (TSJ):    0.071ns
    Total Input Jitter      (TIJ):    0.000ns
    Discrete Jitter          (DJ):    0.000ns
    Phase Error              (PE):    0.000ns

    Location             Delay type                Incr(ns)  Path(ns)    Netlist Resource(s)
  -------------------------------------------------------------------    -------------------
                         (clock clk rise edge)        0.000     0.000 r  
    BUFGCTRL_X0Y0        BUFG                         0.000     0.000 r  U_BUFG/O
                         net (fo=6205, routed)        1.634     1.634    u_ila_0/inst/ila_core_inst/u_trig/U_TM/N_DDR_MODE.G_NMU[23].U_M/clk
    SLICE_X142Y70        FDRE                                         r  u_ila_0/inst/ila_core_inst/u_trig/U_TM/N_DDR_MODE.G_NMU[23].U_M/yes_output_reg.dout_reg_reg/C
  -------------------------------------------------------------------    -------------------
    SLICE_X142Y70        FDRE (Prop_fdre_C_Q)         0.236     1.870 r  u_ila_0/inst/ila_core_inst/u_trig/U_TM/N_DDR_MODE.G_NMU[23].U_M/yes_output_reg.dout_reg_reg/Q
                         net (fo=67, routed)          3.087     4.957    u_ila_0/inst/ila_core_inst/u_trig/N_DDR_TC.N_DDR_TC_INST[22].U_TC/allx_typeA_match_detection.ltlib_v1_0_0_allx_typeA_inst/DUT/I_WHOLE_SLICE.G_SLICE_IDX[2].U_ALL_SRL_SLICE/u_srlD/I2
    SLICE_X116Y100       SRLC32E (Prop_srlc32e_A[2]_Q)
                                                      0.123     5.080 r  u_ila_0/inst/ila_core_inst/u_trig/N_DDR_TC.N_DDR_TC_INST[22].U_TC/allx_typeA_match_detection.ltlib_v1_0_0_allx_typeA_inst/DUT/I_WHOLE_SLICE.G_SLICE_IDX[2].U_ALL_SRL_SLICE/u_srlD/S1/Q
                         net (fo=1, routed)           0.000     5.080    u_ila_0/inst/ila_core_inst/u_trig/N_DDR_TC.N_DDR_TC_INST[22].U_TC/allx_typeA_match_detection.ltlib_v1_0_0_allx_typeA_inst/DUT/I_WHOLE_SLICE.G_SLICE_IDX[2].U_ALL_SRL_SLICE/sel[3]
    SLICE_X116Y100       CARRY4 (Prop_carry4_S[3]_CO[3])
                                                      0.180     5.260 r  u_ila_0/inst/ila_core_inst/u_trig/N_DDR_TC.N_DDR_TC_INST[22].U_TC/allx_typeA_match_detection.ltlib_v1_0_0_allx_typeA_inst/DUT/I_WHOLE_SLICE.G_SLICE_IDX[2].U_ALL_SRL_SLICE/u_carry4_inst/CO[3]
                         net (fo=1, routed)           0.000     5.260    u_ila_0/inst/ila_core_inst/u_trig/N_DDR_TC.N_DDR_TC_INST[22].U_TC/allx_typeA_match_detection.ltlib_v1_0_0_allx_typeA_inst/DUT/I_WHOLE_SLICE.G_SLICE_IDX[3].U_ALL_SRL_SLICE/all_carry_3
    SLICE_X116Y101       CARRY4 (Prop_carry4_CI_CO[3])
                                                      0.054     5.314 r  u_ila_0/inst/ila_core_inst/u_trig/N_DDR_TC.N_DDR_TC_INST[22].U_TC/allx_typeA_match_detection.ltlib_v1_0_0_allx_typeA_inst/DUT/I_WHOLE_SLICE.G_SLICE_IDX[3].U_ALL_SRL_SLICE/u_carry4_inst/CO[3]
                         net (fo=1, routed)           0.000     5.314    u_ila_0/inst/ila_core_inst/u_trig/N_DDR_TC.N_DDR_TC_INST[22].U_TC/allx_typeA_match_detection.ltlib_v1_0_0_allx_typeA_inst/DUT/I_WHOLE_SLICE.G_SLICE_IDX[3].U_ALL_SRL_SLICE/muxcy_lo[3]
    SLICE_X116Y101       FDRE                                         r  u_ila_0/inst/ila_core_inst/u_trig/N_DDR_TC.N_DDR_TC_INST[22].U_TC/allx_typeA_match_detection.ltlib_v1_0_0_allx_typeA_inst/DUT/I_WHOLE_SLICE.G_SLICE_IDX[3].U_ALL_SRL_SLICE/I_IS_TERMINATION_SLICE_W_OUTPUT_REG.DOUT_O_reg/D
  -------------------------------------------------------------------    -------------------

                         (clock clk rise edge)        5.000     5.000 r  
    BUFGCTRL_X0Y0        BUFG                         0.000     5.000 r  U_BUFG/O
                         net (fo=6205, routed)        1.285     6.285    u_ila_0/inst/ila_core_inst/u_trig/N_DDR_TC.N_DDR_TC_INST[22].U_TC/allx_typeA_match_detection.ltlib_v1_0_0_allx_typeA_inst/DUT/I_WHOLE_SLICE.G_SLICE_IDX[3].U_ALL_SRL_SLICE/clk
    SLICE_X116Y101       FDRE                                         r  u_ila_0/inst/ila_core_inst/u_trig/N_DDR_TC.N_DDR_TC_INST[22].U_TC/allx_typeA_match_detection.ltlib_v1_0_0_allx_typeA_inst/DUT/I_WHOLE_SLICE.G_SLICE_IDX[3].U_ALL_SRL_SLICE/I_IS_TERMINATION_SLICE_W_OUTPUT_REG.DOUT_O_reg/C
                         clock pessimism              0.015     6.300    
                         clock uncertainty           -0.035     6.265    
    SLICE_X116Y101       FDRE (Setup_fdre_C_D)       -0.038     6.227    u_ila_0/inst/ila_core_inst/u_trig/N_DDR_TC.N_DDR_TC_INST[22].U_TC/allx_typeA_match_detection.ltlib_v1_0_0_allx_typeA_inst/DUT/I_WHOLE_SLICE.G_SLICE_IDX[3].U_ALL_SRL_SLICE/I_IS_TERMINATION_SLICE_W_OUTPUT_REG.DOUT_O_reg
  -------------------------------------------------------------------
                         required time                          6.227    
                         arrival time                          -5.314    
  -------------------------------------------------------------------
                         slack                                  0.913    

Slack (MET) :             0.923ns  (required time - arrival time)
  Source:                 u_ila_0/inst/ila_core_inst/u_ila_regs/U_XSDB_SLAVE/G_1PIPE_IFACE.s_dwe_r_reg/C
                            (rising edge-triggered cell FDRE clocked by clk  {rise@0.000ns fall@2.500ns period=5.000ns})
  Destination:            u_ila_0/inst/ila_core_inst/u_ila_regs/TC_SRL[5].tc_srl_reg/current_state_reg[1]/D
                            (rising edge-triggered cell FDRE clocked by clk  {rise@0.000ns fall@2.500ns period=5.000ns})
  Path Group:             clk
  Path Type:              Setup (Max at Slow Process Corner)
  Requirement:            5.000ns  (clk rise@5.000ns - clk rise@0.000ns)
  Data Path Delay:        4.076ns  (logic 0.302ns (7.409%)  route 3.774ns (92.591%))
  Logic Levels:           1  (LUT4=1)
  Clock Path Skew:        -0.030ns (DCD - SCD + CPR)
    Destination Clock Delay (DCD):    1.509ns = ( 6.509 - 5.000 ) 
    Source Clock Delay      (SCD):    1.629ns
    Clock Pessimism Removal (CPR):    0.090ns
  Clock Uncertainty:      0.035ns  ((TSJ^2 + TIJ^2)^1/2 + DJ) / 2 + PE
    Total System Jitter     (TSJ):    0.071ns
    Total Input Jitter      (TIJ):    0.000ns
    Discrete Jitter          (DJ):    0.000ns
    Phase Error              (PE):    0.000ns

    Location             Delay type                Incr(ns)  Path(ns)    Netlist Resource(s)
  -------------------------------------------------------------------    -------------------
                         (clock clk rise edge)        0.000     0.000 r  
    BUFGCTRL_X0Y0        BUFG                         0.000     0.000 r  U_BUFG/O
                         net (fo=6205, routed)        1.629     1.629    u_ila_0/inst/ila_core_inst/u_ila_regs/U_XSDB_SLAVE/sl_iport_i[1]
    SLICE_X136Y73        FDRE                                         r  u_ila_0/inst/ila_core_inst/u_ila_regs/U_XSDB_SLAVE/G_1PIPE_IFACE.s_dwe_r_reg/C
  -------------------------------------------------------------------    -------------------
    SLICE_X136Y73        FDRE (Prop_fdre_C_Q)         0.259     1.888 r  u_ila_0/inst/ila_core_inst/u_ila_regs/U_XSDB_SLAVE/G_1PIPE_IFACE.s_dwe_r_reg/Q
                         net (fo=146, routed)         3.774     5.662    u_ila_0/inst/ila_core_inst/u_ila_regs/TC_SRL[5].tc_srl_reg/G_1PIPE_IFACE.s_dwe_r_reg
    SLICE_X134Y94        LUT4 (Prop_lut4_I1_O)        0.043     5.705 r  u_ila_0/inst/ila_core_inst/u_ila_regs/TC_SRL[5].tc_srl_reg/current_state[1]_i_1__34/O
                         net (fo=1, routed)           0.000     5.705    u_ila_0/inst/ila_core_inst/u_ila_regs/TC_SRL[5].tc_srl_reg/next_state[1]
    SLICE_X134Y94        FDRE                                         r  u_ila_0/inst/ila_core_inst/u_ila_regs/TC_SRL[5].tc_srl_reg/current_state_reg[1]/D
  -------------------------------------------------------------------    -------------------

                         (clock clk rise edge)        5.000     5.000 r  
    BUFGCTRL_X0Y0        BUFG                         0.000     5.000 r  U_BUFG/O
                         net (fo=6205, routed)        1.509     6.509    u_ila_0/inst/ila_core_inst/u_ila_regs/TC_SRL[5].tc_srl_reg/UNCONN_IN
    SLICE_X134Y94        FDRE                                         r  u_ila_0/inst/ila_core_inst/u_ila_regs/TC_SRL[5].tc_srl_reg/current_state_reg[1]/C
                         clock pessimism              0.090     6.599    
                         clock uncertainty           -0.035     6.564    
    SLICE_X134Y94        FDRE (Setup_fdre_C_D)        0.065     6.629    u_ila_0/inst/ila_core_inst/u_ila_regs/TC_SRL[5].tc_srl_reg/current_state_reg[1]
  -------------------------------------------------------------------
                         required time                          6.629    
                         arrival time                          -5.705    
  -------------------------------------------------------------------
                         slack                                  0.923    

Slack (MET) :             0.932ns  (required time - arrival time)
  Source:                 u_ila_0/inst/ila_core_inst/u_ila_regs/U_XSDB_SLAVE/G_1PIPE_IFACE.s_di_r_reg[10]/C
                            (rising edge-triggered cell FDRE clocked by clk  {rise@0.000ns fall@2.500ns period=5.000ns})
  Destination:            u_ila_0/inst/ila_core_inst/u_ila_regs/TC_SRL[10].tc_srl_reg/shadow_reg[10]/D
                            (rising edge-triggered cell FDRE clocked by clk  {rise@0.000ns fall@2.500ns period=5.000ns})
  Path Group:             clk
  Path Type:              Setup (Max at Slow Process Corner)
  Requirement:            5.000ns  (clk rise@5.000ns - clk rise@0.000ns)
  Data Path Delay:        4.087ns  (logic 0.362ns (8.857%)  route 3.725ns (91.143%))
  Logic Levels:           1  (LUT5=1)
  Clock Path Skew:        0.021ns (DCD - SCD + CPR)
    Destination Clock Delay (DCD):    1.505ns = ( 6.505 - 5.000 ) 
    Source Clock Delay      (SCD):    1.574ns
    Clock Pessimism Removal (CPR):    0.090ns
  Clock Uncertainty:      0.035ns  ((TSJ^2 + TIJ^2)^1/2 + DJ) / 2 + PE
    Total System Jitter     (TSJ):    0.071ns
    Total Input Jitter      (TIJ):    0.000ns
    Discrete Jitter          (DJ):    0.000ns
    Phase Error              (PE):    0.000ns

    Location             Delay type                Incr(ns)  Path(ns)    Netlist Resource(s)
  -------------------------------------------------------------------    -------------------
                         (clock clk rise edge)        0.000     0.000 r  
    BUFGCTRL_X0Y0        BUFG                         0.000     0.000 r  U_BUFG/O
                         net (fo=6205, routed)        1.574     1.574    u_ila_0/inst/ila_core_inst/u_ila_regs/U_XSDB_SLAVE/sl_iport_i[1]
    SLICE_X118Y76        FDRE                                         r  u_ila_0/inst/ila_core_inst/u_ila_regs/U_XSDB_SLAVE/G_1PIPE_IFACE.s_di_r_reg[10]/C
  -------------------------------------------------------------------    -------------------
    SLICE_X118Y76        FDRE (Prop_fdre_C_Q)         0.236     1.810 r  u_ila_0/inst/ila_core_inst/u_ila_regs/U_XSDB_SLAVE/G_1PIPE_IFACE.s_di_r_reg[10]/Q
                         net (fo=82, routed)          3.725     5.535    u_ila_0/inst/ila_core_inst/u_ila_regs/TC_SRL[10].tc_srl_reg/s_di_o[10]
    SLICE_X131Y96        LUT5 (Prop_lut5_I0_O)        0.126     5.661 r  u_ila_0/inst/ila_core_inst/u_ila_regs/TC_SRL[10].tc_srl_reg/shadow[10]_i_1__39/O
                         net (fo=1, routed)           0.000     5.661    u_ila_0/inst/ila_core_inst/u_ila_regs/TC_SRL[10].tc_srl_reg/shadow[10]_i_1__39_n_0
    SLICE_X131Y96        FDRE                                         r  u_ila_0/inst/ila_core_inst/u_ila_regs/TC_SRL[10].tc_srl_reg/shadow_reg[10]/D
  -------------------------------------------------------------------    -------------------

                         (clock clk rise edge)        5.000     5.000 r  
    BUFGCTRL_X0Y0        BUFG                         0.000     5.000 r  U_BUFG/O
                         net (fo=6205, routed)        1.505     6.505    u_ila_0/inst/ila_core_inst/u_ila_regs/TC_SRL[10].tc_srl_reg/UNCONN_IN
    SLICE_X131Y96        FDRE                                         r  u_ila_0/inst/ila_core_inst/u_ila_regs/TC_SRL[10].tc_srl_reg/shadow_reg[10]/C
                         clock pessimism              0.090     6.595    
                         clock uncertainty           -0.035     6.560    
    SLICE_X131Y96        FDRE (Setup_fdre_C_D)        0.034     6.594    u_ila_0/inst/ila_core_inst/u_ila_regs/TC_SRL[10].tc_srl_reg/shadow_reg[10]
  -------------------------------------------------------------------
                         required time                          6.594    
                         arrival time                          -5.661    
  -------------------------------------------------------------------
                         slack                                  0.932    

Slack (MET) :             0.938ns  (required time - arrival time)
  Source:                 u_ila_0/inst/ila_core_inst/u_ila_regs/U_XSDB_SLAVE/G_1PIPE_IFACE.s_di_r_reg[10]/C
                            (rising edge-triggered cell FDRE clocked by clk  {rise@0.000ns fall@2.500ns period=5.000ns})
  Destination:            u_ila_0/inst/ila_core_inst/u_ila_regs/TC_SRL[15].tc_srl_reg/shadow_reg[10]/D
                            (rising edge-triggered cell FDRE clocked by clk  {rise@0.000ns fall@2.500ns period=5.000ns})
  Path Group:             clk
  Path Type:              Setup (Max at Slow Process Corner)
  Requirement:            5.000ns  (clk rise@5.000ns - clk rise@0.000ns)
  Data Path Delay:        4.082ns  (logic 0.362ns (8.869%)  route 3.720ns (91.131%))
  Logic Levels:           1  (LUT5=1)
  Clock Path Skew:        0.021ns (DCD - SCD + CPR)
    Destination Clock Delay (DCD):    1.505ns = ( 6.505 - 5.000 ) 
    Source Clock Delay      (SCD):    1.574ns
    Clock Pessimism Removal (CPR):    0.090ns
  Clock Uncertainty:      0.035ns  ((TSJ^2 + TIJ^2)^1/2 + DJ) / 2 + PE
    Total System Jitter     (TSJ):    0.071ns
    Total Input Jitter      (TIJ):    0.000ns
    Discrete Jitter          (DJ):    0.000ns
    Phase Error              (PE):    0.000ns

    Location             Delay type                Incr(ns)  Path(ns)    Netlist Resource(s)
  -------------------------------------------------------------------    -------------------
                         (clock clk rise edge)        0.000     0.000 r  
    BUFGCTRL_X0Y0        BUFG                         0.000     0.000 r  U_BUFG/O
                         net (fo=6205, routed)        1.574     1.574    u_ila_0/inst/ila_core_inst/u_ila_regs/U_XSDB_SLAVE/sl_iport_i[1]
    SLICE_X118Y76        FDRE                                         r  u_ila_0/inst/ila_core_inst/u_ila_regs/U_XSDB_SLAVE/G_1PIPE_IFACE.s_di_r_reg[10]/C
  -------------------------------------------------------------------    -------------------
    SLICE_X118Y76        FDRE (Prop_fdre_C_Q)         0.236     1.810 r  u_ila_0/inst/ila_core_inst/u_ila_regs/U_XSDB_SLAVE/G_1PIPE_IFACE.s_di_r_reg[10]/Q
                         net (fo=82, routed)          3.720     5.530    u_ila_0/inst/ila_core_inst/u_ila_regs/TC_SRL[15].tc_srl_reg/s_di_o[10]
    SLICE_X128Y96        LUT5 (Prop_lut5_I0_O)        0.126     5.656 r  u_ila_0/inst/ila_core_inst/u_ila_regs/TC_SRL[15].tc_srl_reg/shadow[10]_i_1__44/O
                         net (fo=1, routed)           0.000     5.656    u_ila_0/inst/ila_core_inst/u_ila_regs/TC_SRL[15].tc_srl_reg/shadow[10]_i_1__44_n_0
    SLICE_X128Y96        FDRE                                         r  u_ila_0/inst/ila_core_inst/u_ila_regs/TC_SRL[15].tc_srl_reg/shadow_reg[10]/D
  -------------------------------------------------------------------    -------------------

                         (clock clk rise edge)        5.000     5.000 r  
    BUFGCTRL_X0Y0        BUFG                         0.000     5.000 r  U_BUFG/O
                         net (fo=6205, routed)        1.505     6.505    u_ila_0/inst/ila_core_inst/u_ila_regs/TC_SRL[15].tc_srl_reg/UNCONN_IN
    SLICE_X128Y96        FDRE                                         r  u_ila_0/inst/ila_core_inst/u_ila_regs/TC_SRL[15].tc_srl_reg/shadow_reg[10]/C
                         clock pessimism              0.090     6.595    
                         clock uncertainty           -0.035     6.560    
    SLICE_X128Y96        FDRE (Setup_fdre_C_D)        0.034     6.594    u_ila_0/inst/ila_core_inst/u_ila_regs/TC_SRL[15].tc_srl_reg/shadow_reg[10]
  -------------------------------------------------------------------
                         required time                          6.594    
                         arrival time                          -5.656    
  -------------------------------------------------------------------
                         slack                                  0.938    

Slack (MET) :             0.938ns  (required time - arrival time)
  Source:                 u_ila_0/inst/ila_core_inst/u_ila_regs/U_XSDB_SLAVE/G_1PIPE_IFACE.s_dwe_r_reg/C
                            (rising edge-triggered cell FDRE clocked by clk  {rise@0.000ns fall@2.500ns period=5.000ns})
  Destination:            u_ila_0/inst/ila_core_inst/u_ila_regs/TC_SRL[6].tc_srl_reg/current_state_reg[1]/D
                            (rising edge-triggered cell FDRE clocked by clk  {rise@0.000ns fall@2.500ns period=5.000ns})
  Path Group:             clk
  Path Type:              Setup (Max at Slow Process Corner)
  Requirement:            5.000ns  (clk rise@5.000ns - clk rise@0.000ns)
  Data Path Delay:        4.022ns  (logic 0.302ns (7.508%)  route 3.720ns (92.492%))
  Logic Levels:           1  (LUT4=1)
  Clock Path Skew:        -0.037ns (DCD - SCD + CPR)
    Destination Clock Delay (DCD):    1.502ns = ( 6.502 - 5.000 ) 
    Source Clock Delay      (SCD):    1.629ns
    Clock Pessimism Removal (CPR):    0.090ns
  Clock Uncertainty:      0.035ns  ((TSJ^2 + TIJ^2)^1/2 + DJ) / 2 + PE
    Total System Jitter     (TSJ):    0.071ns
    Total Input Jitter      (TIJ):    0.000ns
    Discrete Jitter          (DJ):    0.000ns
    Phase Error              (PE):    0.000ns

    Location             Delay type                Incr(ns)  Path(ns)    Netlist Resource(s)
  -------------------------------------------------------------------    -------------------
                         (clock clk rise edge)        0.000     0.000 r  
    BUFGCTRL_X0Y0        BUFG                         0.000     0.000 r  U_BUFG/O
                         net (fo=6205, routed)        1.629     1.629    u_ila_0/inst/ila_core_inst/u_ila_regs/U_XSDB_SLAVE/sl_iport_i[1]
    SLICE_X136Y73        FDRE                                         r  u_ila_0/inst/ila_core_inst/u_ila_regs/U_XSDB_SLAVE/G_1PIPE_IFACE.s_dwe_r_reg/C
  -------------------------------------------------------------------    -------------------
    SLICE_X136Y73        FDRE (Prop_fdre_C_Q)         0.259     1.888 r  u_ila_0/inst/ila_core_inst/u_ila_regs/U_XSDB_SLAVE/G_1PIPE_IFACE.s_dwe_r_reg/Q
                         net (fo=146, routed)         3.720     5.608    u_ila_0/inst/ila_core_inst/u_ila_regs/TC_SRL[6].tc_srl_reg/G_1PIPE_IFACE.s_dwe_r_reg
    SLICE_X124Y91        LUT4 (Prop_lut4_I1_O)        0.043     5.651 r  u_ila_0/inst/ila_core_inst/u_ila_regs/TC_SRL[6].tc_srl_reg/current_state[1]_i_1__35/O
                         net (fo=1, routed)           0.000     5.651    u_ila_0/inst/ila_core_inst/u_ila_regs/TC_SRL[6].tc_srl_reg/next_state[1]
    SLICE_X124Y91        FDRE                                         r  u_ila_0/inst/ila_core_inst/u_ila_regs/TC_SRL[6].tc_srl_reg/current_state_reg[1]/D
  -------------------------------------------------------------------    -------------------

                         (clock clk rise edge)        5.000     5.000 r  
    BUFGCTRL_X0Y0        BUFG                         0.000     5.000 r  U_BUFG/O
                         net (fo=6205, routed)        1.502     6.502    u_ila_0/inst/ila_core_inst/u_ila_regs/TC_SRL[6].tc_srl_reg/UNCONN_IN
    SLICE_X124Y91        FDRE                                         r  u_ila_0/inst/ila_core_inst/u_ila_regs/TC_SRL[6].tc_srl_reg/current_state_reg[1]/C
                         clock pessimism              0.090     6.592    
                         clock uncertainty           -0.035     6.557    
    SLICE_X124Y91        FDRE (Setup_fdre_C_D)        0.033     6.590    u_ila_0/inst/ila_core_inst/u_ila_regs/TC_SRL[6].tc_srl_reg/current_state_reg[1]
  -------------------------------------------------------------------
                         required time                          6.590    
                         arrival time                          -5.651    
  -------------------------------------------------------------------
                         slack                                  0.938    

Slack (MET) :             0.944ns  (required time - arrival time)
  Source:                 u_ila_0/inst/ila_core_inst/u_trig/U_TM/N_DDR_MODE.G_NMU[7].U_M/yes_output_reg.dout_reg_reg/C
                            (rising edge-triggered cell FDRE clocked by clk  {rise@0.000ns fall@2.500ns period=5.000ns})
  Destination:            u_ila_0/inst/ila_core_inst/u_trig/N_DDR_TC.N_DDR_TC_INST[16].U_TC/allx_typeA_match_detection.ltlib_v1_0_0_allx_typeA_inst/DUT/I_WHOLE_SLICE.G_SLICE_IDX[3].U_ALL_SRL_SLICE/I_IS_TERMINATION_SLICE_W_OUTPUT_REG.DOUT_O_reg/D
                            (rising edge-triggered cell FDRE clocked by clk  {rise@0.000ns fall@2.500ns period=5.000ns})
  Path Group:             clk
  Path Type:              Setup (Max at Slow Process Corner)
  Requirement:            5.000ns  (clk rise@5.000ns - clk rise@0.000ns)
  Data Path Delay:        3.651ns  (logic 0.701ns (19.200%)  route 2.950ns (80.800%))
  Logic Levels:           5  (CARRY4=4 SRLC32E=1)
  Clock Path Skew:        -0.332ns (DCD - SCD + CPR)
    Destination Clock Delay (DCD):    1.285ns = ( 6.285 - 5.000 ) 
    Source Clock Delay      (SCD):    1.632ns
    Clock Pessimism Removal (CPR):    0.015ns
  Clock Uncertainty:      0.035ns  ((TSJ^2 + TIJ^2)^1/2 + DJ) / 2 + PE
    Total System Jitter     (TSJ):    0.071ns
    Total Input Jitter      (TIJ):    0.000ns
    Discrete Jitter          (DJ):    0.000ns
    Phase Error              (PE):    0.000ns

    Location             Delay type                Incr(ns)  Path(ns)    Netlist Resource(s)
  -------------------------------------------------------------------    -------------------
                         (clock clk rise edge)        0.000     0.000 r  
    BUFGCTRL_X0Y0        BUFG                         0.000     0.000 r  U_BUFG/O
                         net (fo=6205, routed)        1.632     1.632    u_ila_0/inst/ila_core_inst/u_trig/U_TM/N_DDR_MODE.G_NMU[7].U_M/clk
    SLICE_X126Y66        FDRE                                         r  u_ila_0/inst/ila_core_inst/u_trig/U_TM/N_DDR_MODE.G_NMU[7].U_M/yes_output_reg.dout_reg_reg/C
  -------------------------------------------------------------------    -------------------
    SLICE_X126Y66        FDRE (Prop_fdre_C_Q)         0.236     1.868 r  u_ila_0/inst/ila_core_inst/u_trig/U_TM/N_DDR_MODE.G_NMU[7].U_M/yes_output_reg.dout_reg_reg/Q
                         net (fo=67, routed)          2.949     4.817    u_ila_0/inst/ila_core_inst/u_trig/N_DDR_TC.N_DDR_TC_INST[16].U_TC/allx_typeA_match_detection.ltlib_v1_0_0_allx_typeA_inst/DUT/I_WHOLE_SLICE.G_SLICE_IDX[0].U_ALL_SRL_SLICE/u_srlD/I2
    SLICE_X114Y97        SRLC32E (Prop_srlc32e_A[2]_Q)
                                                      0.123     4.940 r  u_ila_0/inst/ila_core_inst/u_trig/N_DDR_TC.N_DDR_TC_INST[16].U_TC/allx_typeA_match_detection.ltlib_v1_0_0_allx_typeA_inst/DUT/I_WHOLE_SLICE.G_SLICE_IDX[0].U_ALL_SRL_SLICE/u_srlD/S1/Q
                         net (fo=1, routed)           0.000     4.940    u_ila_0/inst/ila_core_inst/u_trig/N_DDR_TC.N_DDR_TC_INST[16].U_TC/allx_typeA_match_detection.ltlib_v1_0_0_allx_typeA_inst/DUT/I_WHOLE_SLICE.G_SLICE_IDX[0].U_ALL_SRL_SLICE/sel[3]
    SLICE_X114Y97        CARRY4 (Prop_carry4_S[3]_CO[3])
                                                      0.180     5.120 r  u_ila_0/inst/ila_core_inst/u_trig/N_DDR_TC.N_DDR_TC_INST[16].U_TC/allx_typeA_match_detection.ltlib_v1_0_0_allx_typeA_inst/DUT/I_WHOLE_SLICE.G_SLICE_IDX[0].U_ALL_SRL_SLICE/u_carry4_inst/CO[3]
                         net (fo=1, routed)           0.000     5.120    u_ila_0/inst/ila_core_inst/u_trig/N_DDR_TC.N_DDR_TC_INST[16].U_TC/allx_typeA_match_detection.ltlib_v1_0_0_allx_typeA_inst/DUT/I_WHOLE_SLICE.G_SLICE_IDX[1].U_ALL_SRL_SLICE/CI_I
    SLICE_X114Y98        CARRY4 (Prop_carry4_CI_CO[3])
                                                      0.054     5.174 r  u_ila_0/inst/ila_core_inst/u_trig/N_DDR_TC.N_DDR_TC_INST[16].U_TC/allx_typeA_match_detection.ltlib_v1_0_0_allx_typeA_inst/DUT/I_WHOLE_SLICE.G_SLICE_IDX[1].U_ALL_SRL_SLICE/u_carry4_inst/CO[3]
                         net (fo=1, routed)           0.000     5.174    u_ila_0/inst/ila_core_inst/u_trig/N_DDR_TC.N_DDR_TC_INST[16].U_TC/allx_typeA_match_detection.ltlib_v1_0_0_allx_typeA_inst/DUT/I_WHOLE_SLICE.G_SLICE_IDX[2].U_ALL_SRL_SLICE/CI_I
    SLICE_X114Y99        CARRY4 (Prop_carry4_CI_CO[3])
                                                      0.054     5.228 r  u_ila_0/inst/ila_core_inst/u_trig/N_DDR_TC.N_DDR_TC_INST[16].U_TC/allx_typeA_match_detection.ltlib_v1_0_0_allx_typeA_inst/DUT/I_WHOLE_SLICE.G_SLICE_IDX[2].U_ALL_SRL_SLICE/u_carry4_inst/CO[3]
                         net (fo=1, routed)           0.001     5.229    u_ila_0/inst/ila_core_inst/u_trig/N_DDR_TC.N_DDR_TC_INST[16].U_TC/allx_typeA_match_detection.ltlib_v1_0_0_allx_typeA_inst/DUT/I_WHOLE_SLICE.G_SLICE_IDX[3].U_ALL_SRL_SLICE/all_carry_3
    SLICE_X114Y100       CARRY4 (Prop_carry4_CI_CO[3])
                                                      0.054     5.283 r  u_ila_0/inst/ila_core_inst/u_trig/N_DDR_TC.N_DDR_TC_INST[16].U_TC/allx_typeA_match_detection.ltlib_v1_0_0_allx_typeA_inst/DUT/I_WHOLE_SLICE.G_SLICE_IDX[3].U_ALL_SRL_SLICE/u_carry4_inst/CO[3]
                         net (fo=1, routed)           0.000     5.283    u_ila_0/inst/ila_core_inst/u_trig/N_DDR_TC.N_DDR_TC_INST[16].U_TC/allx_typeA_match_detection.ltlib_v1_0_0_allx_typeA_inst/DUT/I_WHOLE_SLICE.G_SLICE_IDX[3].U_ALL_SRL_SLICE/muxcy_lo[3]
    SLICE_X114Y100       FDRE                                         r  u_ila_0/inst/ila_core_inst/u_trig/N_DDR_TC.N_DDR_TC_INST[16].U_TC/allx_typeA_match_detection.ltlib_v1_0_0_allx_typeA_inst/DUT/I_WHOLE_SLICE.G_SLICE_IDX[3].U_ALL_SRL_SLICE/I_IS_TERMINATION_SLICE_W_OUTPUT_REG.DOUT_O_reg/D
  -------------------------------------------------------------------    -------------------

                         (clock clk rise edge)        5.000     5.000 r  
    BUFGCTRL_X0Y0        BUFG                         0.000     5.000 r  U_BUFG/O
                         net (fo=6205, routed)        1.285     6.285    u_ila_0/inst/ila_core_inst/u_trig/N_DDR_TC.N_DDR_TC_INST[16].U_TC/allx_typeA_match_detection.ltlib_v1_0_0_allx_typeA_inst/DUT/I_WHOLE_SLICE.G_SLICE_IDX[3].U_ALL_SRL_SLICE/clk
    SLICE_X114Y100       FDRE                                         r  u_ila_0/inst/ila_core_inst/u_trig/N_DDR_TC.N_DDR_TC_INST[16].U_TC/allx_typeA_match_detection.ltlib_v1_0_0_allx_typeA_inst/DUT/I_WHOLE_SLICE.G_SLICE_IDX[3].U_ALL_SRL_SLICE/I_IS_TERMINATION_SLICE_W_OUTPUT_REG.DOUT_O_reg/C
                         clock pessimism              0.015     6.300    
                         clock uncertainty           -0.035     6.265    
    SLICE_X114Y100       FDRE (Setup_fdre_C_D)       -0.038     6.227    u_ila_0/inst/ila_core_inst/u_trig/N_DDR_TC.N_DDR_TC_INST[16].U_TC/allx_typeA_match_detection.ltlib_v1_0_0_allx_typeA_inst/DUT/I_WHOLE_SLICE.G_SLICE_IDX[3].U_ALL_SRL_SLICE/I_IS_TERMINATION_SLICE_W_OUTPUT_REG.DOUT_O_reg
  -------------------------------------------------------------------
                         required time                          6.227    
                         arrival time                          -5.283    
  -------------------------------------------------------------------
                         slack                                  0.944    





Min Delay Paths
--------------------------------------------------------------------------------------
Slack (MET) :             0.054ns  (arrival time - required time)
  Source:                 dbg_hub/inst/CORE_XSDB.UUT_MASTER/U_XSDB_BUS_MSTR2SL_PORT_IFACE/MA_RD_DIN_O_reg[9]/C
                            (rising edge-triggered cell FDRE clocked by clk  {rise@0.000ns fall@2.500ns period=5.000ns})
  Destination:            dbg_hub/inst/CORE_XSDB.UUT_MASTER/U_ICON_INTERFACE/U_CMD6_RD/U_RD_FIFO/SUBCORE_FIFO.xsdbm_v1_1_1_rdfifo_inst/inst_fifo_gen/gconvfifo.rf/grf.rf/gntv_or_sync_fifo.mem/gdm.dm/RAM_reg_0_15_6_11/RAMB_D1/I
                            (rising edge-triggered cell RAMD32 clocked by clk  {rise@0.000ns fall@2.500ns period=5.000ns})
  Path Group:             clk
  Path Type:              Hold (Min at Fast Process Corner)
  Requirement:            0.000ns  (clk rise@0.000ns - clk rise@0.000ns)
  Data Path Delay:        0.144ns  (logic 0.091ns (63.065%)  route 0.053ns (36.935%))
  Logic Levels:           0  
  Clock Path Skew:        0.011ns (DCD - SCD - CPR)
    Destination Clock Delay (DCD):    0.900ns
    Source Clock Delay      (SCD):    0.660ns
    Clock Pessimism Removal (CPR):    0.229ns

    Location             Delay type                Incr(ns)  Path(ns)    Netlist Resource(s)
  -------------------------------------------------------------------    -------------------
                         (clock clk rise edge)        0.000     0.000 r  
    BUFGCTRL_X0Y0        BUFG                         0.000     0.000 r  U_BUFG/O
                         net (fo=6205, routed)        0.660     0.660    dbg_hub/inst/CORE_XSDB.UUT_MASTER/U_XSDB_BUS_MSTR2SL_PORT_IFACE/clk
    SLICE_X115Y61        FDRE                                         r  dbg_hub/inst/CORE_XSDB.UUT_MASTER/U_XSDB_BUS_MSTR2SL_PORT_IFACE/MA_RD_DIN_O_reg[9]/C
  -------------------------------------------------------------------    -------------------
    SLICE_X115Y61        FDRE (Prop_fdre_C_Q)         0.091     0.751 r  dbg_hub/inst/CORE_XSDB.UUT_MASTER/U_XSDB_BUS_MSTR2SL_PORT_IFACE/MA_RD_DIN_O_reg[9]/Q
                         net (fo=1, routed)           0.053     0.804    dbg_hub/inst/CORE_XSDB.UUT_MASTER/U_ICON_INTERFACE/U_CMD6_RD/U_RD_FIFO/SUBCORE_FIFO.xsdbm_v1_1_1_rdfifo_inst/inst_fifo_gen/gconvfifo.rf/grf.rf/gntv_or_sync_fifo.mem/gdm.dm/RAM_reg_0_15_6_11/DIB1
    SLICE_X114Y61        RAMD32                                       r  dbg_hub/inst/CORE_XSDB.UUT_MASTER/U_ICON_INTERFACE/U_CMD6_RD/U_RD_FIFO/SUBCORE_FIFO.xsdbm_v1_1_1_rdfifo_inst/inst_fifo_gen/gconvfifo.rf/grf.rf/gntv_or_sync_fifo.mem/gdm.dm/RAM_reg_0_15_6_11/RAMB_D1/I
  -------------------------------------------------------------------    -------------------

                         (clock clk rise edge)        0.000     0.000 r  
    BUFGCTRL_X0Y0        BUFG                         0.000     0.000 r  U_BUFG/O
                         net (fo=6205, routed)        0.900     0.900    dbg_hub/inst/CORE_XSDB.UUT_MASTER/U_ICON_INTERFACE/U_CMD6_RD/U_RD_FIFO/SUBCORE_FIFO.xsdbm_v1_1_1_rdfifo_inst/inst_fifo_gen/gconvfifo.rf/grf.rf/gntv_or_sync_fifo.mem/gdm.dm/RAM_reg_0_15_6_11/WCLK
    SLICE_X114Y61        RAMD32                                       r  dbg_hub/inst/CORE_XSDB.UUT_MASTER/U_ICON_INTERFACE/U_CMD6_RD/U_RD_FIFO/SUBCORE_FIFO.xsdbm_v1_1_1_rdfifo_inst/inst_fifo_gen/gconvfifo.rf/grf.rf/gntv_or_sync_fifo.mem/gdm.dm/RAM_reg_0_15_6_11/RAMB_D1/CLK
                         clock pessimism             -0.229     0.671    
    SLICE_X114Y61        RAMD32 (Hold_ramd32_CLK_I)
                                                      0.079     0.750    dbg_hub/inst/CORE_XSDB.UUT_MASTER/U_ICON_INTERFACE/U_CMD6_RD/U_RD_FIFO/SUBCORE_FIFO.xsdbm_v1_1_1_rdfifo_inst/inst_fifo_gen/gconvfifo.rf/grf.rf/gntv_or_sync_fifo.mem/gdm.dm/RAM_reg_0_15_6_11/RAMB_D1
  -------------------------------------------------------------------
                         required time                         -0.750    
                         arrival time                           0.804    
  -------------------------------------------------------------------
                         slack                                  0.054    

Slack (MET) :             0.081ns  (arrival time - required time)
  Source:                 u_ila_0/inst/ila_core_inst/shifted_data_in_reg[8][28]/C
                            (rising edge-triggered cell FDRE clocked by clk  {rise@0.000ns fall@2.500ns period=5.000ns})
  Destination:            u_ila_0/inst/ila_core_inst/ila_trace_memory_inst/SUBCORE_RAM_BLK_MEM_1.trace_block_memory/inst_blk_mem_gen/gnativebmg.native_blk_mem_gen/valid.cstr/ramloop[0].ram.r/prim_noinit.ram/DEVICE_7SERIES.NO_BMM_INFO.SDP.SIMPLE_PRIM36.ram/DIADI[28]
                            (rising edge-triggered cell RAMB36E1 clocked by clk  {rise@0.000ns fall@2.500ns period=5.000ns})
  Path Group:             clk
  Path Type:              Hold (Min at Fast Process Corner)
  Requirement:            0.000ns  (clk rise@0.000ns - clk rise@0.000ns)
  Data Path Delay:        0.242ns  (logic 0.107ns (44.228%)  route 0.135ns (55.772%))
  Logic Levels:           0  
  Clock Path Skew:        0.042ns (DCD - SCD - CPR)
    Destination Clock Delay (DCD):    0.961ns
    Source Clock Delay      (SCD):    0.692ns
    Clock Pessimism Removal (CPR):    0.227ns

    Location             Delay type                Incr(ns)  Path(ns)    Netlist Resource(s)
  -------------------------------------------------------------------    -------------------
                         (clock clk rise edge)        0.000     0.000 r  
    BUFGCTRL_X0Y0        BUFG                         0.000     0.000 r  U_BUFG/O
                         net (fo=6205, routed)        0.692     0.692    u_ila_0/inst/ila_core_inst/clk
    SLICE_X132Y62        FDRE                                         r  u_ila_0/inst/ila_core_inst/shifted_data_in_reg[8][28]/C
  -------------------------------------------------------------------    -------------------
    SLICE_X132Y62        FDRE (Prop_fdre_C_Q)         0.107     0.799 r  u_ila_0/inst/ila_core_inst/shifted_data_in_reg[8][28]/Q
                         net (fo=1, routed)           0.135     0.934    u_ila_0/inst/ila_core_inst/ila_trace_memory_inst/SUBCORE_RAM_BLK_MEM_1.trace_block_memory/inst_blk_mem_gen/gnativebmg.native_blk_mem_gen/valid.cstr/ramloop[0].ram.r/prim_noinit.ram/DIADI[28]
    RAMB36_X5Y12         RAMB36E1                                     r  u_ila_0/inst/ila_core_inst/ila_trace_memory_inst/SUBCORE_RAM_BLK_MEM_1.trace_block_memory/inst_blk_mem_gen/gnativebmg.native_blk_mem_gen/valid.cstr/ramloop[0].ram.r/prim_noinit.ram/DEVICE_7SERIES.NO_BMM_INFO.SDP.SIMPLE_PRIM36.ram/DIADI[28]
  -------------------------------------------------------------------    -------------------

                         (clock clk rise edge)        0.000     0.000 r  
    BUFGCTRL_X0Y0        BUFG                         0.000     0.000 r  U_BUFG/O
                         net (fo=6205, routed)        0.961     0.961    u_ila_0/inst/ila_core_inst/ila_trace_memory_inst/SUBCORE_RAM_BLK_MEM_1.trace_block_memory/inst_blk_mem_gen/gnativebmg.native_blk_mem_gen/valid.cstr/ramloop[0].ram.r/prim_noinit.ram/clk
    RAMB36_X5Y12         RAMB36E1                                     r  u_ila_0/inst/ila_core_inst/ila_trace_memory_inst/SUBCORE_RAM_BLK_MEM_1.trace_block_memory/inst_blk_mem_gen/gnativebmg.native_blk_mem_gen/valid.cstr/ramloop[0].ram.r/prim_noinit.ram/DEVICE_7SERIES.NO_BMM_INFO.SDP.SIMPLE_PRIM36.ram/CLKARDCLK
                         clock pessimism             -0.227     0.734    
    RAMB36_X5Y12         RAMB36E1 (Hold_ramb36e1_CLKARDCLK_DIADI[28])
                                                      0.119     0.853    u_ila_0/inst/ila_core_inst/ila_trace_memory_inst/SUBCORE_RAM_BLK_MEM_1.trace_block_memory/inst_blk_mem_gen/gnativebmg.native_blk_mem_gen/valid.cstr/ramloop[0].ram.r/prim_noinit.ram/DEVICE_7SERIES.NO_BMM_INFO.SDP.SIMPLE_PRIM36.ram
  -------------------------------------------------------------------
                         required time                         -0.853    
                         arrival time                           0.934    
  -------------------------------------------------------------------
                         slack                                  0.081    

Slack (MET) :             0.083ns  (arrival time - required time)
  Source:                 u_ila_0/inst/ila_core_inst/shifted_data_in_reg[8][12]/C
                            (rising edge-triggered cell FDRE clocked by clk  {rise@0.000ns fall@2.500ns period=5.000ns})
  Destination:            u_ila_0/inst/ila_core_inst/ila_trace_memory_inst/SUBCORE_RAM_BLK_MEM_1.trace_block_memory/inst_blk_mem_gen/gnativebmg.native_blk_mem_gen/valid.cstr/ramloop[0].ram.r/prim_noinit.ram/DEVICE_7SERIES.NO_BMM_INFO.SDP.SIMPLE_PRIM36.ram/DIADI[12]
                            (rising edge-triggered cell RAMB36E1 clocked by clk  {rise@0.000ns fall@2.500ns period=5.000ns})
  Path Group:             clk
  Path Type:              Hold (Min at Fast Process Corner)
  Requirement:            0.000ns  (clk rise@0.000ns - clk rise@0.000ns)
  Data Path Delay:        0.245ns  (logic 0.107ns (43.739%)  route 0.138ns (56.261%))
  Logic Levels:           0  
  Clock Path Skew:        0.043ns (DCD - SCD - CPR)
    Destination Clock Delay (DCD):    0.961ns
    Source Clock Delay      (SCD):    0.691ns
    Clock Pessimism Removal (CPR):    0.227ns

    Location             Delay type                Incr(ns)  Path(ns)    Netlist Resource(s)
  -------------------------------------------------------------------    -------------------
                         (clock clk rise edge)        0.000     0.000 r  
    BUFGCTRL_X0Y0        BUFG                         0.000     0.000 r  U_BUFG/O
                         net (fo=6205, routed)        0.691     0.691    u_ila_0/inst/ila_core_inst/clk
    SLICE_X132Y63        FDRE                                         r  u_ila_0/inst/ila_core_inst/shifted_data_in_reg[8][12]/C
  -------------------------------------------------------------------    -------------------
    SLICE_X132Y63        FDRE (Prop_fdre_C_Q)         0.107     0.798 r  u_ila_0/inst/ila_core_inst/shifted_data_in_reg[8][12]/Q
                         net (fo=1, routed)           0.138     0.936    u_ila_0/inst/ila_core_inst/ila_trace_memory_inst/SUBCORE_RAM_BLK_MEM_1.trace_block_memory/inst_blk_mem_gen/gnativebmg.native_blk_mem_gen/valid.cstr/ramloop[0].ram.r/prim_noinit.ram/DIADI[12]
    RAMB36_X5Y12         RAMB36E1                                     r  u_ila_0/inst/ila_core_inst/ila_trace_memory_inst/SUBCORE_RAM_BLK_MEM_1.trace_block_memory/inst_blk_mem_gen/gnativebmg.native_blk_mem_gen/valid.cstr/ramloop[0].ram.r/prim_noinit.ram/DEVICE_7SERIES.NO_BMM_INFO.SDP.SIMPLE_PRIM36.ram/DIADI[12]
  -------------------------------------------------------------------    -------------------

                         (clock clk rise edge)        0.000     0.000 r  
    BUFGCTRL_X0Y0        BUFG                         0.000     0.000 r  U_BUFG/O
                         net (fo=6205, routed)        0.961     0.961    u_ila_0/inst/ila_core_inst/ila_trace_memory_inst/SUBCORE_RAM_BLK_MEM_1.trace_block_memory/inst_blk_mem_gen/gnativebmg.native_blk_mem_gen/valid.cstr/ramloop[0].ram.r/prim_noinit.ram/clk
    RAMB36_X5Y12         RAMB36E1                                     r  u_ila_0/inst/ila_core_inst/ila_trace_memory_inst/SUBCORE_RAM_BLK_MEM_1.trace_block_memory/inst_blk_mem_gen/gnativebmg.native_blk_mem_gen/valid.cstr/ramloop[0].ram.r/prim_noinit.ram/DEVICE_7SERIES.NO_BMM_INFO.SDP.SIMPLE_PRIM36.ram/CLKARDCLK
                         clock pessimism             -0.227     0.734    
    RAMB36_X5Y12         RAMB36E1 (Hold_ramb36e1_CLKARDCLK_DIADI[12])
                                                      0.119     0.853    u_ila_0/inst/ila_core_inst/ila_trace_memory_inst/SUBCORE_RAM_BLK_MEM_1.trace_block_memory/inst_blk_mem_gen/gnativebmg.native_blk_mem_gen/valid.cstr/ramloop[0].ram.r/prim_noinit.ram/DEVICE_7SERIES.NO_BMM_INFO.SDP.SIMPLE_PRIM36.ram
  -------------------------------------------------------------------
                         required time                         -0.853    
                         arrival time                           0.936    
  -------------------------------------------------------------------
                         slack                                  0.083    

Slack (MET) :             0.084ns  (arrival time - required time)
  Source:                 GPIO_BUTTONS_dly_reg[1]/C
                            (rising edge-triggered cell FDRE clocked by clk  {rise@0.000ns fall@2.500ns period=5.000ns})
  Destination:            u_ila_0/inst/ila_core_inst/shifted_data_in_reg[7][3]_srl8/D
                            (rising edge-triggered cell SRL16E clocked by clk  {rise@0.000ns fall@2.500ns period=5.000ns})
  Path Group:             clk
  Path Type:              Hold (Min at Fast Process Corner)
  Requirement:            0.000ns  (clk rise@0.000ns - clk rise@0.000ns)
  Data Path Delay:        0.210ns  (logic 0.100ns (47.629%)  route 0.110ns (52.371%))
  Logic Levels:           0  
  Clock Path Skew:        0.031ns (DCD - SCD - CPR)
    Destination Clock Delay (DCD):    0.931ns
    Source Clock Delay      (SCD):    0.692ns
    Clock Pessimism Removal (CPR):    0.208ns

    Location             Delay type                Incr(ns)  Path(ns)    Netlist Resource(s)
  -------------------------------------------------------------------    -------------------
                         (clock clk rise edge)        0.000     0.000 r  
    BUFGCTRL_X0Y0        BUFG                         0.000     0.000 r  U_BUFG/O
                         net (fo=6205, routed)        0.692     0.692    clk
    SLICE_X135Y65        FDRE                                         r  GPIO_BUTTONS_dly_reg[1]/C
  -------------------------------------------------------------------    -------------------
    SLICE_X135Y65        FDRE (Prop_fdre_C_Q)         0.100     0.792 r  GPIO_BUTTONS_dly_reg[1]/Q
                         net (fo=3, routed)           0.110     0.902    u_ila_0/inst/ila_core_inst/probe1[1]
    SLICE_X132Y64        SRL16E                                       r  u_ila_0/inst/ila_core_inst/shifted_data_in_reg[7][3]_srl8/D
  -------------------------------------------------------------------    -------------------

                         (clock clk rise edge)        0.000     0.000 r  
    BUFGCTRL_X0Y0        BUFG                         0.000     0.000 r  U_BUFG/O
                         net (fo=6205, routed)        0.931     0.931    u_ila_0/inst/ila_core_inst/clk
    SLICE_X132Y64        SRL16E                                       r  u_ila_0/inst/ila_core_inst/shifted_data_in_reg[7][3]_srl8/CLK
                         clock pessimism             -0.208     0.723    
    SLICE_X132Y64        SRL16E (Hold_srl16e_CLK_D)
                                                      0.095     0.818    u_ila_0/inst/ila_core_inst/shifted_data_in_reg[7][3]_srl8
  -------------------------------------------------------------------
                         required time                         -0.818    
                         arrival time                           0.902    
  -------------------------------------------------------------------
                         slack                                  0.084    

Slack (MET) :             0.087ns  (arrival time - required time)
  Source:                 u_ila_0/inst/ila_core_inst/shifted_data_in_reg[8][5]/C
                            (rising edge-triggered cell FDRE clocked by clk  {rise@0.000ns fall@2.500ns period=5.000ns})
  Destination:            u_ila_0/inst/ila_core_inst/ila_trace_memory_inst/SUBCORE_RAM_BLK_MEM_1.trace_block_memory/inst_blk_mem_gen/gnativebmg.native_blk_mem_gen/valid.cstr/ramloop[0].ram.r/prim_noinit.ram/DEVICE_7SERIES.NO_BMM_INFO.SDP.SIMPLE_PRIM36.ram/DIADI[5]
                            (rising edge-triggered cell RAMB36E1 clocked by clk  {rise@0.000ns fall@2.500ns period=5.000ns})
  Path Group:             clk
  Path Type:              Hold (Min at Fast Process Corner)
  Requirement:            0.000ns  (clk rise@0.000ns - clk rise@0.000ns)
  Data Path Delay:        0.247ns  (logic 0.107ns (43.393%)  route 0.140ns (56.607%))
  Logic Levels:           0  
  Clock Path Skew:        0.043ns (DCD - SCD - CPR)
    Destination Clock Delay (DCD):    0.961ns
    Source Clock Delay      (SCD):    0.691ns
    Clock Pessimism Removal (CPR):    0.227ns

    Location             Delay type                Incr(ns)  Path(ns)    Netlist Resource(s)
  -------------------------------------------------------------------    -------------------
                         (clock clk rise edge)        0.000     0.000 r  
    BUFGCTRL_X0Y0        BUFG                         0.000     0.000 r  U_BUFG/O
                         net (fo=6205, routed)        0.691     0.691    u_ila_0/inst/ila_core_inst/clk
    SLICE_X132Y64        FDRE                                         r  u_ila_0/inst/ila_core_inst/shifted_data_in_reg[8][5]/C
  -------------------------------------------------------------------    -------------------
    SLICE_X132Y64        FDRE (Prop_fdre_C_Q)         0.107     0.798 r  u_ila_0/inst/ila_core_inst/shifted_data_in_reg[8][5]/Q
                         net (fo=1, routed)           0.140     0.938    u_ila_0/inst/ila_core_inst/ila_trace_memory_inst/SUBCORE_RAM_BLK_MEM_1.trace_block_memory/inst_blk_mem_gen/gnativebmg.native_blk_mem_gen/valid.cstr/ramloop[0].ram.r/prim_noinit.ram/DIADI[5]
    RAMB36_X5Y12         RAMB36E1                                     r  u_ila_0/inst/ila_core_inst/ila_trace_memory_inst/SUBCORE_RAM_BLK_MEM_1.trace_block_memory/inst_blk_mem_gen/gnativebmg.native_blk_mem_gen/valid.cstr/ramloop[0].ram.r/prim_noinit.ram/DEVICE_7SERIES.NO_BMM_INFO.SDP.SIMPLE_PRIM36.ram/DIADI[5]
  -------------------------------------------------------------------    -------------------

                         (clock clk rise edge)        0.000     0.000 r  
    BUFGCTRL_X0Y0        BUFG                         0.000     0.000 r  U_BUFG/O
                         net (fo=6205, routed)        0.961     0.961    u_ila_0/inst/ila_core_inst/ila_trace_memory_inst/SUBCORE_RAM_BLK_MEM_1.trace_block_memory/inst_blk_mem_gen/gnativebmg.native_blk_mem_gen/valid.cstr/ramloop[0].ram.r/prim_noinit.ram/clk
    RAMB36_X5Y12         RAMB36E1                                     r  u_ila_0/inst/ila_core_inst/ila_trace_memory_inst/SUBCORE_RAM_BLK_MEM_1.trace_block_memory/inst_blk_mem_gen/gnativebmg.native_blk_mem_gen/valid.cstr/ramloop[0].ram.r/prim_noinit.ram/DEVICE_7SERIES.NO_BMM_INFO.SDP.SIMPLE_PRIM36.ram/CLKARDCLK
                         clock pessimism             -0.227     0.734    
    RAMB36_X5Y12         RAMB36E1 (Hold_ramb36e1_CLKARDCLK_DIADI[5])
                                                      0.117     0.851    u_ila_0/inst/ila_core_inst/ila_trace_memory_inst/SUBCORE_RAM_BLK_MEM_1.trace_block_memory/inst_blk_mem_gen/gnativebmg.native_blk_mem_gen/valid.cstr/ramloop[0].ram.r/prim_noinit.ram/DEVICE_7SERIES.NO_BMM_INFO.SDP.SIMPLE_PRIM36.ram
  -------------------------------------------------------------------
                         required time                         -0.851    
                         arrival time                           0.938    
  -------------------------------------------------------------------
                         slack                                  0.087    

Slack (MET) :             0.087ns  (arrival time - required time)
  Source:                 u_ila_0/inst/ila_core_inst/ADV_TRIG.u_adv_trig/bram_addr_reg[5]/C
                            (rising edge-triggered cell FDRE clocked by clk  {rise@0.000ns fall@2.500ns period=5.000ns})
  Destination:            u_ila_0/inst/ila_core_inst/ADV_TRIG.u_adv_trig/fsm_mem_data_reg_r1_0_63_12_14/RAMA/WADR5
                            (rising edge-triggered cell RAMD64E clocked by clk  {rise@0.000ns fall@2.500ns period=5.000ns})
  Path Group:             clk
  Path Type:              Hold (Min at Fast Process Corner)
  Requirement:            0.000ns  (clk rise@0.000ns - clk rise@0.000ns)
  Data Path Delay:        0.256ns  (logic 0.100ns (39.004%)  route 0.156ns (60.996%))
  Logic Levels:           0  
  Clock Path Skew:        0.013ns (DCD - SCD - CPR)
    Destination Clock Delay (DCD):    0.937ns
    Source Clock Delay      (SCD):    0.698ns
    Clock Pessimism Removal (CPR):    0.226ns

    Location             Delay type                Incr(ns)  Path(ns)    Netlist Resource(s)
  -------------------------------------------------------------------    -------------------
                         (clock clk rise edge)        0.000     0.000 r  
    BUFGCTRL_X0Y0        BUFG                         0.000     0.000 r  U_BUFG/O
                         net (fo=6205, routed)        0.698     0.698    u_ila_0/inst/ila_core_inst/ADV_TRIG.u_adv_trig/S_DCLK_O
    SLICE_X137Y97        FDRE                                         r  u_ila_0/inst/ila_core_inst/ADV_TRIG.u_adv_trig/bram_addr_reg[5]/C
  -------------------------------------------------------------------    -------------------
    SLICE_X137Y97        FDRE (Prop_fdre_C_Q)         0.100     0.798 r  u_ila_0/inst/ila_core_inst/ADV_TRIG.u_adv_trig/bram_addr_reg[5]/Q
                         net (fo=162, routed)         0.156     0.954    u_ila_0/inst/ila_core_inst/ADV_TRIG.u_adv_trig/fsm_mem_data_reg_r1_0_63_12_14/ADDRD5
    SLICE_X138Y96        RAMD64E                                      r  u_ila_0/inst/ila_core_inst/ADV_TRIG.u_adv_trig/fsm_mem_data_reg_r1_0_63_12_14/RAMA/WADR5
  -------------------------------------------------------------------    -------------------

                         (clock clk rise edge)        0.000     0.000 r  
    BUFGCTRL_X0Y0        BUFG                         0.000     0.000 r  U_BUFG/O
                         net (fo=6205, routed)        0.937     0.937    u_ila_0/inst/ila_core_inst/ADV_TRIG.u_adv_trig/fsm_mem_data_reg_r1_0_63_12_14/WCLK
    SLICE_X138Y96        RAMD64E                                      r  u_ila_0/inst/ila_core_inst/ADV_TRIG.u_adv_trig/fsm_mem_data_reg_r1_0_63_12_14/RAMA/CLK
                         clock pessimism             -0.226     0.711    
    SLICE_X138Y96        RAMD64E (Hold_ramd64e_CLK_WADR5)
                                                      0.156     0.867    u_ila_0/inst/ila_core_inst/ADV_TRIG.u_adv_trig/fsm_mem_data_reg_r1_0_63_12_14/RAMA
  -------------------------------------------------------------------
                         required time                         -0.867    
                         arrival time                           0.954    
  -------------------------------------------------------------------
                         slack                                  0.087    

Slack (MET) :             0.087ns  (arrival time - required time)
  Source:                 u_ila_0/inst/ila_core_inst/ADV_TRIG.u_adv_trig/bram_addr_reg[5]/C
                            (rising edge-triggered cell FDRE clocked by clk  {rise@0.000ns fall@2.500ns period=5.000ns})
  Destination:            u_ila_0/inst/ila_core_inst/ADV_TRIG.u_adv_trig/fsm_mem_data_reg_r1_0_63_12_14/RAMB/WADR5
                            (rising edge-triggered cell RAMD64E clocked by clk  {rise@0.000ns fall@2.500ns period=5.000ns})
  Path Group:             clk
  Path Type:              Hold (Min at Fast Process Corner)
  Requirement:            0.000ns  (clk rise@0.000ns - clk rise@0.000ns)
  Data Path Delay:        0.256ns  (logic 0.100ns (39.004%)  route 0.156ns (60.996%))
  Logic Levels:           0  
  Clock Path Skew:        0.013ns (DCD - SCD - CPR)
    Destination Clock Delay (DCD):    0.937ns
    Source Clock Delay      (SCD):    0.698ns
    Clock Pessimism Removal (CPR):    0.226ns

    Location             Delay type                Incr(ns)  Path(ns)    Netlist Resource(s)
  -------------------------------------------------------------------    -------------------
                         (clock clk rise edge)        0.000     0.000 r  
    BUFGCTRL_X0Y0        BUFG                         0.000     0.000 r  U_BUFG/O
                         net (fo=6205, routed)        0.698     0.698    u_ila_0/inst/ila_core_inst/ADV_TRIG.u_adv_trig/S_DCLK_O
    SLICE_X137Y97        FDRE                                         r  u_ila_0/inst/ila_core_inst/ADV_TRIG.u_adv_trig/bram_addr_reg[5]/C
  -------------------------------------------------------------------    -------------------
    SLICE_X137Y97        FDRE (Prop_fdre_C_Q)         0.100     0.798 r  u_ila_0/inst/ila_core_inst/ADV_TRIG.u_adv_trig/bram_addr_reg[5]/Q
                         net (fo=162, routed)         0.156     0.954    u_ila_0/inst/ila_core_inst/ADV_TRIG.u_adv_trig/fsm_mem_data_reg_r1_0_63_12_14/ADDRD5
    SLICE_X138Y96        RAMD64E                                      r  u_ila_0/inst/ila_core_inst/ADV_TRIG.u_adv_trig/fsm_mem_data_reg_r1_0_63_12_14/RAMB/WADR5
  -------------------------------------------------------------------    -------------------

                         (clock clk rise edge)        0.000     0.000 r  
    BUFGCTRL_X0Y0        BUFG                         0.000     0.000 r  U_BUFG/O
                         net (fo=6205, routed)        0.937     0.937    u_ila_0/inst/ila_core_inst/ADV_TRIG.u_adv_trig/fsm_mem_data_reg_r1_0_63_12_14/WCLK
    SLICE_X138Y96        RAMD64E                                      r  u_ila_0/inst/ila_core_inst/ADV_TRIG.u_adv_trig/fsm_mem_data_reg_r1_0_63_12_14/RAMB/CLK
                         clock pessimism             -0.226     0.711    
    SLICE_X138Y96        RAMD64E (Hold_ramd64e_CLK_WADR5)
                                                      0.156     0.867    u_ila_0/inst/ila_core_inst/ADV_TRIG.u_adv_trig/fsm_mem_data_reg_r1_0_63_12_14/RAMB
  -------------------------------------------------------------------
                         required time                         -0.867    
                         arrival time                           0.954    
  -------------------------------------------------------------------
                         slack                                  0.087    

Slack (MET) :             0.087ns  (arrival time - required time)
  Source:                 u_ila_0/inst/ila_core_inst/ADV_TRIG.u_adv_trig/bram_addr_reg[5]/C
                            (rising edge-triggered cell FDRE clocked by clk  {rise@0.000ns fall@2.500ns period=5.000ns})
  Destination:            u_ila_0/inst/ila_core_inst/ADV_TRIG.u_adv_trig/fsm_mem_data_reg_r1_0_63_12_14/RAMC/WADR5
                            (rising edge-triggered cell RAMD64E clocked by clk  {rise@0.000ns fall@2.500ns period=5.000ns})
  Path Group:             clk
  Path Type:              Hold (Min at Fast Process Corner)
  Requirement:            0.000ns  (clk rise@0.000ns - clk rise@0.000ns)
  Data Path Delay:        0.256ns  (logic 0.100ns (39.004%)  route 0.156ns (60.996%))
  Logic Levels:           0  
  Clock Path Skew:        0.013ns (DCD - SCD - CPR)
    Destination Clock Delay (DCD):    0.937ns
    Source Clock Delay      (SCD):    0.698ns
    Clock Pessimism Removal (CPR):    0.226ns

    Location             Delay type                Incr(ns)  Path(ns)    Netlist Resource(s)
  -------------------------------------------------------------------    -------------------
                         (clock clk rise edge)        0.000     0.000 r  
    BUFGCTRL_X0Y0        BUFG                         0.000     0.000 r  U_BUFG/O
                         net (fo=6205, routed)        0.698     0.698    u_ila_0/inst/ila_core_inst/ADV_TRIG.u_adv_trig/S_DCLK_O
    SLICE_X137Y97        FDRE                                         r  u_ila_0/inst/ila_core_inst/ADV_TRIG.u_adv_trig/bram_addr_reg[5]/C
  -------------------------------------------------------------------    -------------------
    SLICE_X137Y97        FDRE (Prop_fdre_C_Q)         0.100     0.798 r  u_ila_0/inst/ila_core_inst/ADV_TRIG.u_adv_trig/bram_addr_reg[5]/Q
                         net (fo=162, routed)         0.156     0.954    u_ila_0/inst/ila_core_inst/ADV_TRIG.u_adv_trig/fsm_mem_data_reg_r1_0_63_12_14/ADDRD5
    SLICE_X138Y96        RAMD64E                                      r  u_ila_0/inst/ila_core_inst/ADV_TRIG.u_adv_trig/fsm_mem_data_reg_r1_0_63_12_14/RAMC/WADR5
  -------------------------------------------------------------------    -------------------

                         (clock clk rise edge)        0.000     0.000 r  
    BUFGCTRL_X0Y0        BUFG                         0.000     0.000 r  U_BUFG/O
                         net (fo=6205, routed)        0.937     0.937    u_ila_0/inst/ila_core_inst/ADV_TRIG.u_adv_trig/fsm_mem_data_reg_r1_0_63_12_14/WCLK
    SLICE_X138Y96        RAMD64E                                      r  u_ila_0/inst/ila_core_inst/ADV_TRIG.u_adv_trig/fsm_mem_data_reg_r1_0_63_12_14/RAMC/CLK
                         clock pessimism             -0.226     0.711    
    SLICE_X138Y96        RAMD64E (Hold_ramd64e_CLK_WADR5)
                                                      0.156     0.867    u_ila_0/inst/ila_core_inst/ADV_TRIG.u_adv_trig/fsm_mem_data_reg_r1_0_63_12_14/RAMC
  -------------------------------------------------------------------
                         required time                         -0.867    
                         arrival time                           0.954    
  -------------------------------------------------------------------
                         slack                                  0.087    

Slack (MET) :             0.087ns  (arrival time - required time)
  Source:                 u_ila_0/inst/ila_core_inst/ADV_TRIG.u_adv_trig/bram_addr_reg[5]/C
                            (rising edge-triggered cell FDRE clocked by clk  {rise@0.000ns fall@2.500ns period=5.000ns})
  Destination:            u_ila_0/inst/ila_core_inst/ADV_TRIG.u_adv_trig/fsm_mem_data_reg_r1_0_63_12_14/RAMD/WADR5
                            (rising edge-triggered cell RAMD64E clocked by clk  {rise@0.000ns fall@2.500ns period=5.000ns})
  Path Group:             clk
  Path Type:              Hold (Min at Fast Process Corner)
  Requirement:            0.000ns  (clk rise@0.000ns - clk rise@0.000ns)
  Data Path Delay:        0.256ns  (logic 0.100ns (39.004%)  route 0.156ns (60.996%))
  Logic Levels:           0  
  Clock Path Skew:        0.013ns (DCD - SCD - CPR)
    Destination Clock Delay (DCD):    0.937ns
    Source Clock Delay      (SCD):    0.698ns
    Clock Pessimism Removal (CPR):    0.226ns

    Location             Delay type                Incr(ns)  Path(ns)    Netlist Resource(s)
  -------------------------------------------------------------------    -------------------
                         (clock clk rise edge)        0.000     0.000 r  
    BUFGCTRL_X0Y0        BUFG                         0.000     0.000 r  U_BUFG/O
                         net (fo=6205, routed)        0.698     0.698    u_ila_0/inst/ila_core_inst/ADV_TRIG.u_adv_trig/S_DCLK_O
    SLICE_X137Y97        FDRE                                         r  u_ila_0/inst/ila_core_inst/ADV_TRIG.u_adv_trig/bram_addr_reg[5]/C
  -------------------------------------------------------------------    -------------------
    SLICE_X137Y97        FDRE (Prop_fdre_C_Q)         0.100     0.798 r  u_ila_0/inst/ila_core_inst/ADV_TRIG.u_adv_trig/bram_addr_reg[5]/Q
                         net (fo=162, routed)         0.156     0.954    u_ila_0/inst/ila_core_inst/ADV_TRIG.u_adv_trig/fsm_mem_data_reg_r1_0_63_12_14/ADDRD5
    SLICE_X138Y96        RAMD64E                                      r  u_ila_0/inst/ila_core_inst/ADV_TRIG.u_adv_trig/fsm_mem_data_reg_r1_0_63_12_14/RAMD/WADR5
  -------------------------------------------------------------------    -------------------

                         (clock clk rise edge)        0.000     0.000 r  
    BUFGCTRL_X0Y0        BUFG                         0.000     0.000 r  U_BUFG/O
                         net (fo=6205, routed)        0.937     0.937    u_ila_0/inst/ila_core_inst/ADV_TRIG.u_adv_trig/fsm_mem_data_reg_r1_0_63_12_14/WCLK
    SLICE_X138Y96        RAMD64E                                      r  u_ila_0/inst/ila_core_inst/ADV_TRIG.u_adv_trig/fsm_mem_data_reg_r1_0_63_12_14/RAMD/CLK
                         clock pessimism             -0.226     0.711    
    SLICE_X138Y96        RAMD64E (Hold_ramd64e_CLK_WADR5)
                                                      0.156     0.867    u_ila_0/inst/ila_core_inst/ADV_TRIG.u_adv_trig/fsm_mem_data_reg_r1_0_63_12_14/RAMD
  -------------------------------------------------------------------
                         required time                         -0.867    
                         arrival time                           0.954    
  -------------------------------------------------------------------
                         slack                                  0.087    

Slack (MET) :             0.089ns  (arrival time - required time)
  Source:                 u_ila_0/inst/ila_core_inst/ADV_TRIG_MEM_READ.u_fsm_memory_read_inst/BRAM_DATA_reg[15]/C
                            (rising edge-triggered cell FDRE clocked by clk  {rise@0.000ns fall@2.500ns period=5.000ns})
  Destination:            u_ila_0/inst/ila_core_inst/ADV_TRIG.u_adv_trig/fsm_mem_data_reg_r2_0_63_15_17/RAMA/I
                            (rising edge-triggered cell RAMD64E clocked by clk  {rise@0.000ns fall@2.500ns period=5.000ns})
  Path Group:             clk
  Path Type:              Hold (Min at Fast Process Corner)
  Requirement:            0.000ns  (clk rise@0.000ns - clk rise@0.000ns)
  Data Path Delay:        0.252ns  (logic 0.100ns (39.701%)  route 0.152ns (60.299%))
  Logic Levels:           0  
  Clock Path Skew:        0.032ns (DCD - SCD - CPR)
    Destination Clock Delay (DCD):    0.933ns
    Source Clock Delay      (SCD):    0.693ns
    Clock Pessimism Removal (CPR):    0.208ns

    Location             Delay type                Incr(ns)  Path(ns)    Netlist Resource(s)
  -------------------------------------------------------------------    -------------------
                         (clock clk rise edge)        0.000     0.000 r  
    BUFGCTRL_X0Y0        BUFG                         0.000     0.000 r  U_BUFG/O
                         net (fo=6205, routed)        0.693     0.693    u_ila_0/inst/ila_core_inst/ADV_TRIG_MEM_READ.u_fsm_memory_read_inst/S_DCLK_O
    SLICE_X141Y86        FDRE                                         r  u_ila_0/inst/ila_core_inst/ADV_TRIG_MEM_READ.u_fsm_memory_read_inst/BRAM_DATA_reg[15]/C
  -------------------------------------------------------------------    -------------------
    SLICE_X141Y86        FDRE (Prop_fdre_C_Q)         0.100     0.793 r  u_ila_0/inst/ila_core_inst/ADV_TRIG_MEM_READ.u_fsm_memory_read_inst/BRAM_DATA_reg[15]/Q
                         net (fo=4, routed)           0.152     0.945    u_ila_0/inst/ila_core_inst/ADV_TRIG.u_adv_trig/fsm_mem_data_reg_r2_0_63_15_17/DIA
    SLICE_X138Y87        RAMD64E                                      r  u_ila_0/inst/ila_core_inst/ADV_TRIG.u_adv_trig/fsm_mem_data_reg_r2_0_63_15_17/RAMA/I
  -------------------------------------------------------------------    -------------------

                         (clock clk rise edge)        0.000     0.000 r  
    BUFGCTRL_X0Y0        BUFG                         0.000     0.000 r  U_BUFG/O
                         net (fo=6205, routed)        0.933     0.933    u_ila_0/inst/ila_core_inst/ADV_TRIG.u_adv_trig/fsm_mem_data_reg_r2_0_63_15_17/WCLK
    SLICE_X138Y87        RAMD64E                                      r  u_ila_0/inst/ila_core_inst/ADV_TRIG.u_adv_trig/fsm_mem_data_reg_r2_0_63_15_17/RAMA/CLK
                         clock pessimism             -0.208     0.725    
    SLICE_X138Y87        RAMD64E (Hold_ramd64e_CLK_I)
                                                      0.131     0.856    u_ila_0/inst/ila_core_inst/ADV_TRIG.u_adv_trig/fsm_mem_data_reg_r2_0_63_15_17/RAMA
  -------------------------------------------------------------------
                         required time                         -0.856    
                         arrival time                           0.945    
  -------------------------------------------------------------------
                         slack                                  0.089    





Pulse Width Checks
--------------------------------------------------------------------------------------
Clock Name:         clk
Waveform(ns):       { 0.000 2.500 }
Period(ns):         5.000
Sources:            { U_BUFG/O }

Check Type        Corner  Lib Pin             Reference Pin  Required(ns)  Actual(ns)  Slack(ns)  Location        Pin
Min Period        n/a     RAMB36E1/CLKARDCLK  n/a            2.095         5.000       2.905      RAMB36_X5Y12    u_ila_0/inst/ila_core_inst/ila_trace_memory_inst/SUBCORE_RAM_BLK_MEM_1.trace_block_memory/inst_blk_mem_gen/gnativebmg.native_blk_mem_gen/valid.cstr/ramloop[0].ram.r/prim_noinit.ram/DEVICE_7SERIES.NO_BMM_INFO.SDP.SIMPLE_PRIM36.ram/CLKARDCLK
Min Period        n/a     RAMB36E1/CLKBWRCLK  n/a            2.095         5.000       2.905      RAMB36_X5Y12    u_ila_0/inst/ila_core_inst/ila_trace_memory_inst/SUBCORE_RAM_BLK_MEM_1.trace_block_memory/inst_blk_mem_gen/gnativebmg.native_blk_mem_gen/valid.cstr/ramloop[0].ram.r/prim_noinit.ram/DEVICE_7SERIES.NO_BMM_INFO.SDP.SIMPLE_PRIM36.ram/CLKBWRCLK
Min Period        n/a     RAMB36E1/CLKARDCLK  n/a            1.839         5.000       3.161      RAMB36_X5Y11    U_SINEGEN/U_SH/U0/i_synth/i_dds/I_SINCOS.i_std_rom.i_rom/i_rtl.i_full_table.i_block_rom.i_pipe_1.pre_asyn_sin_RAM_op_reg/CLKARDCLK
Min Period        n/a     RAMB18E1/CLKARDCLK  n/a            1.839         5.000       3.161      RAMB18_X6Y24    U_SINEGEN/U_SL/U0/i_synth/i_dds/I_SINCOS.i_std_rom.i_rom/i_rtl.i_double_table.i_block_rom.i_pipe_1.pre_asyn_sin_RAM_op_reg/CLKARDCLK
Min Period        n/a     RAMB18E1/CLKARDCLK  n/a            1.839         5.000       3.161      RAMB18_X6Y25    U_SINEGEN/U_SM/U0/i_synth/i_dds/I_SINCOS.i_std_rom.i_rom/i_rtl.i_double_table.i_block_rom.i_pipe_1.pre_asyn_sin_RAM_op_reg/CLKARDCLK
Min Period        n/a     FDRE/C              n/a            0.750         5.000       4.250      SLICE_X120Y63   dbg_hub/inst/CORE_XSDB.UUT_MASTER/U_XSDB_BURST_WD_LEN_CONTROLLER/burst_wd_in_rdy_last_reg/C
Min Period        n/a     FDRE/C              n/a            0.750         5.000       4.250      SLICE_X132Y63   u_ila_0/inst/ila_core_inst/shifted_data_in_reg[8][12]/C
Min Period        n/a     FDRE/C              n/a            0.750         5.000       4.250      SLICE_X132Y63   u_ila_0/inst/ila_core_inst/shifted_data_in_reg[8][13]/C
Min Period        n/a     FDRE/C              n/a            0.750         5.000       4.250      SLICE_X132Y63   u_ila_0/inst/ila_core_inst/shifted_data_in_reg[8][14]/C
Min Period        n/a     FDRE/C              n/a            0.750         5.000       4.250      SLICE_X132Y63   u_ila_0/inst/ila_core_inst/shifted_data_in_reg[8][15]/C
Low Pulse Width   Fast    RAMD64E/CLK         n/a            0.768         2.500       1.732      SLICE_X142Y87   u_ila_0/inst/ila_core_inst/ADV_TRIG.u_adv_trig/fsm_mem_data_reg_r2_64_127_9_11/RAMC/CLK
Low Pulse Width   Fast    RAMD64E/CLK         n/a            0.768         2.500       1.732      SLICE_X142Y87   u_ila_0/inst/ila_core_inst/ADV_TRIG.u_adv_trig/fsm_mem_data_reg_r2_64_127_9_11/RAMD/CLK
Low Pulse Width   Slow    RAMD32/CLK          n/a            0.768         2.500       1.732      SLICE_X114Y60   dbg_hub/inst/CORE_XSDB.UUT_MASTER/U_ICON_INTERFACE/U_CMD6_RD/U_RD_FIFO/SUBCORE_FIFO.xsdbm_v1_1_1_rdfifo_inst/inst_fifo_gen/gconvfifo.rf/grf.rf/gntv_or_sync_fifo.mem/gdm.dm/RAM_reg_0_15_0_5/RAMA/CLK
Low Pulse Width   Slow    RAMD32/CLK          n/a            0.768         2.500       1.732      SLICE_X114Y60   dbg_hub/inst/CORE_XSDB.UUT_MASTER/U_ICON_INTERFACE/U_CMD6_RD/U_RD_FIFO/SUBCORE_FIFO.xsdbm_v1_1_1_rdfifo_inst/inst_fifo_gen/gconvfifo.rf/grf.rf/gntv_or_sync_fifo.mem/gdm.dm/RAM_reg_0_15_0_5/RAMA_D1/CLK
Low Pulse Width   Slow    RAMD32/CLK          n/a            0.768         2.500       1.732      SLICE_X114Y60   dbg_hub/inst/CORE_XSDB.UUT_MASTER/U_ICON_INTERFACE/U_CMD6_RD/U_RD_FIFO/SUBCORE_FIFO.xsdbm_v1_1_1_rdfifo_inst/inst_fifo_gen/gconvfifo.rf/grf.rf/gntv_or_sync_fifo.mem/gdm.dm/RAM_reg_0_15_0_5/RAMB/CLK
Low Pulse Width   Slow    RAMD32/CLK          n/a            0.768         2.500       1.732      SLICE_X114Y60   dbg_hub/inst/CORE_XSDB.UUT_MASTER/U_ICON_INTERFACE/U_CMD6_RD/U_RD_FIFO/SUBCORE_FIFO.xsdbm_v1_1_1_rdfifo_inst/inst_fifo_gen/gconvfifo.rf/grf.rf/gntv_or_sync_fifo.mem/gdm.dm/RAM_reg_0_15_0_5/RAMB_D1/CLK
Low Pulse Width   Slow    RAMD32/CLK          n/a            0.768         2.500       1.732      SLICE_X114Y60   dbg_hub/inst/CORE_XSDB.UUT_MASTER/U_ICON_INTERFACE/U_CMD6_RD/U_RD_FIFO/SUBCORE_FIFO.xsdbm_v1_1_1_rdfifo_inst/inst_fifo_gen/gconvfifo.rf/grf.rf/gntv_or_sync_fifo.mem/gdm.dm/RAM_reg_0_15_0_5/RAMC/CLK
Low Pulse Width   Slow    RAMD32/CLK          n/a            0.768         2.500       1.732      SLICE_X114Y60   dbg_hub/inst/CORE_XSDB.UUT_MASTER/U_ICON_INTERFACE/U_CMD6_RD/U_RD_FIFO/SUBCORE_FIFO.xsdbm_v1_1_1_rdfifo_inst/inst_fifo_gen/gconvfifo.rf/grf.rf/gntv_or_sync_fifo.mem/gdm.dm/RAM_reg_0_15_0_5/RAMC_D1/CLK
Low Pulse Width   Slow    RAMS32/CLK          n/a            0.768         2.500       1.732      SLICE_X114Y60   dbg_hub/inst/CORE_XSDB.UUT_MASTER/U_ICON_INTERFACE/U_CMD6_RD/U_RD_FIFO/SUBCORE_FIFO.xsdbm_v1_1_1_rdfifo_inst/inst_fifo_gen/gconvfifo.rf/grf.rf/gntv_or_sync_fifo.mem/gdm.dm/RAM_reg_0_15_0_5/RAMD/CLK
Low Pulse Width   Slow    RAMS32/CLK          n/a            0.768         2.500       1.732      SLICE_X114Y60   dbg_hub/inst/CORE_XSDB.UUT_MASTER/U_ICON_INTERFACE/U_CMD6_RD/U_RD_FIFO/SUBCORE_FIFO.xsdbm_v1_1_1_rdfifo_inst/inst_fifo_gen/gconvfifo.rf/grf.rf/gntv_or_sync_fifo.mem/gdm.dm/RAM_reg_0_15_0_5/RAMD_D1/CLK
High Pulse Width  Slow    RAMD64E/CLK         n/a            0.768         2.500       1.732      SLICE_X142Y87   u_ila_0/inst/ila_core_inst/ADV_TRIG.u_adv_trig/fsm_mem_data_reg_r2_64_127_9_11/RAMC/CLK
High Pulse Width  Slow    RAMD64E/CLK         n/a            0.768         2.500       1.732      SLICE_X142Y87   u_ila_0/inst/ila_core_inst/ADV_TRIG.u_adv_trig/fsm_mem_data_reg_r2_64_127_9_11/RAMD/CLK
High Pulse Width  Fast    RAMD64E/CLK         n/a            0.768         2.500       1.732      SLICE_X142Y92   u_ila_0/inst/ila_core_inst/ADV_TRIG.u_adv_trig/fsm_mem_data_reg_r1_0_63_18_20/RAMA/CLK
High Pulse Width  Fast    RAMD64E/CLK         n/a            0.768         2.500       1.732      SLICE_X142Y92   u_ila_0/inst/ila_core_inst/ADV_TRIG.u_adv_trig/fsm_mem_data_reg_r1_0_63_18_20/RAMB/CLK
High Pulse Width  Fast    RAMD64E/CLK         n/a            0.768         2.500       1.732      SLICE_X142Y92   u_ila_0/inst/ila_core_inst/ADV_TRIG.u_adv_trig/fsm_mem_data_reg_r1_0_63_18_20/RAMC/CLK
High Pulse Width  Fast    RAMD64E/CLK         n/a            0.768         2.500       1.732      SLICE_X142Y92   u_ila_0/inst/ila_core_inst/ADV_TRIG.u_adv_trig/fsm_mem_data_reg_r1_0_63_18_20/RAMD/CLK
High Pulse Width  Fast    RAMD64E/CLK         n/a            0.768         2.500       1.732      SLICE_X142Y100  u_ila_0/inst/ila_core_inst/ADV_TRIG.u_adv_trig/fsm_mem_data_reg_r1_0_63_3_5/RAMA/CLK
High Pulse Width  Fast    RAMD64E/CLK         n/a            0.768         2.500       1.732      SLICE_X142Y100  u_ila_0/inst/ila_core_inst/ADV_TRIG.u_adv_trig/fsm_mem_data_reg_r1_0_63_3_5/RAMB/CLK
High Pulse Width  Fast    RAMD64E/CLK         n/a            0.768         2.500       1.732      SLICE_X142Y100  u_ila_0/inst/ila_core_inst/ADV_TRIG.u_adv_trig/fsm_mem_data_reg_r1_0_63_3_5/RAMC/CLK
High Pulse Width  Fast    RAMD64E/CLK         n/a            0.768         2.500       1.732      SLICE_X142Y100  u_ila_0/inst/ila_core_inst/ADV_TRIG.u_adv_trig/fsm_mem_data_reg_r1_0_63_3_5/RAMD/CLK



---------------------------------------------------------------------------------------------------
From Clock:  dbg_hub/inst/N_EXT_BSCAN.bscan_inst/SERIES7_BSCAN.bscan_inst/DRCK
  To Clock:  dbg_hub/inst/N_EXT_BSCAN.bscan_inst/SERIES7_BSCAN.bscan_inst/DRCK

Setup :            0  Failing Endpoints,  Worst Slack       26.107ns,  Total Violation        0.000ns
Hold  :            0  Failing Endpoints,  Worst Slack        0.077ns,  Total Violation        0.000ns
PW    :            0  Failing Endpoints,  Worst Slack       14.232ns,  Total Violation        0.000ns
---------------------------------------------------------------------------------------------------


Max Delay Paths
--------------------------------------------------------------------------------------
Slack (MET) :             26.107ns  (required time - arrival time)
  Source:                 dbg_hub/inst/CORE_XSDB.U_ICON/U_CMD/iTARGET_reg[13]/C
                            (rising edge-triggered cell FDCE clocked by dbg_hub/inst/N_EXT_BSCAN.bscan_inst/SERIES7_BSCAN.bscan_inst/DRCK  {rise@0.000ns fall@15.000ns period=30.000ns})
  Destination:            dbg_hub/inst/CORE_XSDB.UUT_MASTER/U_ICON_INTERFACE/U_CMD6_WR/U_WR_FIFO/SUBCORE_FIFO.xsdbm_v1_1_1_wrfifo_inst/inst_fifo_gen/gconvfifo.rf/grf.rf/gntv_or_sync_fifo.mem/gdm.dm/RAM_reg_0_15_6_11/RAMA/WE
                            (rising edge-triggered cell RAMD32 clocked by dbg_hub/inst/N_EXT_BSCAN.bscan_inst/SERIES7_BSCAN.bscan_inst/DRCK  {rise@0.000ns fall@15.000ns period=30.000ns})
  Path Group:             dbg_hub/inst/N_EXT_BSCAN.bscan_inst/SERIES7_BSCAN.bscan_inst/DRCK
  Path Type:              Setup (Max at Slow Process Corner)
  Requirement:            30.000ns  (dbg_hub/inst/N_EXT_BSCAN.bscan_inst/SERIES7_BSCAN.bscan_inst/DRCK rise@30.000ns - dbg_hub/inst/N_EXT_BSCAN.bscan_inst/SERIES7_BSCAN.bscan_inst/DRCK rise@0.000ns)
  Data Path Delay:        3.513ns  (logic 0.530ns (15.086%)  route 2.983ns (84.914%))
  Logic Levels:           4  (LUT2=1 LUT6=3)
  Clock Path Skew:        -0.041ns (DCD - SCD + CPR)
    Destination Clock Delay (DCD):    4.154ns = ( 34.154 - 30.000 ) 
    Source Clock Delay      (SCD):    4.778ns
    Clock Pessimism Removal (CPR):    0.583ns
  Clock Uncertainty:      0.035ns  ((TSJ^2 + TIJ^2)^1/2 + DJ) / 2 + PE
    Total System Jitter     (TSJ):    0.071ns
    Total Input Jitter      (TIJ):    0.000ns
    Discrete Jitter          (DJ):    0.000ns
    Phase Error              (PE):    0.000ns

    Location             Delay type                Incr(ns)  Path(ns)    Netlist Resource(s)
  -------------------------------------------------------------------    -------------------
                         (clock dbg_hub/inst/N_EXT_BSCAN.bscan_inst/SERIES7_BSCAN.bscan_inst/DRCK rise edge)
                                                      0.000     0.000 r  
    BSCAN_X0Y0           BSCANE2                      0.000     0.000 r  dbg_hub/inst/N_EXT_BSCAN.bscan_inst/SERIES7_BSCAN.bscan_inst/DRCK
                         net (fo=1, routed)           3.110     3.110    dbg_hub/inst/DRCK
    BUFGCTRL_X0Y1        BUFG (Prop_bufg_I_O)         0.093     3.203 r  dbg_hub/inst/N_EXT_BSCAN.u_bufg_icon/O
                         net (fo=269, routed)         1.575     4.778    dbg_hub/inst/CORE_XSDB.U_ICON/U_CMD/CLK
    SLICE_X102Y64        FDCE                                         r  dbg_hub/inst/CORE_XSDB.U_ICON/U_CMD/iTARGET_reg[13]/C
  -------------------------------------------------------------------    -------------------
    SLICE_X102Y64        FDCE (Prop_fdce_C_Q)         0.259     5.037 f  dbg_hub/inst/CORE_XSDB.U_ICON/U_CMD/iTARGET_reg[13]/Q
                         net (fo=4, routed)           0.487     5.523    dbg_hub/inst/CORE_XSDB.U_ICON/U_CMD/iCORE_ID[1]
    SLICE_X103Y64        LUT6 (Prop_lut6_I3_O)        0.043     5.566 r  dbg_hub/inst/CORE_XSDB.U_ICON/U_CMD/shift_reg_in[1]_i_2/O
                         net (fo=9, routed)           0.454     6.020    dbg_hub/inst/CORE_XSDB.U_ICON/U_CMD/shift_reg_in[1]_i_2_n_0
    SLICE_X104Y61        LUT6 (Prop_lut6_I0_O)        0.043     6.063 r  dbg_hub/inst/CORE_XSDB.U_ICON/U_CMD/shift_reg_in[15]_i_2/O
                         net (fo=7, routed)           0.381     6.444    dbg_hub/inst/CORE_XSDB.U_ICON/U_CMD/shift_reg_in_reg[15][1]
    SLICE_X106Y61        LUT2 (Prop_lut2_I0_O)        0.051     6.495 r  dbg_hub/inst/CORE_XSDB.U_ICON/U_CMD/shift_reg_in[15]_i_1/O
                         net (fo=18, routed)          0.870     7.365    dbg_hub/inst/CORE_XSDB.UUT_MASTER/U_ICON_INTERFACE/U_CMD6_WR/U_WR_FIFO/SUBCORE_FIFO.xsdbm_v1_1_1_wrfifo_inst/inst_fifo_gen/gconvfifo.rf/grf.rf/gntv_or_sync_fifo.gl0.wr/gwas.wsts/shift_reg_in_reg[17][0]
    SLICE_X103Y66        LUT6 (Prop_lut6_I1_O)        0.134     7.499 r  dbg_hub/inst/CORE_XSDB.UUT_MASTER/U_ICON_INTERFACE/U_CMD6_WR/U_WR_FIFO/SUBCORE_FIFO.xsdbm_v1_1_1_wrfifo_inst/inst_fifo_gen/gconvfifo.rf/grf.rf/gntv_or_sync_fifo.gl0.wr/gwas.wsts/gic0.gc0.count_d1[3]_i_1/O
                         net (fo=37, routed)          0.792     8.291    dbg_hub/inst/CORE_XSDB.UUT_MASTER/U_ICON_INTERFACE/U_CMD6_WR/U_WR_FIFO/SUBCORE_FIFO.xsdbm_v1_1_1_wrfifo_inst/inst_fifo_gen/gconvfifo.rf/grf.rf/gntv_or_sync_fifo.mem/gdm.dm/RAM_reg_0_15_6_11/WE
    SLICE_X106Y67        RAMD32                                       r  dbg_hub/inst/CORE_XSDB.UUT_MASTER/U_ICON_INTERFACE/U_CMD6_WR/U_WR_FIFO/SUBCORE_FIFO.xsdbm_v1_1_1_wrfifo_inst/inst_fifo_gen/gconvfifo.rf/grf.rf/gntv_or_sync_fifo.mem/gdm.dm/RAM_reg_0_15_6_11/RAMA/WE
  -------------------------------------------------------------------    -------------------

                         (clock dbg_hub/inst/N_EXT_BSCAN.bscan_inst/SERIES7_BSCAN.bscan_inst/DRCK rise edge)
                                                     30.000    30.000 r  
    BSCAN_X0Y0           BSCANE2                      0.000    30.000 r  dbg_hub/inst/N_EXT_BSCAN.bscan_inst/SERIES7_BSCAN.bscan_inst/DRCK
                         net (fo=1, routed)           2.627    32.627    dbg_hub/inst/DRCK
    BUFGCTRL_X0Y1        BUFG (Prop_bufg_I_O)         0.083    32.710 r  dbg_hub/inst/N_EXT_BSCAN.u_bufg_icon/O
                         net (fo=269, routed)         1.444    34.154    dbg_hub/inst/CORE_XSDB.UUT_MASTER/U_ICON_INTERFACE/U_CMD6_WR/U_WR_FIFO/SUBCORE_FIFO.xsdbm_v1_1_1_wrfifo_inst/inst_fifo_gen/gconvfifo.rf/grf.rf/gntv_or_sync_fifo.mem/gdm.dm/RAM_reg_0_15_6_11/WCLK
    SLICE_X106Y67        RAMD32                                       r  dbg_hub/inst/CORE_XSDB.UUT_MASTER/U_ICON_INTERFACE/U_CMD6_WR/U_WR_FIFO/SUBCORE_FIFO.xsdbm_v1_1_1_wrfifo_inst/inst_fifo_gen/gconvfifo.rf/grf.rf/gntv_or_sync_fifo.mem/gdm.dm/RAM_reg_0_15_6_11/RAMA/CLK
                         clock pessimism              0.583    34.737    
                         clock uncertainty           -0.035    34.702    
    SLICE_X106Y67        RAMD32 (Setup_ramd32_CLK_WE)
                                                     -0.303    34.399    dbg_hub/inst/CORE_XSDB.UUT_MASTER/U_ICON_INTERFACE/U_CMD6_WR/U_WR_FIFO/SUBCORE_FIFO.xsdbm_v1_1_1_wrfifo_inst/inst_fifo_gen/gconvfifo.rf/grf.rf/gntv_or_sync_fifo.mem/gdm.dm/RAM_reg_0_15_6_11/RAMA
  -------------------------------------------------------------------
                         required time                         34.399    
                         arrival time                          -8.291    
  -------------------------------------------------------------------
                         slack                                 26.107    

Slack (MET) :             26.107ns  (required time - arrival time)
  Source:                 dbg_hub/inst/CORE_XSDB.U_ICON/U_CMD/iTARGET_reg[13]/C
                            (rising edge-triggered cell FDCE clocked by dbg_hub/inst/N_EXT_BSCAN.bscan_inst/SERIES7_BSCAN.bscan_inst/DRCK  {rise@0.000ns fall@15.000ns period=30.000ns})
  Destination:            dbg_hub/inst/CORE_XSDB.UUT_MASTER/U_ICON_INTERFACE/U_CMD6_WR/U_WR_FIFO/SUBCORE_FIFO.xsdbm_v1_1_1_wrfifo_inst/inst_fifo_gen/gconvfifo.rf/grf.rf/gntv_or_sync_fifo.mem/gdm.dm/RAM_reg_0_15_6_11/RAMA_D1/WE
                            (rising edge-triggered cell RAMD32 clocked by dbg_hub/inst/N_EXT_BSCAN.bscan_inst/SERIES7_BSCAN.bscan_inst/DRCK  {rise@0.000ns fall@15.000ns period=30.000ns})
  Path Group:             dbg_hub/inst/N_EXT_BSCAN.bscan_inst/SERIES7_BSCAN.bscan_inst/DRCK
  Path Type:              Setup (Max at Slow Process Corner)
  Requirement:            30.000ns  (dbg_hub/inst/N_EXT_BSCAN.bscan_inst/SERIES7_BSCAN.bscan_inst/DRCK rise@30.000ns - dbg_hub/inst/N_EXT_BSCAN.bscan_inst/SERIES7_BSCAN.bscan_inst/DRCK rise@0.000ns)
  Data Path Delay:        3.513ns  (logic 0.530ns (15.086%)  route 2.983ns (84.914%))
  Logic Levels:           4  (LUT2=1 LUT6=3)
  Clock Path Skew:        -0.041ns (DCD - SCD + CPR)
    Destination Clock Delay (DCD):    4.154ns = ( 34.154 - 30.000 ) 
    Source Clock Delay      (SCD):    4.778ns
    Clock Pessimism Removal (CPR):    0.583ns
  Clock Uncertainty:      0.035ns  ((TSJ^2 + TIJ^2)^1/2 + DJ) / 2 + PE
    Total System Jitter     (TSJ):    0.071ns
    Total Input Jitter      (TIJ):    0.000ns
    Discrete Jitter          (DJ):    0.000ns
    Phase Error              (PE):    0.000ns

    Location             Delay type                Incr(ns)  Path(ns)    Netlist Resource(s)
  -------------------------------------------------------------------    -------------------
                         (clock dbg_hub/inst/N_EXT_BSCAN.bscan_inst/SERIES7_BSCAN.bscan_inst/DRCK rise edge)
                                                      0.000     0.000 r  
    BSCAN_X0Y0           BSCANE2                      0.000     0.000 r  dbg_hub/inst/N_EXT_BSCAN.bscan_inst/SERIES7_BSCAN.bscan_inst/DRCK
                         net (fo=1, routed)           3.110     3.110    dbg_hub/inst/DRCK
    BUFGCTRL_X0Y1        BUFG (Prop_bufg_I_O)         0.093     3.203 r  dbg_hub/inst/N_EXT_BSCAN.u_bufg_icon/O
                         net (fo=269, routed)         1.575     4.778    dbg_hub/inst/CORE_XSDB.U_ICON/U_CMD/CLK
    SLICE_X102Y64        FDCE                                         r  dbg_hub/inst/CORE_XSDB.U_ICON/U_CMD/iTARGET_reg[13]/C
  -------------------------------------------------------------------    -------------------
    SLICE_X102Y64        FDCE (Prop_fdce_C_Q)         0.259     5.037 f  dbg_hub/inst/CORE_XSDB.U_ICON/U_CMD/iTARGET_reg[13]/Q
                         net (fo=4, routed)           0.487     5.523    dbg_hub/inst/CORE_XSDB.U_ICON/U_CMD/iCORE_ID[1]
    SLICE_X103Y64        LUT6 (Prop_lut6_I3_O)        0.043     5.566 r  dbg_hub/inst/CORE_XSDB.U_ICON/U_CMD/shift_reg_in[1]_i_2/O
                         net (fo=9, routed)           0.454     6.020    dbg_hub/inst/CORE_XSDB.U_ICON/U_CMD/shift_reg_in[1]_i_2_n_0
    SLICE_X104Y61        LUT6 (Prop_lut6_I0_O)        0.043     6.063 r  dbg_hub/inst/CORE_XSDB.U_ICON/U_CMD/shift_reg_in[15]_i_2/O
                         net (fo=7, routed)           0.381     6.444    dbg_hub/inst/CORE_XSDB.U_ICON/U_CMD/shift_reg_in_reg[15][1]
    SLICE_X106Y61        LUT2 (Prop_lut2_I0_O)        0.051     6.495 r  dbg_hub/inst/CORE_XSDB.U_ICON/U_CMD/shift_reg_in[15]_i_1/O
                         net (fo=18, routed)          0.870     7.365    dbg_hub/inst/CORE_XSDB.UUT_MASTER/U_ICON_INTERFACE/U_CMD6_WR/U_WR_FIFO/SUBCORE_FIFO.xsdbm_v1_1_1_wrfifo_inst/inst_fifo_gen/gconvfifo.rf/grf.rf/gntv_or_sync_fifo.gl0.wr/gwas.wsts/shift_reg_in_reg[17][0]
    SLICE_X103Y66        LUT6 (Prop_lut6_I1_O)        0.134     7.499 r  dbg_hub/inst/CORE_XSDB.UUT_MASTER/U_ICON_INTERFACE/U_CMD6_WR/U_WR_FIFO/SUBCORE_FIFO.xsdbm_v1_1_1_wrfifo_inst/inst_fifo_gen/gconvfifo.rf/grf.rf/gntv_or_sync_fifo.gl0.wr/gwas.wsts/gic0.gc0.count_d1[3]_i_1/O
                         net (fo=37, routed)          0.792     8.291    dbg_hub/inst/CORE_XSDB.UUT_MASTER/U_ICON_INTERFACE/U_CMD6_WR/U_WR_FIFO/SUBCORE_FIFO.xsdbm_v1_1_1_wrfifo_inst/inst_fifo_gen/gconvfifo.rf/grf.rf/gntv_or_sync_fifo.mem/gdm.dm/RAM_reg_0_15_6_11/WE
    SLICE_X106Y67        RAMD32                                       r  dbg_hub/inst/CORE_XSDB.UUT_MASTER/U_ICON_INTERFACE/U_CMD6_WR/U_WR_FIFO/SUBCORE_FIFO.xsdbm_v1_1_1_wrfifo_inst/inst_fifo_gen/gconvfifo.rf/grf.rf/gntv_or_sync_fifo.mem/gdm.dm/RAM_reg_0_15_6_11/RAMA_D1/WE
  -------------------------------------------------------------------    -------------------

                         (clock dbg_hub/inst/N_EXT_BSCAN.bscan_inst/SERIES7_BSCAN.bscan_inst/DRCK rise edge)
                                                     30.000    30.000 r  
    BSCAN_X0Y0           BSCANE2                      0.000    30.000 r  dbg_hub/inst/N_EXT_BSCAN.bscan_inst/SERIES7_BSCAN.bscan_inst/DRCK
                         net (fo=1, routed)           2.627    32.627    dbg_hub/inst/DRCK
    BUFGCTRL_X0Y1        BUFG (Prop_bufg_I_O)         0.083    32.710 r  dbg_hub/inst/N_EXT_BSCAN.u_bufg_icon/O
                         net (fo=269, routed)         1.444    34.154    dbg_hub/inst/CORE_XSDB.UUT_MASTER/U_ICON_INTERFACE/U_CMD6_WR/U_WR_FIFO/SUBCORE_FIFO.xsdbm_v1_1_1_wrfifo_inst/inst_fifo_gen/gconvfifo.rf/grf.rf/gntv_or_sync_fifo.mem/gdm.dm/RAM_reg_0_15_6_11/WCLK
    SLICE_X106Y67        RAMD32                                       r  dbg_hub/inst/CORE_XSDB.UUT_MASTER/U_ICON_INTERFACE/U_CMD6_WR/U_WR_FIFO/SUBCORE_FIFO.xsdbm_v1_1_1_wrfifo_inst/inst_fifo_gen/gconvfifo.rf/grf.rf/gntv_or_sync_fifo.mem/gdm.dm/RAM_reg_0_15_6_11/RAMA_D1/CLK
                         clock pessimism              0.583    34.737    
                         clock uncertainty           -0.035    34.702    
    SLICE_X106Y67        RAMD32 (Setup_ramd32_CLK_WE)
                                                     -0.303    34.399    dbg_hub/inst/CORE_XSDB.UUT_MASTER/U_ICON_INTERFACE/U_CMD6_WR/U_WR_FIFO/SUBCORE_FIFO.xsdbm_v1_1_1_wrfifo_inst/inst_fifo_gen/gconvfifo.rf/grf.rf/gntv_or_sync_fifo.mem/gdm.dm/RAM_reg_0_15_6_11/RAMA_D1
  -------------------------------------------------------------------
                         required time                         34.399    
                         arrival time                          -8.291    
  -------------------------------------------------------------------
                         slack                                 26.107    

Slack (MET) :             26.107ns  (required time - arrival time)
  Source:                 dbg_hub/inst/CORE_XSDB.U_ICON/U_CMD/iTARGET_reg[13]/C
                            (rising edge-triggered cell FDCE clocked by dbg_hub/inst/N_EXT_BSCAN.bscan_inst/SERIES7_BSCAN.bscan_inst/DRCK  {rise@0.000ns fall@15.000ns period=30.000ns})
  Destination:            dbg_hub/inst/CORE_XSDB.UUT_MASTER/U_ICON_INTERFACE/U_CMD6_WR/U_WR_FIFO/SUBCORE_FIFO.xsdbm_v1_1_1_wrfifo_inst/inst_fifo_gen/gconvfifo.rf/grf.rf/gntv_or_sync_fifo.mem/gdm.dm/RAM_reg_0_15_6_11/RAMB/WE
                            (rising edge-triggered cell RAMD32 clocked by dbg_hub/inst/N_EXT_BSCAN.bscan_inst/SERIES7_BSCAN.bscan_inst/DRCK  {rise@0.000ns fall@15.000ns period=30.000ns})
  Path Group:             dbg_hub/inst/N_EXT_BSCAN.bscan_inst/SERIES7_BSCAN.bscan_inst/DRCK
  Path Type:              Setup (Max at Slow Process Corner)
  Requirement:            30.000ns  (dbg_hub/inst/N_EXT_BSCAN.bscan_inst/SERIES7_BSCAN.bscan_inst/DRCK rise@30.000ns - dbg_hub/inst/N_EXT_BSCAN.bscan_inst/SERIES7_BSCAN.bscan_inst/DRCK rise@0.000ns)
  Data Path Delay:        3.513ns  (logic 0.530ns (15.086%)  route 2.983ns (84.914%))
  Logic Levels:           4  (LUT2=1 LUT6=3)
  Clock Path Skew:        -0.041ns (DCD - SCD + CPR)
    Destination Clock Delay (DCD):    4.154ns = ( 34.154 - 30.000 ) 
    Source Clock Delay      (SCD):    4.778ns
    Clock Pessimism Removal (CPR):    0.583ns
  Clock Uncertainty:      0.035ns  ((TSJ^2 + TIJ^2)^1/2 + DJ) / 2 + PE
    Total System Jitter     (TSJ):    0.071ns
    Total Input Jitter      (TIJ):    0.000ns
    Discrete Jitter          (DJ):    0.000ns
    Phase Error              (PE):    0.000ns

    Location             Delay type                Incr(ns)  Path(ns)    Netlist Resource(s)
  -------------------------------------------------------------------    -------------------
                         (clock dbg_hub/inst/N_EXT_BSCAN.bscan_inst/SERIES7_BSCAN.bscan_inst/DRCK rise edge)
                                                      0.000     0.000 r  
    BSCAN_X0Y0           BSCANE2                      0.000     0.000 r  dbg_hub/inst/N_EXT_BSCAN.bscan_inst/SERIES7_BSCAN.bscan_inst/DRCK
                         net (fo=1, routed)           3.110     3.110    dbg_hub/inst/DRCK
    BUFGCTRL_X0Y1        BUFG (Prop_bufg_I_O)         0.093     3.203 r  dbg_hub/inst/N_EXT_BSCAN.u_bufg_icon/O
                         net (fo=269, routed)         1.575     4.778    dbg_hub/inst/CORE_XSDB.U_ICON/U_CMD/CLK
    SLICE_X102Y64        FDCE                                         r  dbg_hub/inst/CORE_XSDB.U_ICON/U_CMD/iTARGET_reg[13]/C
  -------------------------------------------------------------------    -------------------
    SLICE_X102Y64        FDCE (Prop_fdce_C_Q)         0.259     5.037 f  dbg_hub/inst/CORE_XSDB.U_ICON/U_CMD/iTARGET_reg[13]/Q
                         net (fo=4, routed)           0.487     5.523    dbg_hub/inst/CORE_XSDB.U_ICON/U_CMD/iCORE_ID[1]
    SLICE_X103Y64        LUT6 (Prop_lut6_I3_O)        0.043     5.566 r  dbg_hub/inst/CORE_XSDB.U_ICON/U_CMD/shift_reg_in[1]_i_2/O
                         net (fo=9, routed)           0.454     6.020    dbg_hub/inst/CORE_XSDB.U_ICON/U_CMD/shift_reg_in[1]_i_2_n_0
    SLICE_X104Y61        LUT6 (Prop_lut6_I0_O)        0.043     6.063 r  dbg_hub/inst/CORE_XSDB.U_ICON/U_CMD/shift_reg_in[15]_i_2/O
                         net (fo=7, routed)           0.381     6.444    dbg_hub/inst/CORE_XSDB.U_ICON/U_CMD/shift_reg_in_reg[15][1]
    SLICE_X106Y61        LUT2 (Prop_lut2_I0_O)        0.051     6.495 r  dbg_hub/inst/CORE_XSDB.U_ICON/U_CMD/shift_reg_in[15]_i_1/O
                         net (fo=18, routed)          0.870     7.365    dbg_hub/inst/CORE_XSDB.UUT_MASTER/U_ICON_INTERFACE/U_CMD6_WR/U_WR_FIFO/SUBCORE_FIFO.xsdbm_v1_1_1_wrfifo_inst/inst_fifo_gen/gconvfifo.rf/grf.rf/gntv_or_sync_fifo.gl0.wr/gwas.wsts/shift_reg_in_reg[17][0]
    SLICE_X103Y66        LUT6 (Prop_lut6_I1_O)        0.134     7.499 r  dbg_hub/inst/CORE_XSDB.UUT_MASTER/U_ICON_INTERFACE/U_CMD6_WR/U_WR_FIFO/SUBCORE_FIFO.xsdbm_v1_1_1_wrfifo_inst/inst_fifo_gen/gconvfifo.rf/grf.rf/gntv_or_sync_fifo.gl0.wr/gwas.wsts/gic0.gc0.count_d1[3]_i_1/O
                         net (fo=37, routed)          0.792     8.291    dbg_hub/inst/CORE_XSDB.UUT_MASTER/U_ICON_INTERFACE/U_CMD6_WR/U_WR_FIFO/SUBCORE_FIFO.xsdbm_v1_1_1_wrfifo_inst/inst_fifo_gen/gconvfifo.rf/grf.rf/gntv_or_sync_fifo.mem/gdm.dm/RAM_reg_0_15_6_11/WE
    SLICE_X106Y67        RAMD32                                       r  dbg_hub/inst/CORE_XSDB.UUT_MASTER/U_ICON_INTERFACE/U_CMD6_WR/U_WR_FIFO/SUBCORE_FIFO.xsdbm_v1_1_1_wrfifo_inst/inst_fifo_gen/gconvfifo.rf/grf.rf/gntv_or_sync_fifo.mem/gdm.dm/RAM_reg_0_15_6_11/RAMB/WE
  -------------------------------------------------------------------    -------------------

                         (clock dbg_hub/inst/N_EXT_BSCAN.bscan_inst/SERIES7_BSCAN.bscan_inst/DRCK rise edge)
                                                     30.000    30.000 r  
    BSCAN_X0Y0           BSCANE2                      0.000    30.000 r  dbg_hub/inst/N_EXT_BSCAN.bscan_inst/SERIES7_BSCAN.bscan_inst/DRCK
                         net (fo=1, routed)           2.627    32.627    dbg_hub/inst/DRCK
    BUFGCTRL_X0Y1        BUFG (Prop_bufg_I_O)         0.083    32.710 r  dbg_hub/inst/N_EXT_BSCAN.u_bufg_icon/O
                         net (fo=269, routed)         1.444    34.154    dbg_hub/inst/CORE_XSDB.UUT_MASTER/U_ICON_INTERFACE/U_CMD6_WR/U_WR_FIFO/SUBCORE_FIFO.xsdbm_v1_1_1_wrfifo_inst/inst_fifo_gen/gconvfifo.rf/grf.rf/gntv_or_sync_fifo.mem/gdm.dm/RAM_reg_0_15_6_11/WCLK
    SLICE_X106Y67        RAMD32                                       r  dbg_hub/inst/CORE_XSDB.UUT_MASTER/U_ICON_INTERFACE/U_CMD6_WR/U_WR_FIFO/SUBCORE_FIFO.xsdbm_v1_1_1_wrfifo_inst/inst_fifo_gen/gconvfifo.rf/grf.rf/gntv_or_sync_fifo.mem/gdm.dm/RAM_reg_0_15_6_11/RAMB/CLK
                         clock pessimism              0.583    34.737    
                         clock uncertainty           -0.035    34.702    
    SLICE_X106Y67        RAMD32 (Setup_ramd32_CLK_WE)
                                                     -0.303    34.399    dbg_hub/inst/CORE_XSDB.UUT_MASTER/U_ICON_INTERFACE/U_CMD6_WR/U_WR_FIFO/SUBCORE_FIFO.xsdbm_v1_1_1_wrfifo_inst/inst_fifo_gen/gconvfifo.rf/grf.rf/gntv_or_sync_fifo.mem/gdm.dm/RAM_reg_0_15_6_11/RAMB
  -------------------------------------------------------------------
                         required time                         34.399    
                         arrival time                          -8.291    
  -------------------------------------------------------------------
                         slack                                 26.107    

Slack (MET) :             26.107ns  (required time - arrival time)
  Source:                 dbg_hub/inst/CORE_XSDB.U_ICON/U_CMD/iTARGET_reg[13]/C
                            (rising edge-triggered cell FDCE clocked by dbg_hub/inst/N_EXT_BSCAN.bscan_inst/SERIES7_BSCAN.bscan_inst/DRCK  {rise@0.000ns fall@15.000ns period=30.000ns})
  Destination:            dbg_hub/inst/CORE_XSDB.UUT_MASTER/U_ICON_INTERFACE/U_CMD6_WR/U_WR_FIFO/SUBCORE_FIFO.xsdbm_v1_1_1_wrfifo_inst/inst_fifo_gen/gconvfifo.rf/grf.rf/gntv_or_sync_fifo.mem/gdm.dm/RAM_reg_0_15_6_11/RAMB_D1/WE
                            (rising edge-triggered cell RAMD32 clocked by dbg_hub/inst/N_EXT_BSCAN.bscan_inst/SERIES7_BSCAN.bscan_inst/DRCK  {rise@0.000ns fall@15.000ns period=30.000ns})
  Path Group:             dbg_hub/inst/N_EXT_BSCAN.bscan_inst/SERIES7_BSCAN.bscan_inst/DRCK
  Path Type:              Setup (Max at Slow Process Corner)
  Requirement:            30.000ns  (dbg_hub/inst/N_EXT_BSCAN.bscan_inst/SERIES7_BSCAN.bscan_inst/DRCK rise@30.000ns - dbg_hub/inst/N_EXT_BSCAN.bscan_inst/SERIES7_BSCAN.bscan_inst/DRCK rise@0.000ns)
  Data Path Delay:        3.513ns  (logic 0.530ns (15.086%)  route 2.983ns (84.914%))
  Logic Levels:           4  (LUT2=1 LUT6=3)
  Clock Path Skew:        -0.041ns (DCD - SCD + CPR)
    Destination Clock Delay (DCD):    4.154ns = ( 34.154 - 30.000 ) 
    Source Clock Delay      (SCD):    4.778ns
    Clock Pessimism Removal (CPR):    0.583ns
  Clock Uncertainty:      0.035ns  ((TSJ^2 + TIJ^2)^1/2 + DJ) / 2 + PE
    Total System Jitter     (TSJ):    0.071ns
    Total Input Jitter      (TIJ):    0.000ns
    Discrete Jitter          (DJ):    0.000ns
    Phase Error              (PE):    0.000ns

    Location             Delay type                Incr(ns)  Path(ns)    Netlist Resource(s)
  -------------------------------------------------------------------    -------------------
                         (clock dbg_hub/inst/N_EXT_BSCAN.bscan_inst/SERIES7_BSCAN.bscan_inst/DRCK rise edge)
                                                      0.000     0.000 r  
    BSCAN_X0Y0           BSCANE2                      0.000     0.000 r  dbg_hub/inst/N_EXT_BSCAN.bscan_inst/SERIES7_BSCAN.bscan_inst/DRCK
                         net (fo=1, routed)           3.110     3.110    dbg_hub/inst/DRCK
    BUFGCTRL_X0Y1        BUFG (Prop_bufg_I_O)         0.093     3.203 r  dbg_hub/inst/N_EXT_BSCAN.u_bufg_icon/O
                         net (fo=269, routed)         1.575     4.778    dbg_hub/inst/CORE_XSDB.U_ICON/U_CMD/CLK
    SLICE_X102Y64        FDCE                                         r  dbg_hub/inst/CORE_XSDB.U_ICON/U_CMD/iTARGET_reg[13]/C
  -------------------------------------------------------------------    -------------------
    SLICE_X102Y64        FDCE (Prop_fdce_C_Q)         0.259     5.037 f  dbg_hub/inst/CORE_XSDB.U_ICON/U_CMD/iTARGET_reg[13]/Q
                         net (fo=4, routed)           0.487     5.523    dbg_hub/inst/CORE_XSDB.U_ICON/U_CMD/iCORE_ID[1]
    SLICE_X103Y64        LUT6 (Prop_lut6_I3_O)        0.043     5.566 r  dbg_hub/inst/CORE_XSDB.U_ICON/U_CMD/shift_reg_in[1]_i_2/O
                         net (fo=9, routed)           0.454     6.020    dbg_hub/inst/CORE_XSDB.U_ICON/U_CMD/shift_reg_in[1]_i_2_n_0
    SLICE_X104Y61        LUT6 (Prop_lut6_I0_O)        0.043     6.063 r  dbg_hub/inst/CORE_XSDB.U_ICON/U_CMD/shift_reg_in[15]_i_2/O
                         net (fo=7, routed)           0.381     6.444    dbg_hub/inst/CORE_XSDB.U_ICON/U_CMD/shift_reg_in_reg[15][1]
    SLICE_X106Y61        LUT2 (Prop_lut2_I0_O)        0.051     6.495 r  dbg_hub/inst/CORE_XSDB.U_ICON/U_CMD/shift_reg_in[15]_i_1/O
                         net (fo=18, routed)          0.870     7.365    dbg_hub/inst/CORE_XSDB.UUT_MASTER/U_ICON_INTERFACE/U_CMD6_WR/U_WR_FIFO/SUBCORE_FIFO.xsdbm_v1_1_1_wrfifo_inst/inst_fifo_gen/gconvfifo.rf/grf.rf/gntv_or_sync_fifo.gl0.wr/gwas.wsts/shift_reg_in_reg[17][0]
    SLICE_X103Y66        LUT6 (Prop_lut6_I1_O)        0.134     7.499 r  dbg_hub/inst/CORE_XSDB.UUT_MASTER/U_ICON_INTERFACE/U_CMD6_WR/U_WR_FIFO/SUBCORE_FIFO.xsdbm_v1_1_1_wrfifo_inst/inst_fifo_gen/gconvfifo.rf/grf.rf/gntv_or_sync_fifo.gl0.wr/gwas.wsts/gic0.gc0.count_d1[3]_i_1/O
                         net (fo=37, routed)          0.792     8.291    dbg_hub/inst/CORE_XSDB.UUT_MASTER/U_ICON_INTERFACE/U_CMD6_WR/U_WR_FIFO/SUBCORE_FIFO.xsdbm_v1_1_1_wrfifo_inst/inst_fifo_gen/gconvfifo.rf/grf.rf/gntv_or_sync_fifo.mem/gdm.dm/RAM_reg_0_15_6_11/WE
    SLICE_X106Y67        RAMD32                                       r  dbg_hub/inst/CORE_XSDB.UUT_MASTER/U_ICON_INTERFACE/U_CMD6_WR/U_WR_FIFO/SUBCORE_FIFO.xsdbm_v1_1_1_wrfifo_inst/inst_fifo_gen/gconvfifo.rf/grf.rf/gntv_or_sync_fifo.mem/gdm.dm/RAM_reg_0_15_6_11/RAMB_D1/WE
  -------------------------------------------------------------------    -------------------

                         (clock dbg_hub/inst/N_EXT_BSCAN.bscan_inst/SERIES7_BSCAN.bscan_inst/DRCK rise edge)
                                                     30.000    30.000 r  
    BSCAN_X0Y0           BSCANE2                      0.000    30.000 r  dbg_hub/inst/N_EXT_BSCAN.bscan_inst/SERIES7_BSCAN.bscan_inst/DRCK
                         net (fo=1, routed)           2.627    32.627    dbg_hub/inst/DRCK
    BUFGCTRL_X0Y1        BUFG (Prop_bufg_I_O)         0.083    32.710 r  dbg_hub/inst/N_EXT_BSCAN.u_bufg_icon/O
                         net (fo=269, routed)         1.444    34.154    dbg_hub/inst/CORE_XSDB.UUT_MASTER/U_ICON_INTERFACE/U_CMD6_WR/U_WR_FIFO/SUBCORE_FIFO.xsdbm_v1_1_1_wrfifo_inst/inst_fifo_gen/gconvfifo.rf/grf.rf/gntv_or_sync_fifo.mem/gdm.dm/RAM_reg_0_15_6_11/WCLK
    SLICE_X106Y67        RAMD32                                       r  dbg_hub/inst/CORE_XSDB.UUT_MASTER/U_ICON_INTERFACE/U_CMD6_WR/U_WR_FIFO/SUBCORE_FIFO.xsdbm_v1_1_1_wrfifo_inst/inst_fifo_gen/gconvfifo.rf/grf.rf/gntv_or_sync_fifo.mem/gdm.dm/RAM_reg_0_15_6_11/RAMB_D1/CLK
                         clock pessimism              0.583    34.737    
                         clock uncertainty           -0.035    34.702    
    SLICE_X106Y67        RAMD32 (Setup_ramd32_CLK_WE)
                                                     -0.303    34.399    dbg_hub/inst/CORE_XSDB.UUT_MASTER/U_ICON_INTERFACE/U_CMD6_WR/U_WR_FIFO/SUBCORE_FIFO.xsdbm_v1_1_1_wrfifo_inst/inst_fifo_gen/gconvfifo.rf/grf.rf/gntv_or_sync_fifo.mem/gdm.dm/RAM_reg_0_15_6_11/RAMB_D1
  -------------------------------------------------------------------
                         required time                         34.399    
                         arrival time                          -8.291    
  -------------------------------------------------------------------
                         slack                                 26.107    

Slack (MET) :             26.107ns  (required time - arrival time)
  Source:                 dbg_hub/inst/CORE_XSDB.U_ICON/U_CMD/iTARGET_reg[13]/C
                            (rising edge-triggered cell FDCE clocked by dbg_hub/inst/N_EXT_BSCAN.bscan_inst/SERIES7_BSCAN.bscan_inst/DRCK  {rise@0.000ns fall@15.000ns period=30.000ns})
  Destination:            dbg_hub/inst/CORE_XSDB.UUT_MASTER/U_ICON_INTERFACE/U_CMD6_WR/U_WR_FIFO/SUBCORE_FIFO.xsdbm_v1_1_1_wrfifo_inst/inst_fifo_gen/gconvfifo.rf/grf.rf/gntv_or_sync_fifo.mem/gdm.dm/RAM_reg_0_15_6_11/RAMC/WE
                            (rising edge-triggered cell RAMD32 clocked by dbg_hub/inst/N_EXT_BSCAN.bscan_inst/SERIES7_BSCAN.bscan_inst/DRCK  {rise@0.000ns fall@15.000ns period=30.000ns})
  Path Group:             dbg_hub/inst/N_EXT_BSCAN.bscan_inst/SERIES7_BSCAN.bscan_inst/DRCK
  Path Type:              Setup (Max at Slow Process Corner)
  Requirement:            30.000ns  (dbg_hub/inst/N_EXT_BSCAN.bscan_inst/SERIES7_BSCAN.bscan_inst/DRCK rise@30.000ns - dbg_hub/inst/N_EXT_BSCAN.bscan_inst/SERIES7_BSCAN.bscan_inst/DRCK rise@0.000ns)
  Data Path Delay:        3.513ns  (logic 0.530ns (15.086%)  route 2.983ns (84.914%))
  Logic Levels:           4  (LUT2=1 LUT6=3)
  Clock Path Skew:        -0.041ns (DCD - SCD + CPR)
    Destination Clock Delay (DCD):    4.154ns = ( 34.154 - 30.000 ) 
    Source Clock Delay      (SCD):    4.778ns
    Clock Pessimism Removal (CPR):    0.583ns
  Clock Uncertainty:      0.035ns  ((TSJ^2 + TIJ^2)^1/2 + DJ) / 2 + PE
    Total System Jitter     (TSJ):    0.071ns
    Total Input Jitter      (TIJ):    0.000ns
    Discrete Jitter          (DJ):    0.000ns
    Phase Error              (PE):    0.000ns

    Location             Delay type                Incr(ns)  Path(ns)    Netlist Resource(s)
  -------------------------------------------------------------------    -------------------
                         (clock dbg_hub/inst/N_EXT_BSCAN.bscan_inst/SERIES7_BSCAN.bscan_inst/DRCK rise edge)
                                                      0.000     0.000 r  
    BSCAN_X0Y0           BSCANE2                      0.000     0.000 r  dbg_hub/inst/N_EXT_BSCAN.bscan_inst/SERIES7_BSCAN.bscan_inst/DRCK
                         net (fo=1, routed)           3.110     3.110    dbg_hub/inst/DRCK
    BUFGCTRL_X0Y1        BUFG (Prop_bufg_I_O)         0.093     3.203 r  dbg_hub/inst/N_EXT_BSCAN.u_bufg_icon/O
                         net (fo=269, routed)         1.575     4.778    dbg_hub/inst/CORE_XSDB.U_ICON/U_CMD/CLK
    SLICE_X102Y64        FDCE                                         r  dbg_hub/inst/CORE_XSDB.U_ICON/U_CMD/iTARGET_reg[13]/C
  -------------------------------------------------------------------    -------------------
    SLICE_X102Y64        FDCE (Prop_fdce_C_Q)         0.259     5.037 f  dbg_hub/inst/CORE_XSDB.U_ICON/U_CMD/iTARGET_reg[13]/Q
                         net (fo=4, routed)           0.487     5.523    dbg_hub/inst/CORE_XSDB.U_ICON/U_CMD/iCORE_ID[1]
    SLICE_X103Y64        LUT6 (Prop_lut6_I3_O)        0.043     5.566 r  dbg_hub/inst/CORE_XSDB.U_ICON/U_CMD/shift_reg_in[1]_i_2/O
                         net (fo=9, routed)           0.454     6.020    dbg_hub/inst/CORE_XSDB.U_ICON/U_CMD/shift_reg_in[1]_i_2_n_0
    SLICE_X104Y61        LUT6 (Prop_lut6_I0_O)        0.043     6.063 r  dbg_hub/inst/CORE_XSDB.U_ICON/U_CMD/shift_reg_in[15]_i_2/O
                         net (fo=7, routed)           0.381     6.444    dbg_hub/inst/CORE_XSDB.U_ICON/U_CMD/shift_reg_in_reg[15][1]
    SLICE_X106Y61        LUT2 (Prop_lut2_I0_O)        0.051     6.495 r  dbg_hub/inst/CORE_XSDB.U_ICON/U_CMD/shift_reg_in[15]_i_1/O
                         net (fo=18, routed)          0.870     7.365    dbg_hub/inst/CORE_XSDB.UUT_MASTER/U_ICON_INTERFACE/U_CMD6_WR/U_WR_FIFO/SUBCORE_FIFO.xsdbm_v1_1_1_wrfifo_inst/inst_fifo_gen/gconvfifo.rf/grf.rf/gntv_or_sync_fifo.gl0.wr/gwas.wsts/shift_reg_in_reg[17][0]
    SLICE_X103Y66        LUT6 (Prop_lut6_I1_O)        0.134     7.499 r  dbg_hub/inst/CORE_XSDB.UUT_MASTER/U_ICON_INTERFACE/U_CMD6_WR/U_WR_FIFO/SUBCORE_FIFO.xsdbm_v1_1_1_wrfifo_inst/inst_fifo_gen/gconvfifo.rf/grf.rf/gntv_or_sync_fifo.gl0.wr/gwas.wsts/gic0.gc0.count_d1[3]_i_1/O
                         net (fo=37, routed)          0.792     8.291    dbg_hub/inst/CORE_XSDB.UUT_MASTER/U_ICON_INTERFACE/U_CMD6_WR/U_WR_FIFO/SUBCORE_FIFO.xsdbm_v1_1_1_wrfifo_inst/inst_fifo_gen/gconvfifo.rf/grf.rf/gntv_or_sync_fifo.mem/gdm.dm/RAM_reg_0_15_6_11/WE
    SLICE_X106Y67        RAMD32                                       r  dbg_hub/inst/CORE_XSDB.UUT_MASTER/U_ICON_INTERFACE/U_CMD6_WR/U_WR_FIFO/SUBCORE_FIFO.xsdbm_v1_1_1_wrfifo_inst/inst_fifo_gen/gconvfifo.rf/grf.rf/gntv_or_sync_fifo.mem/gdm.dm/RAM_reg_0_15_6_11/RAMC/WE
  -------------------------------------------------------------------    -------------------

                         (clock dbg_hub/inst/N_EXT_BSCAN.bscan_inst/SERIES7_BSCAN.bscan_inst/DRCK rise edge)
                                                     30.000    30.000 r  
    BSCAN_X0Y0           BSCANE2                      0.000    30.000 r  dbg_hub/inst/N_EXT_BSCAN.bscan_inst/SERIES7_BSCAN.bscan_inst/DRCK
                         net (fo=1, routed)           2.627    32.627    dbg_hub/inst/DRCK
    BUFGCTRL_X0Y1        BUFG (Prop_bufg_I_O)         0.083    32.710 r  dbg_hub/inst/N_EXT_BSCAN.u_bufg_icon/O
                         net (fo=269, routed)         1.444    34.154    dbg_hub/inst/CORE_XSDB.UUT_MASTER/U_ICON_INTERFACE/U_CMD6_WR/U_WR_FIFO/SUBCORE_FIFO.xsdbm_v1_1_1_wrfifo_inst/inst_fifo_gen/gconvfifo.rf/grf.rf/gntv_or_sync_fifo.mem/gdm.dm/RAM_reg_0_15_6_11/WCLK
    SLICE_X106Y67        RAMD32                                       r  dbg_hub/inst/CORE_XSDB.UUT_MASTER/U_ICON_INTERFACE/U_CMD6_WR/U_WR_FIFO/SUBCORE_FIFO.xsdbm_v1_1_1_wrfifo_inst/inst_fifo_gen/gconvfifo.rf/grf.rf/gntv_or_sync_fifo.mem/gdm.dm/RAM_reg_0_15_6_11/RAMC/CLK
                         clock pessimism              0.583    34.737    
                         clock uncertainty           -0.035    34.702    
    SLICE_X106Y67        RAMD32 (Setup_ramd32_CLK_WE)
                                                     -0.303    34.399    dbg_hub/inst/CORE_XSDB.UUT_MASTER/U_ICON_INTERFACE/U_CMD6_WR/U_WR_FIFO/SUBCORE_FIFO.xsdbm_v1_1_1_wrfifo_inst/inst_fifo_gen/gconvfifo.rf/grf.rf/gntv_or_sync_fifo.mem/gdm.dm/RAM_reg_0_15_6_11/RAMC
  -------------------------------------------------------------------
                         required time                         34.399    
                         arrival time                          -8.291    
  -------------------------------------------------------------------
                         slack                                 26.107    

Slack (MET) :             26.107ns  (required time - arrival time)
  Source:                 dbg_hub/inst/CORE_XSDB.U_ICON/U_CMD/iTARGET_reg[13]/C
                            (rising edge-triggered cell FDCE clocked by dbg_hub/inst/N_EXT_BSCAN.bscan_inst/SERIES7_BSCAN.bscan_inst/DRCK  {rise@0.000ns fall@15.000ns period=30.000ns})
  Destination:            dbg_hub/inst/CORE_XSDB.UUT_MASTER/U_ICON_INTERFACE/U_CMD6_WR/U_WR_FIFO/SUBCORE_FIFO.xsdbm_v1_1_1_wrfifo_inst/inst_fifo_gen/gconvfifo.rf/grf.rf/gntv_or_sync_fifo.mem/gdm.dm/RAM_reg_0_15_6_11/RAMC_D1/WE
                            (rising edge-triggered cell RAMD32 clocked by dbg_hub/inst/N_EXT_BSCAN.bscan_inst/SERIES7_BSCAN.bscan_inst/DRCK  {rise@0.000ns fall@15.000ns period=30.000ns})
  Path Group:             dbg_hub/inst/N_EXT_BSCAN.bscan_inst/SERIES7_BSCAN.bscan_inst/DRCK
  Path Type:              Setup (Max at Slow Process Corner)
  Requirement:            30.000ns  (dbg_hub/inst/N_EXT_BSCAN.bscan_inst/SERIES7_BSCAN.bscan_inst/DRCK rise@30.000ns - dbg_hub/inst/N_EXT_BSCAN.bscan_inst/SERIES7_BSCAN.bscan_inst/DRCK rise@0.000ns)
  Data Path Delay:        3.513ns  (logic 0.530ns (15.086%)  route 2.983ns (84.914%))
  Logic Levels:           4  (LUT2=1 LUT6=3)
  Clock Path Skew:        -0.041ns (DCD - SCD + CPR)
    Destination Clock Delay (DCD):    4.154ns = ( 34.154 - 30.000 ) 
    Source Clock Delay      (SCD):    4.778ns
    Clock Pessimism Removal (CPR):    0.583ns
  Clock Uncertainty:      0.035ns  ((TSJ^2 + TIJ^2)^1/2 + DJ) / 2 + PE
    Total System Jitter     (TSJ):    0.071ns
    Total Input Jitter      (TIJ):    0.000ns
    Discrete Jitter          (DJ):    0.000ns
    Phase Error              (PE):    0.000ns

    Location             Delay type                Incr(ns)  Path(ns)    Netlist Resource(s)
  -------------------------------------------------------------------    -------------------
                         (clock dbg_hub/inst/N_EXT_BSCAN.bscan_inst/SERIES7_BSCAN.bscan_inst/DRCK rise edge)
                                                      0.000     0.000 r  
    BSCAN_X0Y0           BSCANE2                      0.000     0.000 r  dbg_hub/inst/N_EXT_BSCAN.bscan_inst/SERIES7_BSCAN.bscan_inst/DRCK
                         net (fo=1, routed)           3.110     3.110    dbg_hub/inst/DRCK
    BUFGCTRL_X0Y1        BUFG (Prop_bufg_I_O)         0.093     3.203 r  dbg_hub/inst/N_EXT_BSCAN.u_bufg_icon/O
                         net (fo=269, routed)         1.575     4.778    dbg_hub/inst/CORE_XSDB.U_ICON/U_CMD/CLK
    SLICE_X102Y64        FDCE                                         r  dbg_hub/inst/CORE_XSDB.U_ICON/U_CMD/iTARGET_reg[13]/C
  -------------------------------------------------------------------    -------------------
    SLICE_X102Y64        FDCE (Prop_fdce_C_Q)         0.259     5.037 f  dbg_hub/inst/CORE_XSDB.U_ICON/U_CMD/iTARGET_reg[13]/Q
                         net (fo=4, routed)           0.487     5.523    dbg_hub/inst/CORE_XSDB.U_ICON/U_CMD/iCORE_ID[1]
    SLICE_X103Y64        LUT6 (Prop_lut6_I3_O)        0.043     5.566 r  dbg_hub/inst/CORE_XSDB.U_ICON/U_CMD/shift_reg_in[1]_i_2/O
                         net (fo=9, routed)           0.454     6.020    dbg_hub/inst/CORE_XSDB.U_ICON/U_CMD/shift_reg_in[1]_i_2_n_0
    SLICE_X104Y61        LUT6 (Prop_lut6_I0_O)        0.043     6.063 r  dbg_hub/inst/CORE_XSDB.U_ICON/U_CMD/shift_reg_in[15]_i_2/O
                         net (fo=7, routed)           0.381     6.444    dbg_hub/inst/CORE_XSDB.U_ICON/U_CMD/shift_reg_in_reg[15][1]
    SLICE_X106Y61        LUT2 (Prop_lut2_I0_O)        0.051     6.495 r  dbg_hub/inst/CORE_XSDB.U_ICON/U_CMD/shift_reg_in[15]_i_1/O
                         net (fo=18, routed)          0.870     7.365    dbg_hub/inst/CORE_XSDB.UUT_MASTER/U_ICON_INTERFACE/U_CMD6_WR/U_WR_FIFO/SUBCORE_FIFO.xsdbm_v1_1_1_wrfifo_inst/inst_fifo_gen/gconvfifo.rf/grf.rf/gntv_or_sync_fifo.gl0.wr/gwas.wsts/shift_reg_in_reg[17][0]
    SLICE_X103Y66        LUT6 (Prop_lut6_I1_O)        0.134     7.499 r  dbg_hub/inst/CORE_XSDB.UUT_MASTER/U_ICON_INTERFACE/U_CMD6_WR/U_WR_FIFO/SUBCORE_FIFO.xsdbm_v1_1_1_wrfifo_inst/inst_fifo_gen/gconvfifo.rf/grf.rf/gntv_or_sync_fifo.gl0.wr/gwas.wsts/gic0.gc0.count_d1[3]_i_1/O
                         net (fo=37, routed)          0.792     8.291    dbg_hub/inst/CORE_XSDB.UUT_MASTER/U_ICON_INTERFACE/U_CMD6_WR/U_WR_FIFO/SUBCORE_FIFO.xsdbm_v1_1_1_wrfifo_inst/inst_fifo_gen/gconvfifo.rf/grf.rf/gntv_or_sync_fifo.mem/gdm.dm/RAM_reg_0_15_6_11/WE
    SLICE_X106Y67        RAMD32                                       r  dbg_hub/inst/CORE_XSDB.UUT_MASTER/U_ICON_INTERFACE/U_CMD6_WR/U_WR_FIFO/SUBCORE_FIFO.xsdbm_v1_1_1_wrfifo_inst/inst_fifo_gen/gconvfifo.rf/grf.rf/gntv_or_sync_fifo.mem/gdm.dm/RAM_reg_0_15_6_11/RAMC_D1/WE
  -------------------------------------------------------------------    -------------------

                         (clock dbg_hub/inst/N_EXT_BSCAN.bscan_inst/SERIES7_BSCAN.bscan_inst/DRCK rise edge)
                                                     30.000    30.000 r  
    BSCAN_X0Y0           BSCANE2                      0.000    30.000 r  dbg_hub/inst/N_EXT_BSCAN.bscan_inst/SERIES7_BSCAN.bscan_inst/DRCK
                         net (fo=1, routed)           2.627    32.627    dbg_hub/inst/DRCK
    BUFGCTRL_X0Y1        BUFG (Prop_bufg_I_O)         0.083    32.710 r  dbg_hub/inst/N_EXT_BSCAN.u_bufg_icon/O
                         net (fo=269, routed)         1.444    34.154    dbg_hub/inst/CORE_XSDB.UUT_MASTER/U_ICON_INTERFACE/U_CMD6_WR/U_WR_FIFO/SUBCORE_FIFO.xsdbm_v1_1_1_wrfifo_inst/inst_fifo_gen/gconvfifo.rf/grf.rf/gntv_or_sync_fifo.mem/gdm.dm/RAM_reg_0_15_6_11/WCLK
    SLICE_X106Y67        RAMD32                                       r  dbg_hub/inst/CORE_XSDB.UUT_MASTER/U_ICON_INTERFACE/U_CMD6_WR/U_WR_FIFO/SUBCORE_FIFO.xsdbm_v1_1_1_wrfifo_inst/inst_fifo_gen/gconvfifo.rf/grf.rf/gntv_or_sync_fifo.mem/gdm.dm/RAM_reg_0_15_6_11/RAMC_D1/CLK
                         clock pessimism              0.583    34.737    
                         clock uncertainty           -0.035    34.702    
    SLICE_X106Y67        RAMD32 (Setup_ramd32_CLK_WE)
                                                     -0.303    34.399    dbg_hub/inst/CORE_XSDB.UUT_MASTER/U_ICON_INTERFACE/U_CMD6_WR/U_WR_FIFO/SUBCORE_FIFO.xsdbm_v1_1_1_wrfifo_inst/inst_fifo_gen/gconvfifo.rf/grf.rf/gntv_or_sync_fifo.mem/gdm.dm/RAM_reg_0_15_6_11/RAMC_D1
  -------------------------------------------------------------------
                         required time                         34.399    
                         arrival time                          -8.291    
  -------------------------------------------------------------------
                         slack                                 26.107    

Slack (MET) :             26.107ns  (required time - arrival time)
  Source:                 dbg_hub/inst/CORE_XSDB.U_ICON/U_CMD/iTARGET_reg[13]/C
                            (rising edge-triggered cell FDCE clocked by dbg_hub/inst/N_EXT_BSCAN.bscan_inst/SERIES7_BSCAN.bscan_inst/DRCK  {rise@0.000ns fall@15.000ns period=30.000ns})
  Destination:            dbg_hub/inst/CORE_XSDB.UUT_MASTER/U_ICON_INTERFACE/U_CMD6_WR/U_WR_FIFO/SUBCORE_FIFO.xsdbm_v1_1_1_wrfifo_inst/inst_fifo_gen/gconvfifo.rf/grf.rf/gntv_or_sync_fifo.mem/gdm.dm/RAM_reg_0_15_6_11/RAMD/WE
                            (rising edge-triggered cell RAMS32 clocked by dbg_hub/inst/N_EXT_BSCAN.bscan_inst/SERIES7_BSCAN.bscan_inst/DRCK  {rise@0.000ns fall@15.000ns period=30.000ns})
  Path Group:             dbg_hub/inst/N_EXT_BSCAN.bscan_inst/SERIES7_BSCAN.bscan_inst/DRCK
  Path Type:              Setup (Max at Slow Process Corner)
  Requirement:            30.000ns  (dbg_hub/inst/N_EXT_BSCAN.bscan_inst/SERIES7_BSCAN.bscan_inst/DRCK rise@30.000ns - dbg_hub/inst/N_EXT_BSCAN.bscan_inst/SERIES7_BSCAN.bscan_inst/DRCK rise@0.000ns)
  Data Path Delay:        3.513ns  (logic 0.530ns (15.086%)  route 2.983ns (84.914%))
  Logic Levels:           4  (LUT2=1 LUT6=3)
  Clock Path Skew:        -0.041ns (DCD - SCD + CPR)
    Destination Clock Delay (DCD):    4.154ns = ( 34.154 - 30.000 ) 
    Source Clock Delay      (SCD):    4.778ns
    Clock Pessimism Removal (CPR):    0.583ns
  Clock Uncertainty:      0.035ns  ((TSJ^2 + TIJ^2)^1/2 + DJ) / 2 + PE
    Total System Jitter     (TSJ):    0.071ns
    Total Input Jitter      (TIJ):    0.000ns
    Discrete Jitter          (DJ):    0.000ns
    Phase Error              (PE):    0.000ns

    Location             Delay type                Incr(ns)  Path(ns)    Netlist Resource(s)
  -------------------------------------------------------------------    -------------------
                         (clock dbg_hub/inst/N_EXT_BSCAN.bscan_inst/SERIES7_BSCAN.bscan_inst/DRCK rise edge)
                                                      0.000     0.000 r  
    BSCAN_X0Y0           BSCANE2                      0.000     0.000 r  dbg_hub/inst/N_EXT_BSCAN.bscan_inst/SERIES7_BSCAN.bscan_inst/DRCK
                         net (fo=1, routed)           3.110     3.110    dbg_hub/inst/DRCK
    BUFGCTRL_X0Y1        BUFG (Prop_bufg_I_O)         0.093     3.203 r  dbg_hub/inst/N_EXT_BSCAN.u_bufg_icon/O
                         net (fo=269, routed)         1.575     4.778    dbg_hub/inst/CORE_XSDB.U_ICON/U_CMD/CLK
    SLICE_X102Y64        FDCE                                         r  dbg_hub/inst/CORE_XSDB.U_ICON/U_CMD/iTARGET_reg[13]/C
  -------------------------------------------------------------------    -------------------
    SLICE_X102Y64        FDCE (Prop_fdce_C_Q)         0.259     5.037 f  dbg_hub/inst/CORE_XSDB.U_ICON/U_CMD/iTARGET_reg[13]/Q
                         net (fo=4, routed)           0.487     5.523    dbg_hub/inst/CORE_XSDB.U_ICON/U_CMD/iCORE_ID[1]
    SLICE_X103Y64        LUT6 (Prop_lut6_I3_O)        0.043     5.566 r  dbg_hub/inst/CORE_XSDB.U_ICON/U_CMD/shift_reg_in[1]_i_2/O
                         net (fo=9, routed)           0.454     6.020    dbg_hub/inst/CORE_XSDB.U_ICON/U_CMD/shift_reg_in[1]_i_2_n_0
    SLICE_X104Y61        LUT6 (Prop_lut6_I0_O)        0.043     6.063 r  dbg_hub/inst/CORE_XSDB.U_ICON/U_CMD/shift_reg_in[15]_i_2/O
                         net (fo=7, routed)           0.381     6.444    dbg_hub/inst/CORE_XSDB.U_ICON/U_CMD/shift_reg_in_reg[15][1]
    SLICE_X106Y61        LUT2 (Prop_lut2_I0_O)        0.051     6.495 r  dbg_hub/inst/CORE_XSDB.U_ICON/U_CMD/shift_reg_in[15]_i_1/O
                         net (fo=18, routed)          0.870     7.365    dbg_hub/inst/CORE_XSDB.UUT_MASTER/U_ICON_INTERFACE/U_CMD6_WR/U_WR_FIFO/SUBCORE_FIFO.xsdbm_v1_1_1_wrfifo_inst/inst_fifo_gen/gconvfifo.rf/grf.rf/gntv_or_sync_fifo.gl0.wr/gwas.wsts/shift_reg_in_reg[17][0]
    SLICE_X103Y66        LUT6 (Prop_lut6_I1_O)        0.134     7.499 r  dbg_hub/inst/CORE_XSDB.UUT_MASTER/U_ICON_INTERFACE/U_CMD6_WR/U_WR_FIFO/SUBCORE_FIFO.xsdbm_v1_1_1_wrfifo_inst/inst_fifo_gen/gconvfifo.rf/grf.rf/gntv_or_sync_fifo.gl0.wr/gwas.wsts/gic0.gc0.count_d1[3]_i_1/O
                         net (fo=37, routed)          0.792     8.291    dbg_hub/inst/CORE_XSDB.UUT_MASTER/U_ICON_INTERFACE/U_CMD6_WR/U_WR_FIFO/SUBCORE_FIFO.xsdbm_v1_1_1_wrfifo_inst/inst_fifo_gen/gconvfifo.rf/grf.rf/gntv_or_sync_fifo.mem/gdm.dm/RAM_reg_0_15_6_11/WE
    SLICE_X106Y67        RAMS32                                       r  dbg_hub/inst/CORE_XSDB.UUT_MASTER/U_ICON_INTERFACE/U_CMD6_WR/U_WR_FIFO/SUBCORE_FIFO.xsdbm_v1_1_1_wrfifo_inst/inst_fifo_gen/gconvfifo.rf/grf.rf/gntv_or_sync_fifo.mem/gdm.dm/RAM_reg_0_15_6_11/RAMD/WE
  -------------------------------------------------------------------    -------------------

                         (clock dbg_hub/inst/N_EXT_BSCAN.bscan_inst/SERIES7_BSCAN.bscan_inst/DRCK rise edge)
                                                     30.000    30.000 r  
    BSCAN_X0Y0           BSCANE2                      0.000    30.000 r  dbg_hub/inst/N_EXT_BSCAN.bscan_inst/SERIES7_BSCAN.bscan_inst/DRCK
                         net (fo=1, routed)           2.627    32.627    dbg_hub/inst/DRCK
    BUFGCTRL_X0Y1        BUFG (Prop_bufg_I_O)         0.083    32.710 r  dbg_hub/inst/N_EXT_BSCAN.u_bufg_icon/O
                         net (fo=269, routed)         1.444    34.154    dbg_hub/inst/CORE_XSDB.UUT_MASTER/U_ICON_INTERFACE/U_CMD6_WR/U_WR_FIFO/SUBCORE_FIFO.xsdbm_v1_1_1_wrfifo_inst/inst_fifo_gen/gconvfifo.rf/grf.rf/gntv_or_sync_fifo.mem/gdm.dm/RAM_reg_0_15_6_11/WCLK
    SLICE_X106Y67        RAMS32                                       r  dbg_hub/inst/CORE_XSDB.UUT_MASTER/U_ICON_INTERFACE/U_CMD6_WR/U_WR_FIFO/SUBCORE_FIFO.xsdbm_v1_1_1_wrfifo_inst/inst_fifo_gen/gconvfifo.rf/grf.rf/gntv_or_sync_fifo.mem/gdm.dm/RAM_reg_0_15_6_11/RAMD/CLK
                         clock pessimism              0.583    34.737    
                         clock uncertainty           -0.035    34.702    
    SLICE_X106Y67        RAMS32 (Setup_rams32_CLK_WE)
                                                     -0.303    34.399    dbg_hub/inst/CORE_XSDB.UUT_MASTER/U_ICON_INTERFACE/U_CMD6_WR/U_WR_FIFO/SUBCORE_FIFO.xsdbm_v1_1_1_wrfifo_inst/inst_fifo_gen/gconvfifo.rf/grf.rf/gntv_or_sync_fifo.mem/gdm.dm/RAM_reg_0_15_6_11/RAMD
  -------------------------------------------------------------------
                         required time                         34.399    
                         arrival time                          -8.291    
  -------------------------------------------------------------------
                         slack                                 26.107    

Slack (MET) :             26.107ns  (required time - arrival time)
  Source:                 dbg_hub/inst/CORE_XSDB.U_ICON/U_CMD/iTARGET_reg[13]/C
                            (rising edge-triggered cell FDCE clocked by dbg_hub/inst/N_EXT_BSCAN.bscan_inst/SERIES7_BSCAN.bscan_inst/DRCK  {rise@0.000ns fall@15.000ns period=30.000ns})
  Destination:            dbg_hub/inst/CORE_XSDB.UUT_MASTER/U_ICON_INTERFACE/U_CMD6_WR/U_WR_FIFO/SUBCORE_FIFO.xsdbm_v1_1_1_wrfifo_inst/inst_fifo_gen/gconvfifo.rf/grf.rf/gntv_or_sync_fifo.mem/gdm.dm/RAM_reg_0_15_6_11/RAMD_D1/WE
                            (rising edge-triggered cell RAMS32 clocked by dbg_hub/inst/N_EXT_BSCAN.bscan_inst/SERIES7_BSCAN.bscan_inst/DRCK  {rise@0.000ns fall@15.000ns period=30.000ns})
  Path Group:             dbg_hub/inst/N_EXT_BSCAN.bscan_inst/SERIES7_BSCAN.bscan_inst/DRCK
  Path Type:              Setup (Max at Slow Process Corner)
  Requirement:            30.000ns  (dbg_hub/inst/N_EXT_BSCAN.bscan_inst/SERIES7_BSCAN.bscan_inst/DRCK rise@30.000ns - dbg_hub/inst/N_EXT_BSCAN.bscan_inst/SERIES7_BSCAN.bscan_inst/DRCK rise@0.000ns)
  Data Path Delay:        3.513ns  (logic 0.530ns (15.086%)  route 2.983ns (84.914%))
  Logic Levels:           4  (LUT2=1 LUT6=3)
  Clock Path Skew:        -0.041ns (DCD - SCD + CPR)
    Destination Clock Delay (DCD):    4.154ns = ( 34.154 - 30.000 ) 
    Source Clock Delay      (SCD):    4.778ns
    Clock Pessimism Removal (CPR):    0.583ns
  Clock Uncertainty:      0.035ns  ((TSJ^2 + TIJ^2)^1/2 + DJ) / 2 + PE
    Total System Jitter     (TSJ):    0.071ns
    Total Input Jitter      (TIJ):    0.000ns
    Discrete Jitter          (DJ):    0.000ns
    Phase Error              (PE):    0.000ns

    Location             Delay type                Incr(ns)  Path(ns)    Netlist Resource(s)
  -------------------------------------------------------------------    -------------------
                         (clock dbg_hub/inst/N_EXT_BSCAN.bscan_inst/SERIES7_BSCAN.bscan_inst/DRCK rise edge)
                                                      0.000     0.000 r  
    BSCAN_X0Y0           BSCANE2                      0.000     0.000 r  dbg_hub/inst/N_EXT_BSCAN.bscan_inst/SERIES7_BSCAN.bscan_inst/DRCK
                         net (fo=1, routed)           3.110     3.110    dbg_hub/inst/DRCK
    BUFGCTRL_X0Y1        BUFG (Prop_bufg_I_O)         0.093     3.203 r  dbg_hub/inst/N_EXT_BSCAN.u_bufg_icon/O
                         net (fo=269, routed)         1.575     4.778    dbg_hub/inst/CORE_XSDB.U_ICON/U_CMD/CLK
    SLICE_X102Y64        FDCE                                         r  dbg_hub/inst/CORE_XSDB.U_ICON/U_CMD/iTARGET_reg[13]/C
  -------------------------------------------------------------------    -------------------
    SLICE_X102Y64        FDCE (Prop_fdce_C_Q)         0.259     5.037 f  dbg_hub/inst/CORE_XSDB.U_ICON/U_CMD/iTARGET_reg[13]/Q
                         net (fo=4, routed)           0.487     5.523    dbg_hub/inst/CORE_XSDB.U_ICON/U_CMD/iCORE_ID[1]
    SLICE_X103Y64        LUT6 (Prop_lut6_I3_O)        0.043     5.566 r  dbg_hub/inst/CORE_XSDB.U_ICON/U_CMD/shift_reg_in[1]_i_2/O
                         net (fo=9, routed)           0.454     6.020    dbg_hub/inst/CORE_XSDB.U_ICON/U_CMD/shift_reg_in[1]_i_2_n_0
    SLICE_X104Y61        LUT6 (Prop_lut6_I0_O)        0.043     6.063 r  dbg_hub/inst/CORE_XSDB.U_ICON/U_CMD/shift_reg_in[15]_i_2/O
                         net (fo=7, routed)           0.381     6.444    dbg_hub/inst/CORE_XSDB.U_ICON/U_CMD/shift_reg_in_reg[15][1]
    SLICE_X106Y61        LUT2 (Prop_lut2_I0_O)        0.051     6.495 r  dbg_hub/inst/CORE_XSDB.U_ICON/U_CMD/shift_reg_in[15]_i_1/O
                         net (fo=18, routed)          0.870     7.365    dbg_hub/inst/CORE_XSDB.UUT_MASTER/U_ICON_INTERFACE/U_CMD6_WR/U_WR_FIFO/SUBCORE_FIFO.xsdbm_v1_1_1_wrfifo_inst/inst_fifo_gen/gconvfifo.rf/grf.rf/gntv_or_sync_fifo.gl0.wr/gwas.wsts/shift_reg_in_reg[17][0]
    SLICE_X103Y66        LUT6 (Prop_lut6_I1_O)        0.134     7.499 r  dbg_hub/inst/CORE_XSDB.UUT_MASTER/U_ICON_INTERFACE/U_CMD6_WR/U_WR_FIFO/SUBCORE_FIFO.xsdbm_v1_1_1_wrfifo_inst/inst_fifo_gen/gconvfifo.rf/grf.rf/gntv_or_sync_fifo.gl0.wr/gwas.wsts/gic0.gc0.count_d1[3]_i_1/O
                         net (fo=37, routed)          0.792     8.291    dbg_hub/inst/CORE_XSDB.UUT_MASTER/U_ICON_INTERFACE/U_CMD6_WR/U_WR_FIFO/SUBCORE_FIFO.xsdbm_v1_1_1_wrfifo_inst/inst_fifo_gen/gconvfifo.rf/grf.rf/gntv_or_sync_fifo.mem/gdm.dm/RAM_reg_0_15_6_11/WE
    SLICE_X106Y67        RAMS32                                       r  dbg_hub/inst/CORE_XSDB.UUT_MASTER/U_ICON_INTERFACE/U_CMD6_WR/U_WR_FIFO/SUBCORE_FIFO.xsdbm_v1_1_1_wrfifo_inst/inst_fifo_gen/gconvfifo.rf/grf.rf/gntv_or_sync_fifo.mem/gdm.dm/RAM_reg_0_15_6_11/RAMD_D1/WE
  -------------------------------------------------------------------    -------------------

                         (clock dbg_hub/inst/N_EXT_BSCAN.bscan_inst/SERIES7_BSCAN.bscan_inst/DRCK rise edge)
                                                     30.000    30.000 r  
    BSCAN_X0Y0           BSCANE2                      0.000    30.000 r  dbg_hub/inst/N_EXT_BSCAN.bscan_inst/SERIES7_BSCAN.bscan_inst/DRCK
                         net (fo=1, routed)           2.627    32.627    dbg_hub/inst/DRCK
    BUFGCTRL_X0Y1        BUFG (Prop_bufg_I_O)         0.083    32.710 r  dbg_hub/inst/N_EXT_BSCAN.u_bufg_icon/O
                         net (fo=269, routed)         1.444    34.154    dbg_hub/inst/CORE_XSDB.UUT_MASTER/U_ICON_INTERFACE/U_CMD6_WR/U_WR_FIFO/SUBCORE_FIFO.xsdbm_v1_1_1_wrfifo_inst/inst_fifo_gen/gconvfifo.rf/grf.rf/gntv_or_sync_fifo.mem/gdm.dm/RAM_reg_0_15_6_11/WCLK
    SLICE_X106Y67        RAMS32                                       r  dbg_hub/inst/CORE_XSDB.UUT_MASTER/U_ICON_INTERFACE/U_CMD6_WR/U_WR_FIFO/SUBCORE_FIFO.xsdbm_v1_1_1_wrfifo_inst/inst_fifo_gen/gconvfifo.rf/grf.rf/gntv_or_sync_fifo.mem/gdm.dm/RAM_reg_0_15_6_11/RAMD_D1/CLK
                         clock pessimism              0.583    34.737    
                         clock uncertainty           -0.035    34.702    
    SLICE_X106Y67        RAMS32 (Setup_rams32_CLK_WE)
                                                     -0.303    34.399    dbg_hub/inst/CORE_XSDB.UUT_MASTER/U_ICON_INTERFACE/U_CMD6_WR/U_WR_FIFO/SUBCORE_FIFO.xsdbm_v1_1_1_wrfifo_inst/inst_fifo_gen/gconvfifo.rf/grf.rf/gntv_or_sync_fifo.mem/gdm.dm/RAM_reg_0_15_6_11/RAMD_D1
  -------------------------------------------------------------------
                         required time                         34.399    
                         arrival time                          -8.291    
  -------------------------------------------------------------------
                         slack                                 26.107    

Slack (MET) :             26.189ns  (required time - arrival time)
  Source:                 dbg_hub/inst/CORE_XSDB.U_ICON/U_CMD/iTARGET_reg[13]/C
                            (rising edge-triggered cell FDCE clocked by dbg_hub/inst/N_EXT_BSCAN.bscan_inst/SERIES7_BSCAN.bscan_inst/DRCK  {rise@0.000ns fall@15.000ns period=30.000ns})
  Destination:            dbg_hub/inst/CORE_XSDB.UUT_MASTER/U_ICON_INTERFACE/U_CMD6_WR/U_WR_FIFO/SUBCORE_FIFO.xsdbm_v1_1_1_wrfifo_inst/inst_fifo_gen/gconvfifo.rf/grf.rf/gntv_or_sync_fifo.mem/gdm.dm/RAM_reg_0_15_0_5/RAMA/WE
                            (rising edge-triggered cell RAMD32 clocked by dbg_hub/inst/N_EXT_BSCAN.bscan_inst/SERIES7_BSCAN.bscan_inst/DRCK  {rise@0.000ns fall@15.000ns period=30.000ns})
  Path Group:             dbg_hub/inst/N_EXT_BSCAN.bscan_inst/SERIES7_BSCAN.bscan_inst/DRCK
  Path Type:              Setup (Max at Slow Process Corner)
  Requirement:            30.000ns  (dbg_hub/inst/N_EXT_BSCAN.bscan_inst/SERIES7_BSCAN.bscan_inst/DRCK rise@30.000ns - dbg_hub/inst/N_EXT_BSCAN.bscan_inst/SERIES7_BSCAN.bscan_inst/DRCK rise@0.000ns)
  Data Path Delay:        3.431ns  (logic 0.530ns (15.447%)  route 2.901ns (84.553%))
  Logic Levels:           4  (LUT2=1 LUT6=3)
  Clock Path Skew:        -0.042ns (DCD - SCD + CPR)
    Destination Clock Delay (DCD):    4.153ns = ( 34.153 - 30.000 ) 
    Source Clock Delay      (SCD):    4.778ns
    Clock Pessimism Removal (CPR):    0.583ns
  Clock Uncertainty:      0.035ns  ((TSJ^2 + TIJ^2)^1/2 + DJ) / 2 + PE
    Total System Jitter     (TSJ):    0.071ns
    Total Input Jitter      (TIJ):    0.000ns
    Discrete Jitter          (DJ):    0.000ns
    Phase Error              (PE):    0.000ns

    Location             Delay type                Incr(ns)  Path(ns)    Netlist Resource(s)
  -------------------------------------------------------------------    -------------------
                         (clock dbg_hub/inst/N_EXT_BSCAN.bscan_inst/SERIES7_BSCAN.bscan_inst/DRCK rise edge)
                                                      0.000     0.000 r  
    BSCAN_X0Y0           BSCANE2                      0.000     0.000 r  dbg_hub/inst/N_EXT_BSCAN.bscan_inst/SERIES7_BSCAN.bscan_inst/DRCK
                         net (fo=1, routed)           3.110     3.110    dbg_hub/inst/DRCK
    BUFGCTRL_X0Y1        BUFG (Prop_bufg_I_O)         0.093     3.203 r  dbg_hub/inst/N_EXT_BSCAN.u_bufg_icon/O
                         net (fo=269, routed)         1.575     4.778    dbg_hub/inst/CORE_XSDB.U_ICON/U_CMD/CLK
    SLICE_X102Y64        FDCE                                         r  dbg_hub/inst/CORE_XSDB.U_ICON/U_CMD/iTARGET_reg[13]/C
  -------------------------------------------------------------------    -------------------
    SLICE_X102Y64        FDCE (Prop_fdce_C_Q)         0.259     5.037 f  dbg_hub/inst/CORE_XSDB.U_ICON/U_CMD/iTARGET_reg[13]/Q
                         net (fo=4, routed)           0.487     5.523    dbg_hub/inst/CORE_XSDB.U_ICON/U_CMD/iCORE_ID[1]
    SLICE_X103Y64        LUT6 (Prop_lut6_I3_O)        0.043     5.566 r  dbg_hub/inst/CORE_XSDB.U_ICON/U_CMD/shift_reg_in[1]_i_2/O
                         net (fo=9, routed)           0.454     6.020    dbg_hub/inst/CORE_XSDB.U_ICON/U_CMD/shift_reg_in[1]_i_2_n_0
    SLICE_X104Y61        LUT6 (Prop_lut6_I0_O)        0.043     6.063 r  dbg_hub/inst/CORE_XSDB.U_ICON/U_CMD/shift_reg_in[15]_i_2/O
                         net (fo=7, routed)           0.381     6.444    dbg_hub/inst/CORE_XSDB.U_ICON/U_CMD/shift_reg_in_reg[15][1]
    SLICE_X106Y61        LUT2 (Prop_lut2_I0_O)        0.051     6.495 r  dbg_hub/inst/CORE_XSDB.U_ICON/U_CMD/shift_reg_in[15]_i_1/O
                         net (fo=18, routed)          0.870     7.365    dbg_hub/inst/CORE_XSDB.UUT_MASTER/U_ICON_INTERFACE/U_CMD6_WR/U_WR_FIFO/SUBCORE_FIFO.xsdbm_v1_1_1_wrfifo_inst/inst_fifo_gen/gconvfifo.rf/grf.rf/gntv_or_sync_fifo.gl0.wr/gwas.wsts/shift_reg_in_reg[17][0]
    SLICE_X103Y66        LUT6 (Prop_lut6_I1_O)        0.134     7.499 r  dbg_hub/inst/CORE_XSDB.UUT_MASTER/U_ICON_INTERFACE/U_CMD6_WR/U_WR_FIFO/SUBCORE_FIFO.xsdbm_v1_1_1_wrfifo_inst/inst_fifo_gen/gconvfifo.rf/grf.rf/gntv_or_sync_fifo.gl0.wr/gwas.wsts/gic0.gc0.count_d1[3]_i_1/O
                         net (fo=37, routed)          0.709     8.209    dbg_hub/inst/CORE_XSDB.UUT_MASTER/U_ICON_INTERFACE/U_CMD6_WR/U_WR_FIFO/SUBCORE_FIFO.xsdbm_v1_1_1_wrfifo_inst/inst_fifo_gen/gconvfifo.rf/grf.rf/gntv_or_sync_fifo.mem/gdm.dm/RAM_reg_0_15_0_5/WE
    SLICE_X106Y68        RAMD32                                       r  dbg_hub/inst/CORE_XSDB.UUT_MASTER/U_ICON_INTERFACE/U_CMD6_WR/U_WR_FIFO/SUBCORE_FIFO.xsdbm_v1_1_1_wrfifo_inst/inst_fifo_gen/gconvfifo.rf/grf.rf/gntv_or_sync_fifo.mem/gdm.dm/RAM_reg_0_15_0_5/RAMA/WE
  -------------------------------------------------------------------    -------------------

                         (clock dbg_hub/inst/N_EXT_BSCAN.bscan_inst/SERIES7_BSCAN.bscan_inst/DRCK rise edge)
                                                     30.000    30.000 r  
    BSCAN_X0Y0           BSCANE2                      0.000    30.000 r  dbg_hub/inst/N_EXT_BSCAN.bscan_inst/SERIES7_BSCAN.bscan_inst/DRCK
                         net (fo=1, routed)           2.627    32.627    dbg_hub/inst/DRCK
    BUFGCTRL_X0Y1        BUFG (Prop_bufg_I_O)         0.083    32.710 r  dbg_hub/inst/N_EXT_BSCAN.u_bufg_icon/O
                         net (fo=269, routed)         1.443    34.153    dbg_hub/inst/CORE_XSDB.UUT_MASTER/U_ICON_INTERFACE/U_CMD6_WR/U_WR_FIFO/SUBCORE_FIFO.xsdbm_v1_1_1_wrfifo_inst/inst_fifo_gen/gconvfifo.rf/grf.rf/gntv_or_sync_fifo.mem/gdm.dm/RAM_reg_0_15_0_5/WCLK
    SLICE_X106Y68        RAMD32                                       r  dbg_hub/inst/CORE_XSDB.UUT_MASTER/U_ICON_INTERFACE/U_CMD6_WR/U_WR_FIFO/SUBCORE_FIFO.xsdbm_v1_1_1_wrfifo_inst/inst_fifo_gen/gconvfifo.rf/grf.rf/gntv_or_sync_fifo.mem/gdm.dm/RAM_reg_0_15_0_5/RAMA/CLK
                         clock pessimism              0.583    34.736    
                         clock uncertainty           -0.035    34.701    
    SLICE_X106Y68        RAMD32 (Setup_ramd32_CLK_WE)
                                                     -0.303    34.398    dbg_hub/inst/CORE_XSDB.UUT_MASTER/U_ICON_INTERFACE/U_CMD6_WR/U_WR_FIFO/SUBCORE_FIFO.xsdbm_v1_1_1_wrfifo_inst/inst_fifo_gen/gconvfifo.rf/grf.rf/gntv_or_sync_fifo.mem/gdm.dm/RAM_reg_0_15_0_5/RAMA
  -------------------------------------------------------------------
                         required time                         34.398    
                         arrival time                          -8.209    
  -------------------------------------------------------------------
                         slack                                 26.189    

Slack (MET) :             26.189ns  (required time - arrival time)
  Source:                 dbg_hub/inst/CORE_XSDB.U_ICON/U_CMD/iTARGET_reg[13]/C
                            (rising edge-triggered cell FDCE clocked by dbg_hub/inst/N_EXT_BSCAN.bscan_inst/SERIES7_BSCAN.bscan_inst/DRCK  {rise@0.000ns fall@15.000ns period=30.000ns})
  Destination:            dbg_hub/inst/CORE_XSDB.UUT_MASTER/U_ICON_INTERFACE/U_CMD6_WR/U_WR_FIFO/SUBCORE_FIFO.xsdbm_v1_1_1_wrfifo_inst/inst_fifo_gen/gconvfifo.rf/grf.rf/gntv_or_sync_fifo.mem/gdm.dm/RAM_reg_0_15_0_5/RAMA_D1/WE
                            (rising edge-triggered cell RAMD32 clocked by dbg_hub/inst/N_EXT_BSCAN.bscan_inst/SERIES7_BSCAN.bscan_inst/DRCK  {rise@0.000ns fall@15.000ns period=30.000ns})
  Path Group:             dbg_hub/inst/N_EXT_BSCAN.bscan_inst/SERIES7_BSCAN.bscan_inst/DRCK
  Path Type:              Setup (Max at Slow Process Corner)
  Requirement:            30.000ns  (dbg_hub/inst/N_EXT_BSCAN.bscan_inst/SERIES7_BSCAN.bscan_inst/DRCK rise@30.000ns - dbg_hub/inst/N_EXT_BSCAN.bscan_inst/SERIES7_BSCAN.bscan_inst/DRCK rise@0.000ns)
  Data Path Delay:        3.431ns  (logic 0.530ns (15.447%)  route 2.901ns (84.553%))
  Logic Levels:           4  (LUT2=1 LUT6=3)
  Clock Path Skew:        -0.042ns (DCD - SCD + CPR)
    Destination Clock Delay (DCD):    4.153ns = ( 34.153 - 30.000 ) 
    Source Clock Delay      (SCD):    4.778ns
    Clock Pessimism Removal (CPR):    0.583ns
  Clock Uncertainty:      0.035ns  ((TSJ^2 + TIJ^2)^1/2 + DJ) / 2 + PE
    Total System Jitter     (TSJ):    0.071ns
    Total Input Jitter      (TIJ):    0.000ns
    Discrete Jitter          (DJ):    0.000ns
    Phase Error              (PE):    0.000ns

    Location             Delay type                Incr(ns)  Path(ns)    Netlist Resource(s)
  -------------------------------------------------------------------    -------------------
                         (clock dbg_hub/inst/N_EXT_BSCAN.bscan_inst/SERIES7_BSCAN.bscan_inst/DRCK rise edge)
                                                      0.000     0.000 r  
    BSCAN_X0Y0           BSCANE2                      0.000     0.000 r  dbg_hub/inst/N_EXT_BSCAN.bscan_inst/SERIES7_BSCAN.bscan_inst/DRCK
                         net (fo=1, routed)           3.110     3.110    dbg_hub/inst/DRCK
    BUFGCTRL_X0Y1        BUFG (Prop_bufg_I_O)         0.093     3.203 r  dbg_hub/inst/N_EXT_BSCAN.u_bufg_icon/O
                         net (fo=269, routed)         1.575     4.778    dbg_hub/inst/CORE_XSDB.U_ICON/U_CMD/CLK
    SLICE_X102Y64        FDCE                                         r  dbg_hub/inst/CORE_XSDB.U_ICON/U_CMD/iTARGET_reg[13]/C
  -------------------------------------------------------------------    -------------------
    SLICE_X102Y64        FDCE (Prop_fdce_C_Q)         0.259     5.037 f  dbg_hub/inst/CORE_XSDB.U_ICON/U_CMD/iTARGET_reg[13]/Q
                         net (fo=4, routed)           0.487     5.523    dbg_hub/inst/CORE_XSDB.U_ICON/U_CMD/iCORE_ID[1]
    SLICE_X103Y64        LUT6 (Prop_lut6_I3_O)        0.043     5.566 r  dbg_hub/inst/CORE_XSDB.U_ICON/U_CMD/shift_reg_in[1]_i_2/O
                         net (fo=9, routed)           0.454     6.020    dbg_hub/inst/CORE_XSDB.U_ICON/U_CMD/shift_reg_in[1]_i_2_n_0
    SLICE_X104Y61        LUT6 (Prop_lut6_I0_O)        0.043     6.063 r  dbg_hub/inst/CORE_XSDB.U_ICON/U_CMD/shift_reg_in[15]_i_2/O
                         net (fo=7, routed)           0.381     6.444    dbg_hub/inst/CORE_XSDB.U_ICON/U_CMD/shift_reg_in_reg[15][1]
    SLICE_X106Y61        LUT2 (Prop_lut2_I0_O)        0.051     6.495 r  dbg_hub/inst/CORE_XSDB.U_ICON/U_CMD/shift_reg_in[15]_i_1/O
                         net (fo=18, routed)          0.870     7.365    dbg_hub/inst/CORE_XSDB.UUT_MASTER/U_ICON_INTERFACE/U_CMD6_WR/U_WR_FIFO/SUBCORE_FIFO.xsdbm_v1_1_1_wrfifo_inst/inst_fifo_gen/gconvfifo.rf/grf.rf/gntv_or_sync_fifo.gl0.wr/gwas.wsts/shift_reg_in_reg[17][0]
    SLICE_X103Y66        LUT6 (Prop_lut6_I1_O)        0.134     7.499 r  dbg_hub/inst/CORE_XSDB.UUT_MASTER/U_ICON_INTERFACE/U_CMD6_WR/U_WR_FIFO/SUBCORE_FIFO.xsdbm_v1_1_1_wrfifo_inst/inst_fifo_gen/gconvfifo.rf/grf.rf/gntv_or_sync_fifo.gl0.wr/gwas.wsts/gic0.gc0.count_d1[3]_i_1/O
                         net (fo=37, routed)          0.709     8.209    dbg_hub/inst/CORE_XSDB.UUT_MASTER/U_ICON_INTERFACE/U_CMD6_WR/U_WR_FIFO/SUBCORE_FIFO.xsdbm_v1_1_1_wrfifo_inst/inst_fifo_gen/gconvfifo.rf/grf.rf/gntv_or_sync_fifo.mem/gdm.dm/RAM_reg_0_15_0_5/WE
    SLICE_X106Y68        RAMD32                                       r  dbg_hub/inst/CORE_XSDB.UUT_MASTER/U_ICON_INTERFACE/U_CMD6_WR/U_WR_FIFO/SUBCORE_FIFO.xsdbm_v1_1_1_wrfifo_inst/inst_fifo_gen/gconvfifo.rf/grf.rf/gntv_or_sync_fifo.mem/gdm.dm/RAM_reg_0_15_0_5/RAMA_D1/WE
  -------------------------------------------------------------------    -------------------

                         (clock dbg_hub/inst/N_EXT_BSCAN.bscan_inst/SERIES7_BSCAN.bscan_inst/DRCK rise edge)
                                                     30.000    30.000 r  
    BSCAN_X0Y0           BSCANE2                      0.000    30.000 r  dbg_hub/inst/N_EXT_BSCAN.bscan_inst/SERIES7_BSCAN.bscan_inst/DRCK
                         net (fo=1, routed)           2.627    32.627    dbg_hub/inst/DRCK
    BUFGCTRL_X0Y1        BUFG (Prop_bufg_I_O)         0.083    32.710 r  dbg_hub/inst/N_EXT_BSCAN.u_bufg_icon/O
                         net (fo=269, routed)         1.443    34.153    dbg_hub/inst/CORE_XSDB.UUT_MASTER/U_ICON_INTERFACE/U_CMD6_WR/U_WR_FIFO/SUBCORE_FIFO.xsdbm_v1_1_1_wrfifo_inst/inst_fifo_gen/gconvfifo.rf/grf.rf/gntv_or_sync_fifo.mem/gdm.dm/RAM_reg_0_15_0_5/WCLK
    SLICE_X106Y68        RAMD32                                       r  dbg_hub/inst/CORE_XSDB.UUT_MASTER/U_ICON_INTERFACE/U_CMD6_WR/U_WR_FIFO/SUBCORE_FIFO.xsdbm_v1_1_1_wrfifo_inst/inst_fifo_gen/gconvfifo.rf/grf.rf/gntv_or_sync_fifo.mem/gdm.dm/RAM_reg_0_15_0_5/RAMA_D1/CLK
                         clock pessimism              0.583    34.736    
                         clock uncertainty           -0.035    34.701    
    SLICE_X106Y68        RAMD32 (Setup_ramd32_CLK_WE)
                                                     -0.303    34.398    dbg_hub/inst/CORE_XSDB.UUT_MASTER/U_ICON_INTERFACE/U_CMD6_WR/U_WR_FIFO/SUBCORE_FIFO.xsdbm_v1_1_1_wrfifo_inst/inst_fifo_gen/gconvfifo.rf/grf.rf/gntv_or_sync_fifo.mem/gdm.dm/RAM_reg_0_15_0_5/RAMA_D1
  -------------------------------------------------------------------
                         required time                         34.398    
                         arrival time                          -8.209    
  -------------------------------------------------------------------
                         slack                                 26.189    





Min Delay Paths
--------------------------------------------------------------------------------------
Slack (MET) :             0.077ns  (arrival time - required time)
  Source:                 dbg_hub/inst/CORE_XSDB.UUT_MASTER/U_ICON_INTERFACE/U_CMD6_WR/shift_reg_in_reg[10]/C
                            (rising edge-triggered cell FDCE clocked by dbg_hub/inst/N_EXT_BSCAN.bscan_inst/SERIES7_BSCAN.bscan_inst/DRCK  {rise@0.000ns fall@15.000ns period=30.000ns})
  Destination:            dbg_hub/inst/CORE_XSDB.UUT_MASTER/U_ICON_INTERFACE/U_CMD6_WR/U_WR_FIFO/SUBCORE_FIFO.xsdbm_v1_1_1_wrfifo_inst/inst_fifo_gen/gconvfifo.rf/grf.rf/gntv_or_sync_fifo.mem/gdm.dm/RAM_reg_0_15_6_11/RAMB_D1/I
                            (rising edge-triggered cell RAMD32 clocked by dbg_hub/inst/N_EXT_BSCAN.bscan_inst/SERIES7_BSCAN.bscan_inst/DRCK  {rise@0.000ns fall@15.000ns period=30.000ns})
  Path Group:             dbg_hub/inst/N_EXT_BSCAN.bscan_inst/SERIES7_BSCAN.bscan_inst/DRCK
  Path Type:              Hold (Min at Fast Process Corner)
  Requirement:            0.000ns  (dbg_hub/inst/N_EXT_BSCAN.bscan_inst/SERIES7_BSCAN.bscan_inst/DRCK rise@0.000ns - dbg_hub/inst/N_EXT_BSCAN.bscan_inst/SERIES7_BSCAN.bscan_inst/DRCK rise@0.000ns)
  Data Path Delay:        0.203ns  (logic 0.100ns (49.191%)  route 0.103ns (50.809%))
  Logic Levels:           0  
  Clock Path Skew:        0.011ns (DCD - SCD - CPR)
    Destination Clock Delay (DCD):    2.865ns
    Source Clock Delay      (SCD):    2.334ns
    Clock Pessimism Removal (CPR):    0.520ns

    Location             Delay type                Incr(ns)  Path(ns)    Netlist Resource(s)
  -------------------------------------------------------------------    -------------------
                         (clock dbg_hub/inst/N_EXT_BSCAN.bscan_inst/SERIES7_BSCAN.bscan_inst/DRCK rise edge)
                                                      0.000     0.000 r  
    BSCAN_X0Y0           BSCANE2                      0.000     0.000 r  dbg_hub/inst/N_EXT_BSCAN.bscan_inst/SERIES7_BSCAN.bscan_inst/DRCK
                         net (fo=1, routed)           1.653     1.653    dbg_hub/inst/DRCK
    BUFGCTRL_X0Y1        BUFG (Prop_bufg_I_O)         0.026     1.679 r  dbg_hub/inst/N_EXT_BSCAN.u_bufg_icon/O
                         net (fo=269, routed)         0.655     2.334    dbg_hub/inst/CORE_XSDB.UUT_MASTER/U_ICON_INTERFACE/U_CMD6_WR/CLK
    SLICE_X107Y66        FDCE                                         r  dbg_hub/inst/CORE_XSDB.UUT_MASTER/U_ICON_INTERFACE/U_CMD6_WR/shift_reg_in_reg[10]/C
  -------------------------------------------------------------------    -------------------
    SLICE_X107Y66        FDCE (Prop_fdce_C_Q)         0.100     2.434 r  dbg_hub/inst/CORE_XSDB.UUT_MASTER/U_ICON_INTERFACE/U_CMD6_WR/shift_reg_in_reg[10]/Q
                         net (fo=2, routed)           0.103     2.537    dbg_hub/inst/CORE_XSDB.UUT_MASTER/U_ICON_INTERFACE/U_CMD6_WR/U_WR_FIFO/SUBCORE_FIFO.xsdbm_v1_1_1_wrfifo_inst/inst_fifo_gen/gconvfifo.rf/grf.rf/gntv_or_sync_fifo.mem/gdm.dm/RAM_reg_0_15_6_11/DIB1
    SLICE_X106Y67        RAMD32                                       r  dbg_hub/inst/CORE_XSDB.UUT_MASTER/U_ICON_INTERFACE/U_CMD6_WR/U_WR_FIFO/SUBCORE_FIFO.xsdbm_v1_1_1_wrfifo_inst/inst_fifo_gen/gconvfifo.rf/grf.rf/gntv_or_sync_fifo.mem/gdm.dm/RAM_reg_0_15_6_11/RAMB_D1/I
  -------------------------------------------------------------------    -------------------

                         (clock dbg_hub/inst/N_EXT_BSCAN.bscan_inst/SERIES7_BSCAN.bscan_inst/DRCK rise edge)
                                                      0.000     0.000 r  
    BSCAN_X0Y0           BSCANE2                      0.000     0.000 r  dbg_hub/inst/N_EXT_BSCAN.bscan_inst/SERIES7_BSCAN.bscan_inst/DRCK
                         net (fo=1, routed)           1.943     1.943    dbg_hub/inst/DRCK
    BUFGCTRL_X0Y1        BUFG (Prop_bufg_I_O)         0.030     1.973 r  dbg_hub/inst/N_EXT_BSCAN.u_bufg_icon/O
                         net (fo=269, routed)         0.892     2.865    dbg_hub/inst/CORE_XSDB.UUT_MASTER/U_ICON_INTERFACE/U_CMD6_WR/U_WR_FIFO/SUBCORE_FIFO.xsdbm_v1_1_1_wrfifo_inst/inst_fifo_gen/gconvfifo.rf/grf.rf/gntv_or_sync_fifo.mem/gdm.dm/RAM_reg_0_15_6_11/WCLK
    SLICE_X106Y67        RAMD32                                       r  dbg_hub/inst/CORE_XSDB.UUT_MASTER/U_ICON_INTERFACE/U_CMD6_WR/U_WR_FIFO/SUBCORE_FIFO.xsdbm_v1_1_1_wrfifo_inst/inst_fifo_gen/gconvfifo.rf/grf.rf/gntv_or_sync_fifo.mem/gdm.dm/RAM_reg_0_15_6_11/RAMB_D1/CLK
                         clock pessimism             -0.520     2.345    
    SLICE_X106Y67        RAMD32 (Hold_ramd32_CLK_I)
                                                      0.115     2.460    dbg_hub/inst/CORE_XSDB.UUT_MASTER/U_ICON_INTERFACE/U_CMD6_WR/U_WR_FIFO/SUBCORE_FIFO.xsdbm_v1_1_1_wrfifo_inst/inst_fifo_gen/gconvfifo.rf/grf.rf/gntv_or_sync_fifo.mem/gdm.dm/RAM_reg_0_15_6_11/RAMB_D1
  -------------------------------------------------------------------
                         required time                         -2.460    
                         arrival time                           2.537    
  -------------------------------------------------------------------
                         slack                                  0.077    

Slack (MET) :             0.085ns  (arrival time - required time)
  Source:                 dbg_hub/inst/CORE_XSDB.UUT_MASTER/U_ICON_INTERFACE/U_CMD6_RD/U_RD_FIFO/SUBCORE_FIFO.xsdbm_v1_1_1_rdfifo_inst/inst_fifo_gen/gconvfifo.rf/grf.rf/gntv_or_sync_fifo.mem/gdm.dm/gpr1.dout_i_reg[1]/C
                            (rising edge-triggered cell FDRE clocked by dbg_hub/inst/N_EXT_BSCAN.bscan_inst/SERIES7_BSCAN.bscan_inst/DRCK  {rise@0.000ns fall@15.000ns period=30.000ns})
  Destination:            dbg_hub/inst/CORE_XSDB.UUT_MASTER/U_ICON_INTERFACE/U_CMD6_RD/U_RD_FIFO/SUBCORE_FIFO.xsdbm_v1_1_1_rdfifo_inst/inst_fifo_gen/gconvfifo.rf/grf.rf/gntv_or_sync_fifo.mem/goreg_dm.dout_i_reg[1]/D
                            (rising edge-triggered cell FDRE clocked by dbg_hub/inst/N_EXT_BSCAN.bscan_inst/SERIES7_BSCAN.bscan_inst/DRCK  {rise@0.000ns fall@15.000ns period=30.000ns})
  Path Group:             dbg_hub/inst/N_EXT_BSCAN.bscan_inst/SERIES7_BSCAN.bscan_inst/DRCK
  Path Type:              Hold (Min at Fast Process Corner)
  Requirement:            0.000ns  (dbg_hub/inst/N_EXT_BSCAN.bscan_inst/SERIES7_BSCAN.bscan_inst/DRCK rise@0.000ns - dbg_hub/inst/N_EXT_BSCAN.bscan_inst/SERIES7_BSCAN.bscan_inst/DRCK rise@0.000ns)
  Data Path Delay:        0.155ns  (logic 0.100ns (64.712%)  route 0.055ns (35.288%))
  Logic Levels:           0  
  Clock Path Skew:        0.011ns (DCD - SCD - CPR)
    Destination Clock Delay (DCD):    2.872ns
    Source Clock Delay      (SCD):    2.338ns
    Clock Pessimism Removal (CPR):    0.523ns

    Location             Delay type                Incr(ns)  Path(ns)    Netlist Resource(s)
  -------------------------------------------------------------------    -------------------
                         (clock dbg_hub/inst/N_EXT_BSCAN.bscan_inst/SERIES7_BSCAN.bscan_inst/DRCK rise edge)
                                                      0.000     0.000 r  
    BSCAN_X0Y0           BSCANE2                      0.000     0.000 r  dbg_hub/inst/N_EXT_BSCAN.bscan_inst/SERIES7_BSCAN.bscan_inst/DRCK
                         net (fo=1, routed)           1.653     1.653    dbg_hub/inst/DRCK
    BUFGCTRL_X0Y1        BUFG (Prop_bufg_I_O)         0.026     1.679 r  dbg_hub/inst/N_EXT_BSCAN.u_bufg_icon/O
                         net (fo=269, routed)         0.659     2.338    dbg_hub/inst/CORE_XSDB.UUT_MASTER/U_ICON_INTERFACE/U_CMD6_RD/U_RD_FIFO/SUBCORE_FIFO.xsdbm_v1_1_1_rdfifo_inst/inst_fifo_gen/gconvfifo.rf/grf.rf/gntv_or_sync_fifo.mem/gdm.dm/CLK
    SLICE_X111Y61        FDRE                                         r  dbg_hub/inst/CORE_XSDB.UUT_MASTER/U_ICON_INTERFACE/U_CMD6_RD/U_RD_FIFO/SUBCORE_FIFO.xsdbm_v1_1_1_rdfifo_inst/inst_fifo_gen/gconvfifo.rf/grf.rf/gntv_or_sync_fifo.mem/gdm.dm/gpr1.dout_i_reg[1]/C
  -------------------------------------------------------------------    -------------------
    SLICE_X111Y61        FDRE (Prop_fdre_C_Q)         0.100     2.438 r  dbg_hub/inst/CORE_XSDB.UUT_MASTER/U_ICON_INTERFACE/U_CMD6_RD/U_RD_FIFO/SUBCORE_FIFO.xsdbm_v1_1_1_rdfifo_inst/inst_fifo_gen/gconvfifo.rf/grf.rf/gntv_or_sync_fifo.mem/gdm.dm/gpr1.dout_i_reg[1]/Q
                         net (fo=1, routed)           0.055     2.492    dbg_hub/inst/CORE_XSDB.UUT_MASTER/U_ICON_INTERFACE/U_CMD6_RD/U_RD_FIFO/SUBCORE_FIFO.xsdbm_v1_1_1_rdfifo_inst/inst_fifo_gen/gconvfifo.rf/grf.rf/gntv_or_sync_fifo.mem/gdm.dm_n_14
    SLICE_X110Y61        FDRE                                         r  dbg_hub/inst/CORE_XSDB.UUT_MASTER/U_ICON_INTERFACE/U_CMD6_RD/U_RD_FIFO/SUBCORE_FIFO.xsdbm_v1_1_1_rdfifo_inst/inst_fifo_gen/gconvfifo.rf/grf.rf/gntv_or_sync_fifo.mem/goreg_dm.dout_i_reg[1]/D
  -------------------------------------------------------------------    -------------------

                         (clock dbg_hub/inst/N_EXT_BSCAN.bscan_inst/SERIES7_BSCAN.bscan_inst/DRCK rise edge)
                                                      0.000     0.000 r  
    BSCAN_X0Y0           BSCANE2                      0.000     0.000 r  dbg_hub/inst/N_EXT_BSCAN.bscan_inst/SERIES7_BSCAN.bscan_inst/DRCK
                         net (fo=1, routed)           1.943     1.943    dbg_hub/inst/DRCK
    BUFGCTRL_X0Y1        BUFG (Prop_bufg_I_O)         0.030     1.973 r  dbg_hub/inst/N_EXT_BSCAN.u_bufg_icon/O
                         net (fo=269, routed)         0.899     2.872    dbg_hub/inst/CORE_XSDB.UUT_MASTER/U_ICON_INTERFACE/U_CMD6_RD/U_RD_FIFO/SUBCORE_FIFO.xsdbm_v1_1_1_rdfifo_inst/inst_fifo_gen/gconvfifo.rf/grf.rf/gntv_or_sync_fifo.mem/CLK
    SLICE_X110Y61        FDRE                                         r  dbg_hub/inst/CORE_XSDB.UUT_MASTER/U_ICON_INTERFACE/U_CMD6_RD/U_RD_FIFO/SUBCORE_FIFO.xsdbm_v1_1_1_rdfifo_inst/inst_fifo_gen/gconvfifo.rf/grf.rf/gntv_or_sync_fifo.mem/goreg_dm.dout_i_reg[1]/C
                         clock pessimism             -0.523     2.349    
    SLICE_X110Y61        FDRE (Hold_fdre_C_D)         0.059     2.408    dbg_hub/inst/CORE_XSDB.UUT_MASTER/U_ICON_INTERFACE/U_CMD6_RD/U_RD_FIFO/SUBCORE_FIFO.xsdbm_v1_1_1_rdfifo_inst/inst_fifo_gen/gconvfifo.rf/grf.rf/gntv_or_sync_fifo.mem/goreg_dm.dout_i_reg[1]
  -------------------------------------------------------------------
                         required time                         -2.408    
                         arrival time                           2.492    
  -------------------------------------------------------------------
                         slack                                  0.085    

Slack (MET) :             0.108ns  (arrival time - required time)
  Source:                 dbg_hub/inst/CORE_XSDB.UUT_MASTER/U_ICON_INTERFACE/U_CMD6_RD/U_RD_FIFO/SUBCORE_FIFO.xsdbm_v1_1_1_rdfifo_inst/inst_fifo_gen/gconvfifo.rf/grf.rf/gntv_or_sync_fifo.gcx.clkx/gsync_stage[1].rd_stg_inst/Q_reg_reg[2]/C
                            (rising edge-triggered cell FDCE clocked by dbg_hub/inst/N_EXT_BSCAN.bscan_inst/SERIES7_BSCAN.bscan_inst/DRCK  {rise@0.000ns fall@15.000ns period=30.000ns})
  Destination:            dbg_hub/inst/CORE_XSDB.UUT_MASTER/U_ICON_INTERFACE/U_CMD6_RD/U_RD_FIFO/SUBCORE_FIFO.xsdbm_v1_1_1_rdfifo_inst/inst_fifo_gen/gconvfifo.rf/grf.rf/gntv_or_sync_fifo.gcx.clkx/gsync_stage[2].rd_stg_inst/Q_reg_reg[2]/D
                            (rising edge-triggered cell FDCE clocked by dbg_hub/inst/N_EXT_BSCAN.bscan_inst/SERIES7_BSCAN.bscan_inst/DRCK  {rise@0.000ns fall@15.000ns period=30.000ns})
  Path Group:             dbg_hub/inst/N_EXT_BSCAN.bscan_inst/SERIES7_BSCAN.bscan_inst/DRCK
  Path Type:              Hold (Min at Fast Process Corner)
  Requirement:            0.000ns  (dbg_hub/inst/N_EXT_BSCAN.bscan_inst/SERIES7_BSCAN.bscan_inst/DRCK rise@0.000ns - dbg_hub/inst/N_EXT_BSCAN.bscan_inst/SERIES7_BSCAN.bscan_inst/DRCK rise@0.000ns)
  Data Path Delay:        0.155ns  (logic 0.100ns (64.566%)  route 0.055ns (35.434%))
  Logic Levels:           0  
  Clock Path Skew:        0.000ns (DCD - SCD - CPR)
    Destination Clock Delay (DCD):    2.873ns
    Source Clock Delay      (SCD):    2.340ns
    Clock Pessimism Removal (CPR):    0.533ns

    Location             Delay type                Incr(ns)  Path(ns)    Netlist Resource(s)
  -------------------------------------------------------------------    -------------------
                         (clock dbg_hub/inst/N_EXT_BSCAN.bscan_inst/SERIES7_BSCAN.bscan_inst/DRCK rise edge)
                                                      0.000     0.000 r  
    BSCAN_X0Y0           BSCANE2                      0.000     0.000 r  dbg_hub/inst/N_EXT_BSCAN.bscan_inst/SERIES7_BSCAN.bscan_inst/DRCK
                         net (fo=1, routed)           1.653     1.653    dbg_hub/inst/DRCK
    BUFGCTRL_X0Y1        BUFG (Prop_bufg_I_O)         0.026     1.679 r  dbg_hub/inst/N_EXT_BSCAN.u_bufg_icon/O
                         net (fo=269, routed)         0.661     2.340    dbg_hub/inst/CORE_XSDB.UUT_MASTER/U_ICON_INTERFACE/U_CMD6_RD/U_RD_FIFO/SUBCORE_FIFO.xsdbm_v1_1_1_rdfifo_inst/inst_fifo_gen/gconvfifo.rf/grf.rf/gntv_or_sync_fifo.gcx.clkx/gsync_stage[1].rd_stg_inst/CLK
    SLICE_X117Y60        FDCE                                         r  dbg_hub/inst/CORE_XSDB.UUT_MASTER/U_ICON_INTERFACE/U_CMD6_RD/U_RD_FIFO/SUBCORE_FIFO.xsdbm_v1_1_1_rdfifo_inst/inst_fifo_gen/gconvfifo.rf/grf.rf/gntv_or_sync_fifo.gcx.clkx/gsync_stage[1].rd_stg_inst/Q_reg_reg[2]/C
  -------------------------------------------------------------------    -------------------
    SLICE_X117Y60        FDCE (Prop_fdce_C_Q)         0.100     2.440 r  dbg_hub/inst/CORE_XSDB.UUT_MASTER/U_ICON_INTERFACE/U_CMD6_RD/U_RD_FIFO/SUBCORE_FIFO.xsdbm_v1_1_1_rdfifo_inst/inst_fifo_gen/gconvfifo.rf/grf.rf/gntv_or_sync_fifo.gcx.clkx/gsync_stage[1].rd_stg_inst/Q_reg_reg[2]/Q
                         net (fo=1, routed)           0.055     2.495    dbg_hub/inst/CORE_XSDB.UUT_MASTER/U_ICON_INTERFACE/U_CMD6_RD/U_RD_FIFO/SUBCORE_FIFO.xsdbm_v1_1_1_rdfifo_inst/inst_fifo_gen/gconvfifo.rf/grf.rf/gntv_or_sync_fifo.gcx.clkx/gsync_stage[2].rd_stg_inst/D[2]
    SLICE_X117Y60        FDCE                                         r  dbg_hub/inst/CORE_XSDB.UUT_MASTER/U_ICON_INTERFACE/U_CMD6_RD/U_RD_FIFO/SUBCORE_FIFO.xsdbm_v1_1_1_rdfifo_inst/inst_fifo_gen/gconvfifo.rf/grf.rf/gntv_or_sync_fifo.gcx.clkx/gsync_stage[2].rd_stg_inst/Q_reg_reg[2]/D
  -------------------------------------------------------------------    -------------------

                         (clock dbg_hub/inst/N_EXT_BSCAN.bscan_inst/SERIES7_BSCAN.bscan_inst/DRCK rise edge)
                                                      0.000     0.000 r  
    BSCAN_X0Y0           BSCANE2                      0.000     0.000 r  dbg_hub/inst/N_EXT_BSCAN.bscan_inst/SERIES7_BSCAN.bscan_inst/DRCK
                         net (fo=1, routed)           1.943     1.943    dbg_hub/inst/DRCK
    BUFGCTRL_X0Y1        BUFG (Prop_bufg_I_O)         0.030     1.973 r  dbg_hub/inst/N_EXT_BSCAN.u_bufg_icon/O
                         net (fo=269, routed)         0.900     2.873    dbg_hub/inst/CORE_XSDB.UUT_MASTER/U_ICON_INTERFACE/U_CMD6_RD/U_RD_FIFO/SUBCORE_FIFO.xsdbm_v1_1_1_rdfifo_inst/inst_fifo_gen/gconvfifo.rf/grf.rf/gntv_or_sync_fifo.gcx.clkx/gsync_stage[2].rd_stg_inst/CLK
    SLICE_X117Y60        FDCE                                         r  dbg_hub/inst/CORE_XSDB.UUT_MASTER/U_ICON_INTERFACE/U_CMD6_RD/U_RD_FIFO/SUBCORE_FIFO.xsdbm_v1_1_1_rdfifo_inst/inst_fifo_gen/gconvfifo.rf/grf.rf/gntv_or_sync_fifo.gcx.clkx/gsync_stage[2].rd_stg_inst/Q_reg_reg[2]/C
                         clock pessimism             -0.533     2.340    
    SLICE_X117Y60        FDCE (Hold_fdce_C_D)         0.047     2.387    dbg_hub/inst/CORE_XSDB.UUT_MASTER/U_ICON_INTERFACE/U_CMD6_RD/U_RD_FIFO/SUBCORE_FIFO.xsdbm_v1_1_1_rdfifo_inst/inst_fifo_gen/gconvfifo.rf/grf.rf/gntv_or_sync_fifo.gcx.clkx/gsync_stage[2].rd_stg_inst/Q_reg_reg[2]
  -------------------------------------------------------------------
                         required time                         -2.387    
                         arrival time                           2.495    
  -------------------------------------------------------------------
                         slack                                  0.108    

Slack (MET) :             0.108ns  (arrival time - required time)
  Source:                 dbg_hub/inst/CORE_XSDB.UUT_MASTER/U_ICON_INTERFACE/U_CMD6_RD/U_RD_FIFO/SUBCORE_FIFO.xsdbm_v1_1_1_rdfifo_inst/inst_fifo_gen/gconvfifo.rf/grf.rf/rstblk/ngwrdrst.grst.g7serrst.rst_rd_reg1_reg/C
                            (rising edge-triggered cell FDPE clocked by dbg_hub/inst/N_EXT_BSCAN.bscan_inst/SERIES7_BSCAN.bscan_inst/DRCK  {rise@0.000ns fall@15.000ns period=30.000ns})
  Destination:            dbg_hub/inst/CORE_XSDB.UUT_MASTER/U_ICON_INTERFACE/U_CMD6_RD/U_RD_FIFO/SUBCORE_FIFO.xsdbm_v1_1_1_rdfifo_inst/inst_fifo_gen/gconvfifo.rf/grf.rf/rstblk/ngwrdrst.grst.g7serrst.rst_rd_reg2_reg/D
                            (rising edge-triggered cell FDPE clocked by dbg_hub/inst/N_EXT_BSCAN.bscan_inst/SERIES7_BSCAN.bscan_inst/DRCK  {rise@0.000ns fall@15.000ns period=30.000ns})
  Path Group:             dbg_hub/inst/N_EXT_BSCAN.bscan_inst/SERIES7_BSCAN.bscan_inst/DRCK
  Path Type:              Hold (Min at Fast Process Corner)
  Requirement:            0.000ns  (dbg_hub/inst/N_EXT_BSCAN.bscan_inst/SERIES7_BSCAN.bscan_inst/DRCK rise@0.000ns - dbg_hub/inst/N_EXT_BSCAN.bscan_inst/SERIES7_BSCAN.bscan_inst/DRCK rise@0.000ns)
  Data Path Delay:        0.155ns  (logic 0.100ns (64.566%)  route 0.055ns (35.434%))
  Logic Levels:           0  
  Clock Path Skew:        0.000ns (DCD - SCD - CPR)
    Destination Clock Delay (DCD):    2.872ns
    Source Clock Delay      (SCD):    2.338ns
    Clock Pessimism Removal (CPR):    0.534ns

    Location             Delay type                Incr(ns)  Path(ns)    Netlist Resource(s)
  -------------------------------------------------------------------    -------------------
                         (clock dbg_hub/inst/N_EXT_BSCAN.bscan_inst/SERIES7_BSCAN.bscan_inst/DRCK rise edge)
                                                      0.000     0.000 r  
    BSCAN_X0Y0           BSCANE2                      0.000     0.000 r  dbg_hub/inst/N_EXT_BSCAN.bscan_inst/SERIES7_BSCAN.bscan_inst/DRCK
                         net (fo=1, routed)           1.653     1.653    dbg_hub/inst/DRCK
    BUFGCTRL_X0Y1        BUFG (Prop_bufg_I_O)         0.026     1.679 r  dbg_hub/inst/N_EXT_BSCAN.u_bufg_icon/O
                         net (fo=269, routed)         0.659     2.338    dbg_hub/inst/CORE_XSDB.UUT_MASTER/U_ICON_INTERFACE/U_CMD6_RD/U_RD_FIFO/SUBCORE_FIFO.xsdbm_v1_1_1_rdfifo_inst/inst_fifo_gen/gconvfifo.rf/grf.rf/rstblk/CLK
    SLICE_X105Y58        FDPE                                         r  dbg_hub/inst/CORE_XSDB.UUT_MASTER/U_ICON_INTERFACE/U_CMD6_RD/U_RD_FIFO/SUBCORE_FIFO.xsdbm_v1_1_1_rdfifo_inst/inst_fifo_gen/gconvfifo.rf/grf.rf/rstblk/ngwrdrst.grst.g7serrst.rst_rd_reg1_reg/C
  -------------------------------------------------------------------    -------------------
    SLICE_X105Y58        FDPE (Prop_fdpe_C_Q)         0.100     2.438 r  dbg_hub/inst/CORE_XSDB.UUT_MASTER/U_ICON_INTERFACE/U_CMD6_RD/U_RD_FIFO/SUBCORE_FIFO.xsdbm_v1_1_1_rdfifo_inst/inst_fifo_gen/gconvfifo.rf/grf.rf/rstblk/ngwrdrst.grst.g7serrst.rst_rd_reg1_reg/Q
                         net (fo=1, routed)           0.055     2.493    dbg_hub/inst/CORE_XSDB.UUT_MASTER/U_ICON_INTERFACE/U_CMD6_RD/U_RD_FIFO/SUBCORE_FIFO.xsdbm_v1_1_1_rdfifo_inst/inst_fifo_gen/gconvfifo.rf/grf.rf/rstblk/rst_rd_reg1
    SLICE_X105Y58        FDPE                                         r  dbg_hub/inst/CORE_XSDB.UUT_MASTER/U_ICON_INTERFACE/U_CMD6_RD/U_RD_FIFO/SUBCORE_FIFO.xsdbm_v1_1_1_rdfifo_inst/inst_fifo_gen/gconvfifo.rf/grf.rf/rstblk/ngwrdrst.grst.g7serrst.rst_rd_reg2_reg/D
  -------------------------------------------------------------------    -------------------

                         (clock dbg_hub/inst/N_EXT_BSCAN.bscan_inst/SERIES7_BSCAN.bscan_inst/DRCK rise edge)
                                                      0.000     0.000 r  
    BSCAN_X0Y0           BSCANE2                      0.000     0.000 r  dbg_hub/inst/N_EXT_BSCAN.bscan_inst/SERIES7_BSCAN.bscan_inst/DRCK
                         net (fo=1, routed)           1.943     1.943    dbg_hub/inst/DRCK
    BUFGCTRL_X0Y1        BUFG (Prop_bufg_I_O)         0.030     1.973 r  dbg_hub/inst/N_EXT_BSCAN.u_bufg_icon/O
                         net (fo=269, routed)         0.899     2.872    dbg_hub/inst/CORE_XSDB.UUT_MASTER/U_ICON_INTERFACE/U_CMD6_RD/U_RD_FIFO/SUBCORE_FIFO.xsdbm_v1_1_1_rdfifo_inst/inst_fifo_gen/gconvfifo.rf/grf.rf/rstblk/CLK
    SLICE_X105Y58        FDPE                                         r  dbg_hub/inst/CORE_XSDB.UUT_MASTER/U_ICON_INTERFACE/U_CMD6_RD/U_RD_FIFO/SUBCORE_FIFO.xsdbm_v1_1_1_rdfifo_inst/inst_fifo_gen/gconvfifo.rf/grf.rf/rstblk/ngwrdrst.grst.g7serrst.rst_rd_reg2_reg/C
                         clock pessimism             -0.534     2.338    
    SLICE_X105Y58        FDPE (Hold_fdpe_C_D)         0.047     2.385    dbg_hub/inst/CORE_XSDB.UUT_MASTER/U_ICON_INTERFACE/U_CMD6_RD/U_RD_FIFO/SUBCORE_FIFO.xsdbm_v1_1_1_rdfifo_inst/inst_fifo_gen/gconvfifo.rf/grf.rf/rstblk/ngwrdrst.grst.g7serrst.rst_rd_reg2_reg
  -------------------------------------------------------------------
                         required time                         -2.385    
                         arrival time                           2.493    
  -------------------------------------------------------------------
                         slack                                  0.108    

Slack (MET) :             0.108ns  (arrival time - required time)
  Source:                 dbg_hub/inst/CORE_XSDB.UUT_MASTER/U_ICON_INTERFACE/U_CMD6_WR/U_WR_FIFO/SUBCORE_FIFO.xsdbm_v1_1_1_wrfifo_inst/inst_fifo_gen/gconvfifo.rf/grf.rf/gntv_or_sync_fifo.gcx.clkx/gsync_stage[1].wr_stg_inst/Q_reg_reg[2]/C
                            (rising edge-triggered cell FDCE clocked by dbg_hub/inst/N_EXT_BSCAN.bscan_inst/SERIES7_BSCAN.bscan_inst/DRCK  {rise@0.000ns fall@15.000ns period=30.000ns})
  Destination:            dbg_hub/inst/CORE_XSDB.UUT_MASTER/U_ICON_INTERFACE/U_CMD6_WR/U_WR_FIFO/SUBCORE_FIFO.xsdbm_v1_1_1_wrfifo_inst/inst_fifo_gen/gconvfifo.rf/grf.rf/gntv_or_sync_fifo.gcx.clkx/gsync_stage[2].wr_stg_inst/Q_reg_reg[2]/D
                            (rising edge-triggered cell FDCE clocked by dbg_hub/inst/N_EXT_BSCAN.bscan_inst/SERIES7_BSCAN.bscan_inst/DRCK  {rise@0.000ns fall@15.000ns period=30.000ns})
  Path Group:             dbg_hub/inst/N_EXT_BSCAN.bscan_inst/SERIES7_BSCAN.bscan_inst/DRCK
  Path Type:              Hold (Min at Fast Process Corner)
  Requirement:            0.000ns  (dbg_hub/inst/N_EXT_BSCAN.bscan_inst/SERIES7_BSCAN.bscan_inst/DRCK rise@0.000ns - dbg_hub/inst/N_EXT_BSCAN.bscan_inst/SERIES7_BSCAN.bscan_inst/DRCK rise@0.000ns)
  Data Path Delay:        0.155ns  (logic 0.100ns (64.566%)  route 0.055ns (35.434%))
  Logic Levels:           0  
  Clock Path Skew:        0.000ns (DCD - SCD - CPR)
    Destination Clock Delay (DCD):    2.865ns
    Source Clock Delay      (SCD):    2.333ns
    Clock Pessimism Removal (CPR):    0.532ns

    Location             Delay type                Incr(ns)  Path(ns)    Netlist Resource(s)
  -------------------------------------------------------------------    -------------------
                         (clock dbg_hub/inst/N_EXT_BSCAN.bscan_inst/SERIES7_BSCAN.bscan_inst/DRCK rise edge)
                                                      0.000     0.000 r  
    BSCAN_X0Y0           BSCANE2                      0.000     0.000 r  dbg_hub/inst/N_EXT_BSCAN.bscan_inst/SERIES7_BSCAN.bscan_inst/DRCK
                         net (fo=1, routed)           1.653     1.653    dbg_hub/inst/DRCK
    BUFGCTRL_X0Y1        BUFG (Prop_bufg_I_O)         0.026     1.679 r  dbg_hub/inst/N_EXT_BSCAN.u_bufg_icon/O
                         net (fo=269, routed)         0.654     2.333    dbg_hub/inst/CORE_XSDB.UUT_MASTER/U_ICON_INTERFACE/U_CMD6_WR/U_WR_FIFO/SUBCORE_FIFO.xsdbm_v1_1_1_wrfifo_inst/inst_fifo_gen/gconvfifo.rf/grf.rf/gntv_or_sync_fifo.gcx.clkx/gsync_stage[1].wr_stg_inst/CLK
    SLICE_X105Y67        FDCE                                         r  dbg_hub/inst/CORE_XSDB.UUT_MASTER/U_ICON_INTERFACE/U_CMD6_WR/U_WR_FIFO/SUBCORE_FIFO.xsdbm_v1_1_1_wrfifo_inst/inst_fifo_gen/gconvfifo.rf/grf.rf/gntv_or_sync_fifo.gcx.clkx/gsync_stage[1].wr_stg_inst/Q_reg_reg[2]/C
  -------------------------------------------------------------------    -------------------
    SLICE_X105Y67        FDCE (Prop_fdce_C_Q)         0.100     2.433 r  dbg_hub/inst/CORE_XSDB.UUT_MASTER/U_ICON_INTERFACE/U_CMD6_WR/U_WR_FIFO/SUBCORE_FIFO.xsdbm_v1_1_1_wrfifo_inst/inst_fifo_gen/gconvfifo.rf/grf.rf/gntv_or_sync_fifo.gcx.clkx/gsync_stage[1].wr_stg_inst/Q_reg_reg[2]/Q
                         net (fo=1, routed)           0.055     2.488    dbg_hub/inst/CORE_XSDB.UUT_MASTER/U_ICON_INTERFACE/U_CMD6_WR/U_WR_FIFO/SUBCORE_FIFO.xsdbm_v1_1_1_wrfifo_inst/inst_fifo_gen/gconvfifo.rf/grf.rf/gntv_or_sync_fifo.gcx.clkx/gsync_stage[2].wr_stg_inst/D[2]
    SLICE_X105Y67        FDCE                                         r  dbg_hub/inst/CORE_XSDB.UUT_MASTER/U_ICON_INTERFACE/U_CMD6_WR/U_WR_FIFO/SUBCORE_FIFO.xsdbm_v1_1_1_wrfifo_inst/inst_fifo_gen/gconvfifo.rf/grf.rf/gntv_or_sync_fifo.gcx.clkx/gsync_stage[2].wr_stg_inst/Q_reg_reg[2]/D
  -------------------------------------------------------------------    -------------------

                         (clock dbg_hub/inst/N_EXT_BSCAN.bscan_inst/SERIES7_BSCAN.bscan_inst/DRCK rise edge)
                                                      0.000     0.000 r  
    BSCAN_X0Y0           BSCANE2                      0.000     0.000 r  dbg_hub/inst/N_EXT_BSCAN.bscan_inst/SERIES7_BSCAN.bscan_inst/DRCK
                         net (fo=1, routed)           1.943     1.943    dbg_hub/inst/DRCK
    BUFGCTRL_X0Y1        BUFG (Prop_bufg_I_O)         0.030     1.973 r  dbg_hub/inst/N_EXT_BSCAN.u_bufg_icon/O
                         net (fo=269, routed)         0.892     2.865    dbg_hub/inst/CORE_XSDB.UUT_MASTER/U_ICON_INTERFACE/U_CMD6_WR/U_WR_FIFO/SUBCORE_FIFO.xsdbm_v1_1_1_wrfifo_inst/inst_fifo_gen/gconvfifo.rf/grf.rf/gntv_or_sync_fifo.gcx.clkx/gsync_stage[2].wr_stg_inst/CLK
    SLICE_X105Y67        FDCE                                         r  dbg_hub/inst/CORE_XSDB.UUT_MASTER/U_ICON_INTERFACE/U_CMD6_WR/U_WR_FIFO/SUBCORE_FIFO.xsdbm_v1_1_1_wrfifo_inst/inst_fifo_gen/gconvfifo.rf/grf.rf/gntv_or_sync_fifo.gcx.clkx/gsync_stage[2].wr_stg_inst/Q_reg_reg[2]/C
                         clock pessimism             -0.532     2.333    
    SLICE_X105Y67        FDCE (Hold_fdce_C_D)         0.047     2.380    dbg_hub/inst/CORE_XSDB.UUT_MASTER/U_ICON_INTERFACE/U_CMD6_WR/U_WR_FIFO/SUBCORE_FIFO.xsdbm_v1_1_1_wrfifo_inst/inst_fifo_gen/gconvfifo.rf/grf.rf/gntv_or_sync_fifo.gcx.clkx/gsync_stage[2].wr_stg_inst/Q_reg_reg[2]
  -------------------------------------------------------------------
                         required time                         -2.380    
                         arrival time                           2.488    
  -------------------------------------------------------------------
                         slack                                  0.108    

Slack (MET) :             0.108ns  (arrival time - required time)
  Source:                 dbg_hub/inst/CORE_XSDB.UUT_MASTER/U_ICON_INTERFACE/U_CMD6_WR/U_WR_FIFO/SUBCORE_FIFO.xsdbm_v1_1_1_wrfifo_inst/inst_fifo_gen/gconvfifo.rf/grf.rf/rstblk/ngwrdrst.grst.g7serrst.rst_wr_reg1_reg/C
                            (rising edge-triggered cell FDPE clocked by dbg_hub/inst/N_EXT_BSCAN.bscan_inst/SERIES7_BSCAN.bscan_inst/DRCK  {rise@0.000ns fall@15.000ns period=30.000ns})
  Destination:            dbg_hub/inst/CORE_XSDB.UUT_MASTER/U_ICON_INTERFACE/U_CMD6_WR/U_WR_FIFO/SUBCORE_FIFO.xsdbm_v1_1_1_wrfifo_inst/inst_fifo_gen/gconvfifo.rf/grf.rf/rstblk/ngwrdrst.grst.g7serrst.rst_wr_reg2_reg/D
                            (rising edge-triggered cell FDPE clocked by dbg_hub/inst/N_EXT_BSCAN.bscan_inst/SERIES7_BSCAN.bscan_inst/DRCK  {rise@0.000ns fall@15.000ns period=30.000ns})
  Path Group:             dbg_hub/inst/N_EXT_BSCAN.bscan_inst/SERIES7_BSCAN.bscan_inst/DRCK
  Path Type:              Hold (Min at Fast Process Corner)
  Requirement:            0.000ns  (dbg_hub/inst/N_EXT_BSCAN.bscan_inst/SERIES7_BSCAN.bscan_inst/DRCK rise@0.000ns - dbg_hub/inst/N_EXT_BSCAN.bscan_inst/SERIES7_BSCAN.bscan_inst/DRCK rise@0.000ns)
  Data Path Delay:        0.155ns  (logic 0.100ns (64.566%)  route 0.055ns (35.434%))
  Logic Levels:           0  
  Clock Path Skew:        0.000ns (DCD - SCD - CPR)
    Destination Clock Delay (DCD):    2.872ns
    Source Clock Delay      (SCD):    2.338ns
    Clock Pessimism Removal (CPR):    0.534ns

    Location             Delay type                Incr(ns)  Path(ns)    Netlist Resource(s)
  -------------------------------------------------------------------    -------------------
                         (clock dbg_hub/inst/N_EXT_BSCAN.bscan_inst/SERIES7_BSCAN.bscan_inst/DRCK rise edge)
                                                      0.000     0.000 r  
    BSCAN_X0Y0           BSCANE2                      0.000     0.000 r  dbg_hub/inst/N_EXT_BSCAN.bscan_inst/SERIES7_BSCAN.bscan_inst/DRCK
                         net (fo=1, routed)           1.653     1.653    dbg_hub/inst/DRCK
    BUFGCTRL_X0Y1        BUFG (Prop_bufg_I_O)         0.026     1.679 r  dbg_hub/inst/N_EXT_BSCAN.u_bufg_icon/O
                         net (fo=269, routed)         0.659     2.338    dbg_hub/inst/CORE_XSDB.UUT_MASTER/U_ICON_INTERFACE/U_CMD6_WR/U_WR_FIFO/SUBCORE_FIFO.xsdbm_v1_1_1_wrfifo_inst/inst_fifo_gen/gconvfifo.rf/grf.rf/rstblk/CLK
    SLICE_X105Y59        FDPE                                         r  dbg_hub/inst/CORE_XSDB.UUT_MASTER/U_ICON_INTERFACE/U_CMD6_WR/U_WR_FIFO/SUBCORE_FIFO.xsdbm_v1_1_1_wrfifo_inst/inst_fifo_gen/gconvfifo.rf/grf.rf/rstblk/ngwrdrst.grst.g7serrst.rst_wr_reg1_reg/C
  -------------------------------------------------------------------    -------------------
    SLICE_X105Y59        FDPE (Prop_fdpe_C_Q)         0.100     2.438 r  dbg_hub/inst/CORE_XSDB.UUT_MASTER/U_ICON_INTERFACE/U_CMD6_WR/U_WR_FIFO/SUBCORE_FIFO.xsdbm_v1_1_1_wrfifo_inst/inst_fifo_gen/gconvfifo.rf/grf.rf/rstblk/ngwrdrst.grst.g7serrst.rst_wr_reg1_reg/Q
                         net (fo=1, routed)           0.055     2.493    dbg_hub/inst/CORE_XSDB.UUT_MASTER/U_ICON_INTERFACE/U_CMD6_WR/U_WR_FIFO/SUBCORE_FIFO.xsdbm_v1_1_1_wrfifo_inst/inst_fifo_gen/gconvfifo.rf/grf.rf/rstblk/rst_wr_reg1
    SLICE_X105Y59        FDPE                                         r  dbg_hub/inst/CORE_XSDB.UUT_MASTER/U_ICON_INTERFACE/U_CMD6_WR/U_WR_FIFO/SUBCORE_FIFO.xsdbm_v1_1_1_wrfifo_inst/inst_fifo_gen/gconvfifo.rf/grf.rf/rstblk/ngwrdrst.grst.g7serrst.rst_wr_reg2_reg/D
  -------------------------------------------------------------------    -------------------

                         (clock dbg_hub/inst/N_EXT_BSCAN.bscan_inst/SERIES7_BSCAN.bscan_inst/DRCK rise edge)
                                                      0.000     0.000 r  
    BSCAN_X0Y0           BSCANE2                      0.000     0.000 r  dbg_hub/inst/N_EXT_BSCAN.bscan_inst/SERIES7_BSCAN.bscan_inst/DRCK
                         net (fo=1, routed)           1.943     1.943    dbg_hub/inst/DRCK
    BUFGCTRL_X0Y1        BUFG (Prop_bufg_I_O)         0.030     1.973 r  dbg_hub/inst/N_EXT_BSCAN.u_bufg_icon/O
                         net (fo=269, routed)         0.899     2.872    dbg_hub/inst/CORE_XSDB.UUT_MASTER/U_ICON_INTERFACE/U_CMD6_WR/U_WR_FIFO/SUBCORE_FIFO.xsdbm_v1_1_1_wrfifo_inst/inst_fifo_gen/gconvfifo.rf/grf.rf/rstblk/CLK
    SLICE_X105Y59        FDPE                                         r  dbg_hub/inst/CORE_XSDB.UUT_MASTER/U_ICON_INTERFACE/U_CMD6_WR/U_WR_FIFO/SUBCORE_FIFO.xsdbm_v1_1_1_wrfifo_inst/inst_fifo_gen/gconvfifo.rf/grf.rf/rstblk/ngwrdrst.grst.g7serrst.rst_wr_reg2_reg/C
                         clock pessimism             -0.534     2.338    
    SLICE_X105Y59        FDPE (Hold_fdpe_C_D)         0.047     2.385    dbg_hub/inst/CORE_XSDB.UUT_MASTER/U_ICON_INTERFACE/U_CMD6_WR/U_WR_FIFO/SUBCORE_FIFO.xsdbm_v1_1_1_wrfifo_inst/inst_fifo_gen/gconvfifo.rf/grf.rf/rstblk/ngwrdrst.grst.g7serrst.rst_wr_reg2_reg
  -------------------------------------------------------------------
                         required time                         -2.385    
                         arrival time                           2.493    
  -------------------------------------------------------------------
                         slack                                  0.108    

Slack (MET) :             0.109ns  (arrival time - required time)
  Source:                 dbg_hub/inst/CORE_XSDB.UUT_MASTER/U_ICON_INTERFACE/U_CMD6_WR/shift_reg_in_reg[7]/C
                            (rising edge-triggered cell FDCE clocked by dbg_hub/inst/N_EXT_BSCAN.bscan_inst/SERIES7_BSCAN.bscan_inst/DRCK  {rise@0.000ns fall@15.000ns period=30.000ns})
  Destination:            dbg_hub/inst/CORE_XSDB.UUT_MASTER/U_ICON_INTERFACE/U_CMD6_WR/U_WR_FIFO/SUBCORE_FIFO.xsdbm_v1_1_1_wrfifo_inst/inst_fifo_gen/gconvfifo.rf/grf.rf/gntv_or_sync_fifo.mem/gdm.dm/RAM_reg_0_15_6_11/RAMA/I
                            (rising edge-triggered cell RAMD32 clocked by dbg_hub/inst/N_EXT_BSCAN.bscan_inst/SERIES7_BSCAN.bscan_inst/DRCK  {rise@0.000ns fall@15.000ns period=30.000ns})
  Path Group:             dbg_hub/inst/N_EXT_BSCAN.bscan_inst/SERIES7_BSCAN.bscan_inst/DRCK
  Path Type:              Hold (Min at Fast Process Corner)
  Requirement:            0.000ns  (dbg_hub/inst/N_EXT_BSCAN.bscan_inst/SERIES7_BSCAN.bscan_inst/DRCK rise@0.000ns - dbg_hub/inst/N_EXT_BSCAN.bscan_inst/SERIES7_BSCAN.bscan_inst/DRCK rise@0.000ns)
  Data Path Delay:        0.251ns  (logic 0.100ns (39.796%)  route 0.151ns (60.204%))
  Logic Levels:           0  
  Clock Path Skew:        0.011ns (DCD - SCD - CPR)
    Destination Clock Delay (DCD):    2.865ns
    Source Clock Delay      (SCD):    2.334ns
    Clock Pessimism Removal (CPR):    0.520ns

    Location             Delay type                Incr(ns)  Path(ns)    Netlist Resource(s)
  -------------------------------------------------------------------    -------------------
                         (clock dbg_hub/inst/N_EXT_BSCAN.bscan_inst/SERIES7_BSCAN.bscan_inst/DRCK rise edge)
                                                      0.000     0.000 r  
    BSCAN_X0Y0           BSCANE2                      0.000     0.000 r  dbg_hub/inst/N_EXT_BSCAN.bscan_inst/SERIES7_BSCAN.bscan_inst/DRCK
                         net (fo=1, routed)           1.653     1.653    dbg_hub/inst/DRCK
    BUFGCTRL_X0Y1        BUFG (Prop_bufg_I_O)         0.026     1.679 r  dbg_hub/inst/N_EXT_BSCAN.u_bufg_icon/O
                         net (fo=269, routed)         0.655     2.334    dbg_hub/inst/CORE_XSDB.UUT_MASTER/U_ICON_INTERFACE/U_CMD6_WR/CLK
    SLICE_X107Y66        FDCE                                         r  dbg_hub/inst/CORE_XSDB.UUT_MASTER/U_ICON_INTERFACE/U_CMD6_WR/shift_reg_in_reg[7]/C
  -------------------------------------------------------------------    -------------------
    SLICE_X107Y66        FDCE (Prop_fdce_C_Q)         0.100     2.434 r  dbg_hub/inst/CORE_XSDB.UUT_MASTER/U_ICON_INTERFACE/U_CMD6_WR/shift_reg_in_reg[7]/Q
                         net (fo=2, routed)           0.151     2.585    dbg_hub/inst/CORE_XSDB.UUT_MASTER/U_ICON_INTERFACE/U_CMD6_WR/U_WR_FIFO/SUBCORE_FIFO.xsdbm_v1_1_1_wrfifo_inst/inst_fifo_gen/gconvfifo.rf/grf.rf/gntv_or_sync_fifo.mem/gdm.dm/RAM_reg_0_15_6_11/DIA0
    SLICE_X106Y67        RAMD32                                       r  dbg_hub/inst/CORE_XSDB.UUT_MASTER/U_ICON_INTERFACE/U_CMD6_WR/U_WR_FIFO/SUBCORE_FIFO.xsdbm_v1_1_1_wrfifo_inst/inst_fifo_gen/gconvfifo.rf/grf.rf/gntv_or_sync_fifo.mem/gdm.dm/RAM_reg_0_15_6_11/RAMA/I
  -------------------------------------------------------------------    -------------------

                         (clock dbg_hub/inst/N_EXT_BSCAN.bscan_inst/SERIES7_BSCAN.bscan_inst/DRCK rise edge)
                                                      0.000     0.000 r  
    BSCAN_X0Y0           BSCANE2                      0.000     0.000 r  dbg_hub/inst/N_EXT_BSCAN.bscan_inst/SERIES7_BSCAN.bscan_inst/DRCK
                         net (fo=1, routed)           1.943     1.943    dbg_hub/inst/DRCK
    BUFGCTRL_X0Y1        BUFG (Prop_bufg_I_O)         0.030     1.973 r  dbg_hub/inst/N_EXT_BSCAN.u_bufg_icon/O
                         net (fo=269, routed)         0.892     2.865    dbg_hub/inst/CORE_XSDB.UUT_MASTER/U_ICON_INTERFACE/U_CMD6_WR/U_WR_FIFO/SUBCORE_FIFO.xsdbm_v1_1_1_wrfifo_inst/inst_fifo_gen/gconvfifo.rf/grf.rf/gntv_or_sync_fifo.mem/gdm.dm/RAM_reg_0_15_6_11/WCLK
    SLICE_X106Y67        RAMD32                                       r  dbg_hub/inst/CORE_XSDB.UUT_MASTER/U_ICON_INTERFACE/U_CMD6_WR/U_WR_FIFO/SUBCORE_FIFO.xsdbm_v1_1_1_wrfifo_inst/inst_fifo_gen/gconvfifo.rf/grf.rf/gntv_or_sync_fifo.mem/gdm.dm/RAM_reg_0_15_6_11/RAMA/CLK
                         clock pessimism             -0.520     2.345    
    SLICE_X106Y67        RAMD32 (Hold_ramd32_CLK_I)
                                                      0.131     2.476    dbg_hub/inst/CORE_XSDB.UUT_MASTER/U_ICON_INTERFACE/U_CMD6_WR/U_WR_FIFO/SUBCORE_FIFO.xsdbm_v1_1_1_wrfifo_inst/inst_fifo_gen/gconvfifo.rf/grf.rf/gntv_or_sync_fifo.mem/gdm.dm/RAM_reg_0_15_6_11/RAMA
  -------------------------------------------------------------------
                         required time                         -2.476    
                         arrival time                           2.585    
  -------------------------------------------------------------------
                         slack                                  0.109    

Slack (MET) :             0.111ns  (arrival time - required time)
  Source:                 dbg_hub/inst/CORE_XSDB.UUT_MASTER/U_ICON_INTERFACE/U_CMD6_RD/U_RD_FIFO/SUBCORE_FIFO.xsdbm_v1_1_1_rdfifo_inst/inst_fifo_gen/gconvfifo.rf/grf.rf/gntv_or_sync_fifo.gcx.clkx/gsync_stage[1].rd_stg_inst/Q_reg_reg[3]/C
                            (rising edge-triggered cell FDCE clocked by dbg_hub/inst/N_EXT_BSCAN.bscan_inst/SERIES7_BSCAN.bscan_inst/DRCK  {rise@0.000ns fall@15.000ns period=30.000ns})
  Destination:            dbg_hub/inst/CORE_XSDB.UUT_MASTER/U_ICON_INTERFACE/U_CMD6_RD/U_RD_FIFO/SUBCORE_FIFO.xsdbm_v1_1_1_rdfifo_inst/inst_fifo_gen/gconvfifo.rf/grf.rf/gntv_or_sync_fifo.gcx.clkx/gsync_stage[2].rd_stg_inst/Q_reg_reg[3]/D
                            (rising edge-triggered cell FDCE clocked by dbg_hub/inst/N_EXT_BSCAN.bscan_inst/SERIES7_BSCAN.bscan_inst/DRCK  {rise@0.000ns fall@15.000ns period=30.000ns})
  Path Group:             dbg_hub/inst/N_EXT_BSCAN.bscan_inst/SERIES7_BSCAN.bscan_inst/DRCK
  Path Type:              Hold (Min at Fast Process Corner)
  Requirement:            0.000ns  (dbg_hub/inst/N_EXT_BSCAN.bscan_inst/SERIES7_BSCAN.bscan_inst/DRCK rise@0.000ns - dbg_hub/inst/N_EXT_BSCAN.bscan_inst/SERIES7_BSCAN.bscan_inst/DRCK rise@0.000ns)
  Data Path Delay:        0.155ns  (logic 0.100ns (64.566%)  route 0.055ns (35.434%))
  Logic Levels:           0  
  Clock Path Skew:        0.000ns (DCD - SCD - CPR)
    Destination Clock Delay (DCD):    2.873ns
    Source Clock Delay      (SCD):    2.340ns
    Clock Pessimism Removal (CPR):    0.533ns

    Location             Delay type                Incr(ns)  Path(ns)    Netlist Resource(s)
  -------------------------------------------------------------------    -------------------
                         (clock dbg_hub/inst/N_EXT_BSCAN.bscan_inst/SERIES7_BSCAN.bscan_inst/DRCK rise edge)
                                                      0.000     0.000 r  
    BSCAN_X0Y0           BSCANE2                      0.000     0.000 r  dbg_hub/inst/N_EXT_BSCAN.bscan_inst/SERIES7_BSCAN.bscan_inst/DRCK
                         net (fo=1, routed)           1.653     1.653    dbg_hub/inst/DRCK
    BUFGCTRL_X0Y1        BUFG (Prop_bufg_I_O)         0.026     1.679 r  dbg_hub/inst/N_EXT_BSCAN.u_bufg_icon/O
                         net (fo=269, routed)         0.661     2.340    dbg_hub/inst/CORE_XSDB.UUT_MASTER/U_ICON_INTERFACE/U_CMD6_RD/U_RD_FIFO/SUBCORE_FIFO.xsdbm_v1_1_1_rdfifo_inst/inst_fifo_gen/gconvfifo.rf/grf.rf/gntv_or_sync_fifo.gcx.clkx/gsync_stage[1].rd_stg_inst/CLK
    SLICE_X117Y60        FDCE                                         r  dbg_hub/inst/CORE_XSDB.UUT_MASTER/U_ICON_INTERFACE/U_CMD6_RD/U_RD_FIFO/SUBCORE_FIFO.xsdbm_v1_1_1_rdfifo_inst/inst_fifo_gen/gconvfifo.rf/grf.rf/gntv_or_sync_fifo.gcx.clkx/gsync_stage[1].rd_stg_inst/Q_reg_reg[3]/C
  -------------------------------------------------------------------    -------------------
    SLICE_X117Y60        FDCE (Prop_fdce_C_Q)         0.100     2.440 r  dbg_hub/inst/CORE_XSDB.UUT_MASTER/U_ICON_INTERFACE/U_CMD6_RD/U_RD_FIFO/SUBCORE_FIFO.xsdbm_v1_1_1_rdfifo_inst/inst_fifo_gen/gconvfifo.rf/grf.rf/gntv_or_sync_fifo.gcx.clkx/gsync_stage[1].rd_stg_inst/Q_reg_reg[3]/Q
                         net (fo=1, routed)           0.055     2.495    dbg_hub/inst/CORE_XSDB.UUT_MASTER/U_ICON_INTERFACE/U_CMD6_RD/U_RD_FIFO/SUBCORE_FIFO.xsdbm_v1_1_1_rdfifo_inst/inst_fifo_gen/gconvfifo.rf/grf.rf/gntv_or_sync_fifo.gcx.clkx/gsync_stage[2].rd_stg_inst/D[3]
    SLICE_X117Y60        FDCE                                         r  dbg_hub/inst/CORE_XSDB.UUT_MASTER/U_ICON_INTERFACE/U_CMD6_RD/U_RD_FIFO/SUBCORE_FIFO.xsdbm_v1_1_1_rdfifo_inst/inst_fifo_gen/gconvfifo.rf/grf.rf/gntv_or_sync_fifo.gcx.clkx/gsync_stage[2].rd_stg_inst/Q_reg_reg[3]/D
  -------------------------------------------------------------------    -------------------

                         (clock dbg_hub/inst/N_EXT_BSCAN.bscan_inst/SERIES7_BSCAN.bscan_inst/DRCK rise edge)
                                                      0.000     0.000 r  
    BSCAN_X0Y0           BSCANE2                      0.000     0.000 r  dbg_hub/inst/N_EXT_BSCAN.bscan_inst/SERIES7_BSCAN.bscan_inst/DRCK
                         net (fo=1, routed)           1.943     1.943    dbg_hub/inst/DRCK
    BUFGCTRL_X0Y1        BUFG (Prop_bufg_I_O)         0.030     1.973 r  dbg_hub/inst/N_EXT_BSCAN.u_bufg_icon/O
                         net (fo=269, routed)         0.900     2.873    dbg_hub/inst/CORE_XSDB.UUT_MASTER/U_ICON_INTERFACE/U_CMD6_RD/U_RD_FIFO/SUBCORE_FIFO.xsdbm_v1_1_1_rdfifo_inst/inst_fifo_gen/gconvfifo.rf/grf.rf/gntv_or_sync_fifo.gcx.clkx/gsync_stage[2].rd_stg_inst/CLK
    SLICE_X117Y60        FDCE                                         r  dbg_hub/inst/CORE_XSDB.UUT_MASTER/U_ICON_INTERFACE/U_CMD6_RD/U_RD_FIFO/SUBCORE_FIFO.xsdbm_v1_1_1_rdfifo_inst/inst_fifo_gen/gconvfifo.rf/grf.rf/gntv_or_sync_fifo.gcx.clkx/gsync_stage[2].rd_stg_inst/Q_reg_reg[3]/C
                         clock pessimism             -0.533     2.340    
    SLICE_X117Y60        FDCE (Hold_fdce_C_D)         0.044     2.384    dbg_hub/inst/CORE_XSDB.UUT_MASTER/U_ICON_INTERFACE/U_CMD6_RD/U_RD_FIFO/SUBCORE_FIFO.xsdbm_v1_1_1_rdfifo_inst/inst_fifo_gen/gconvfifo.rf/grf.rf/gntv_or_sync_fifo.gcx.clkx/gsync_stage[2].rd_stg_inst/Q_reg_reg[3]
  -------------------------------------------------------------------
                         required time                         -2.384    
                         arrival time                           2.495    
  -------------------------------------------------------------------
                         slack                                  0.111    

Slack (MET) :             0.113ns  (arrival time - required time)
  Source:                 dbg_hub/inst/CORE_XSDB.UUT_MASTER/U_ICON_INTERFACE/U_CMD5/shift_reg_in_reg[9]/C
                            (rising edge-triggered cell FDCE clocked by dbg_hub/inst/N_EXT_BSCAN.bscan_inst/SERIES7_BSCAN.bscan_inst/DRCK  {rise@0.000ns fall@15.000ns period=30.000ns})
  Destination:            dbg_hub/inst/CORE_XSDB.UUT_MASTER/U_ICON_INTERFACE/U_CMD5/shift_reg_in_reg[8]/D
                            (rising edge-triggered cell FDCE clocked by dbg_hub/inst/N_EXT_BSCAN.bscan_inst/SERIES7_BSCAN.bscan_inst/DRCK  {rise@0.000ns fall@15.000ns period=30.000ns})
  Path Group:             dbg_hub/inst/N_EXT_BSCAN.bscan_inst/SERIES7_BSCAN.bscan_inst/DRCK
  Path Type:              Hold (Min at Fast Process Corner)
  Requirement:            0.000ns  (dbg_hub/inst/N_EXT_BSCAN.bscan_inst/SERIES7_BSCAN.bscan_inst/DRCK rise@0.000ns - dbg_hub/inst/N_EXT_BSCAN.bscan_inst/SERIES7_BSCAN.bscan_inst/DRCK rise@0.000ns)
  Data Path Delay:        0.162ns  (logic 0.100ns (61.615%)  route 0.062ns (38.385%))
  Logic Levels:           0  
  Clock Path Skew:        0.000ns (DCD - SCD - CPR)
    Destination Clock Delay (DCD):    2.869ns
    Source Clock Delay      (SCD):    2.336ns
    Clock Pessimism Removal (CPR):    0.533ns

    Location             Delay type                Incr(ns)  Path(ns)    Netlist Resource(s)
  -------------------------------------------------------------------    -------------------
                         (clock dbg_hub/inst/N_EXT_BSCAN.bscan_inst/SERIES7_BSCAN.bscan_inst/DRCK rise edge)
                                                      0.000     0.000 r  
    BSCAN_X0Y0           BSCANE2                      0.000     0.000 r  dbg_hub/inst/N_EXT_BSCAN.bscan_inst/SERIES7_BSCAN.bscan_inst/DRCK
                         net (fo=1, routed)           1.653     1.653    dbg_hub/inst/DRCK
    BUFGCTRL_X0Y1        BUFG (Prop_bufg_I_O)         0.026     1.679 r  dbg_hub/inst/N_EXT_BSCAN.u_bufg_icon/O
                         net (fo=269, routed)         0.657     2.336    dbg_hub/inst/CORE_XSDB.UUT_MASTER/U_ICON_INTERFACE/U_CMD5/CLK
    SLICE_X109Y63        FDCE                                         r  dbg_hub/inst/CORE_XSDB.UUT_MASTER/U_ICON_INTERFACE/U_CMD5/shift_reg_in_reg[9]/C
  -------------------------------------------------------------------    -------------------
    SLICE_X109Y63        FDCE (Prop_fdce_C_Q)         0.100     2.436 r  dbg_hub/inst/CORE_XSDB.UUT_MASTER/U_ICON_INTERFACE/U_CMD5/shift_reg_in_reg[9]/Q
                         net (fo=2, routed)           0.062     2.498    dbg_hub/inst/CORE_XSDB.UUT_MASTER/U_ICON_INTERFACE/U_CMD5/shift_reg_in[9]
    SLICE_X109Y63        FDCE                                         r  dbg_hub/inst/CORE_XSDB.UUT_MASTER/U_ICON_INTERFACE/U_CMD5/shift_reg_in_reg[8]/D
  -------------------------------------------------------------------    -------------------

                         (clock dbg_hub/inst/N_EXT_BSCAN.bscan_inst/SERIES7_BSCAN.bscan_inst/DRCK rise edge)
                                                      0.000     0.000 r  
    BSCAN_X0Y0           BSCANE2                      0.000     0.000 r  dbg_hub/inst/N_EXT_BSCAN.bscan_inst/SERIES7_BSCAN.bscan_inst/DRCK
                         net (fo=1, routed)           1.943     1.943    dbg_hub/inst/DRCK
    BUFGCTRL_X0Y1        BUFG (Prop_bufg_I_O)         0.030     1.973 r  dbg_hub/inst/N_EXT_BSCAN.u_bufg_icon/O
                         net (fo=269, routed)         0.896     2.869    dbg_hub/inst/CORE_XSDB.UUT_MASTER/U_ICON_INTERFACE/U_CMD5/CLK
    SLICE_X109Y63        FDCE                                         r  dbg_hub/inst/CORE_XSDB.UUT_MASTER/U_ICON_INTERFACE/U_CMD5/shift_reg_in_reg[8]/C
                         clock pessimism             -0.533     2.336    
    SLICE_X109Y63        FDCE (Hold_fdce_C_D)         0.049     2.385    dbg_hub/inst/CORE_XSDB.UUT_MASTER/U_ICON_INTERFACE/U_CMD5/shift_reg_in_reg[8]
  -------------------------------------------------------------------
                         required time                         -2.385    
                         arrival time                           2.498    
  -------------------------------------------------------------------
                         slack                                  0.113    

Slack (MET) :             0.115ns  (arrival time - required time)
  Source:                 dbg_hub/inst/CORE_XSDB.UUT_MASTER/U_ICON_INTERFACE/U_CMD5/shift_reg_in_reg[7]/C
                            (rising edge-triggered cell FDCE clocked by dbg_hub/inst/N_EXT_BSCAN.bscan_inst/SERIES7_BSCAN.bscan_inst/DRCK  {rise@0.000ns fall@15.000ns period=30.000ns})
  Destination:            dbg_hub/inst/CORE_XSDB.UUT_MASTER/U_ICON_INTERFACE/U_CMD5/shift_reg_in_reg[6]/D
                            (rising edge-triggered cell FDCE clocked by dbg_hub/inst/N_EXT_BSCAN.bscan_inst/SERIES7_BSCAN.bscan_inst/DRCK  {rise@0.000ns fall@15.000ns period=30.000ns})
  Path Group:             dbg_hub/inst/N_EXT_BSCAN.bscan_inst/SERIES7_BSCAN.bscan_inst/DRCK
  Path Type:              Hold (Min at Fast Process Corner)
  Requirement:            0.000ns  (dbg_hub/inst/N_EXT_BSCAN.bscan_inst/SERIES7_BSCAN.bscan_inst/DRCK rise@0.000ns - dbg_hub/inst/N_EXT_BSCAN.bscan_inst/SERIES7_BSCAN.bscan_inst/DRCK rise@0.000ns)
  Data Path Delay:        0.162ns  (logic 0.100ns (61.661%)  route 0.062ns (38.339%))
  Logic Levels:           0  
  Clock Path Skew:        0.000ns (DCD - SCD - CPR)
    Destination Clock Delay (DCD):    2.869ns
    Source Clock Delay      (SCD):    2.336ns
    Clock Pessimism Removal (CPR):    0.533ns

    Location             Delay type                Incr(ns)  Path(ns)    Netlist Resource(s)
  -------------------------------------------------------------------    -------------------
                         (clock dbg_hub/inst/N_EXT_BSCAN.bscan_inst/SERIES7_BSCAN.bscan_inst/DRCK rise edge)
                                                      0.000     0.000 r  
    BSCAN_X0Y0           BSCANE2                      0.000     0.000 r  dbg_hub/inst/N_EXT_BSCAN.bscan_inst/SERIES7_BSCAN.bscan_inst/DRCK
                         net (fo=1, routed)           1.653     1.653    dbg_hub/inst/DRCK
    BUFGCTRL_X0Y1        BUFG (Prop_bufg_I_O)         0.026     1.679 r  dbg_hub/inst/N_EXT_BSCAN.u_bufg_icon/O
                         net (fo=269, routed)         0.657     2.336    dbg_hub/inst/CORE_XSDB.UUT_MASTER/U_ICON_INTERFACE/U_CMD5/CLK
    SLICE_X109Y63        FDCE                                         r  dbg_hub/inst/CORE_XSDB.UUT_MASTER/U_ICON_INTERFACE/U_CMD5/shift_reg_in_reg[7]/C
  -------------------------------------------------------------------    -------------------
    SLICE_X109Y63        FDCE (Prop_fdce_C_Q)         0.100     2.436 r  dbg_hub/inst/CORE_XSDB.UUT_MASTER/U_ICON_INTERFACE/U_CMD5/shift_reg_in_reg[7]/Q
                         net (fo=2, routed)           0.062     2.498    dbg_hub/inst/CORE_XSDB.UUT_MASTER/U_ICON_INTERFACE/U_CMD5/shift_reg_in[7]
    SLICE_X109Y63        FDCE                                         r  dbg_hub/inst/CORE_XSDB.UUT_MASTER/U_ICON_INTERFACE/U_CMD5/shift_reg_in_reg[6]/D
  -------------------------------------------------------------------    -------------------

                         (clock dbg_hub/inst/N_EXT_BSCAN.bscan_inst/SERIES7_BSCAN.bscan_inst/DRCK rise edge)
                                                      0.000     0.000 r  
    BSCAN_X0Y0           BSCANE2                      0.000     0.000 r  dbg_hub/inst/N_EXT_BSCAN.bscan_inst/SERIES7_BSCAN.bscan_inst/DRCK
                         net (fo=1, routed)           1.943     1.943    dbg_hub/inst/DRCK
    BUFGCTRL_X0Y1        BUFG (Prop_bufg_I_O)         0.030     1.973 r  dbg_hub/inst/N_EXT_BSCAN.u_bufg_icon/O
                         net (fo=269, routed)         0.896     2.869    dbg_hub/inst/CORE_XSDB.UUT_MASTER/U_ICON_INTERFACE/U_CMD5/CLK
    SLICE_X109Y63        FDCE                                         r  dbg_hub/inst/CORE_XSDB.UUT_MASTER/U_ICON_INTERFACE/U_CMD5/shift_reg_in_reg[6]/C
                         clock pessimism             -0.533     2.336    
    SLICE_X109Y63        FDCE (Hold_fdce_C_D)         0.047     2.383    dbg_hub/inst/CORE_XSDB.UUT_MASTER/U_ICON_INTERFACE/U_CMD5/shift_reg_in_reg[6]
  -------------------------------------------------------------------
                         required time                         -2.383    
                         arrival time                           2.498    
  -------------------------------------------------------------------
                         slack                                  0.115    





Pulse Width Checks
--------------------------------------------------------------------------------------
Clock Name:         dbg_hub/inst/N_EXT_BSCAN.bscan_inst/SERIES7_BSCAN.bscan_inst/DRCK
Waveform(ns):       { 0.000 15.000 }
Period(ns):         30.000
Sources:            { dbg_hub/inst/N_EXT_BSCAN.bscan_inst/SERIES7_BSCAN.bscan_inst/DRCK }

Check Type        Corner  Lib Pin     Reference Pin  Required(ns)  Actual(ns)  Slack(ns)  Location       Pin
Min Period        n/a     BUFG/I      n/a            1.409         30.000      28.591     BUFGCTRL_X0Y1  dbg_hub/inst/N_EXT_BSCAN.u_bufg_icon/I
Min Period        n/a     FDRE/C      n/a            0.750         30.000      29.250     SLICE_X105Y63  dbg_hub/inst/CORE_XSDB.UUT_MASTER/U_ICON_INTERFACE/U_CMD1/shift_reg_in_reg[1]/C
Min Period        n/a     FDRE/C      n/a            0.750         30.000      29.250     SLICE_X105Y65  dbg_hub/inst/CORE_XSDB.UUT_MASTER/U_ICON_INTERFACE/U_CMD2/shift_reg_in_reg[3]/C
Min Period        n/a     FDRE/C      n/a            0.750         30.000      29.250     SLICE_X108Y65  dbg_hub/inst/CORE_XSDB.UUT_MASTER/U_ICON_INTERFACE/U_CMD3/shift_reg_in_reg[2]/C
Min Period        n/a     FDCE/C      n/a            0.750         30.000      29.250     SLICE_X116Y65  dbg_hub/inst/CORE_XSDB.UUT_MASTER/U_ICON_INTERFACE/U_CMD4/shift_reg_in_reg[0]/C
Min Period        n/a     FDCE/C      n/a            0.750         30.000      29.250     SLICE_X116Y64  dbg_hub/inst/CORE_XSDB.UUT_MASTER/U_ICON_INTERFACE/U_CMD4/shift_reg_in_reg[10]/C
Min Period        n/a     FDCE/C      n/a            0.750         30.000      29.250     SLICE_X116Y63  dbg_hub/inst/CORE_XSDB.UUT_MASTER/U_ICON_INTERFACE/U_CMD4/shift_reg_in_reg[12]/C
Min Period        n/a     FDCE/C      n/a            0.750         30.000      29.250     SLICE_X116Y63  dbg_hub/inst/CORE_XSDB.UUT_MASTER/U_ICON_INTERFACE/U_CMD4/shift_reg_in_reg[14]/C
Min Period        n/a     FDCE/C      n/a            0.750         30.000      29.250     SLICE_X116Y63  dbg_hub/inst/CORE_XSDB.UUT_MASTER/U_ICON_INTERFACE/U_CMD4/shift_reg_in_reg[16]/C
Min Period        n/a     FDCE/C      n/a            0.750         30.000      29.250     SLICE_X116Y63  dbg_hub/inst/CORE_XSDB.UUT_MASTER/U_ICON_INTERFACE/U_CMD4/shift_reg_in_reg[18]/C
Low Pulse Width   Slow    RAMD32/CLK  n/a            0.768         15.000      14.232     SLICE_X104Y68  dbg_hub/inst/CORE_XSDB.UUT_MASTER/U_ICON_INTERFACE/U_CMD6_WR/U_WR_FIFO/SUBCORE_FIFO.xsdbm_v1_1_1_wrfifo_inst/inst_fifo_gen/gconvfifo.rf/grf.rf/gntv_or_sync_fifo.mem/gdm.dm/RAM_reg_0_15_12_15/RAMA/CLK
Low Pulse Width   Slow    RAMD32/CLK  n/a            0.768         15.000      14.232     SLICE_X104Y68  dbg_hub/inst/CORE_XSDB.UUT_MASTER/U_ICON_INTERFACE/U_CMD6_WR/U_WR_FIFO/SUBCORE_FIFO.xsdbm_v1_1_1_wrfifo_inst/inst_fifo_gen/gconvfifo.rf/grf.rf/gntv_or_sync_fifo.mem/gdm.dm/RAM_reg_0_15_12_15/RAMA_D1/CLK
Low Pulse Width   Slow    RAMD32/CLK  n/a            0.768         15.000      14.232     SLICE_X104Y68  dbg_hub/inst/CORE_XSDB.UUT_MASTER/U_ICON_INTERFACE/U_CMD6_WR/U_WR_FIFO/SUBCORE_FIFO.xsdbm_v1_1_1_wrfifo_inst/inst_fifo_gen/gconvfifo.rf/grf.rf/gntv_or_sync_fifo.mem/gdm.dm/RAM_reg_0_15_12_15/RAMB/CLK
Low Pulse Width   Slow    RAMD32/CLK  n/a            0.768         15.000      14.232     SLICE_X104Y68  dbg_hub/inst/CORE_XSDB.UUT_MASTER/U_ICON_INTERFACE/U_CMD6_WR/U_WR_FIFO/SUBCORE_FIFO.xsdbm_v1_1_1_wrfifo_inst/inst_fifo_gen/gconvfifo.rf/grf.rf/gntv_or_sync_fifo.mem/gdm.dm/RAM_reg_0_15_12_15/RAMB_D1/CLK
Low Pulse Width   Slow    RAMD32/CLK  n/a            0.768         15.000      14.232     SLICE_X104Y68  dbg_hub/inst/CORE_XSDB.UUT_MASTER/U_ICON_INTERFACE/U_CMD6_WR/U_WR_FIFO/SUBCORE_FIFO.xsdbm_v1_1_1_wrfifo_inst/inst_fifo_gen/gconvfifo.rf/grf.rf/gntv_or_sync_fifo.mem/gdm.dm/RAM_reg_0_15_12_15/RAMC/CLK
Low Pulse Width   Slow    RAMD32/CLK  n/a            0.768         15.000      14.232     SLICE_X104Y68  dbg_hub/inst/CORE_XSDB.UUT_MASTER/U_ICON_INTERFACE/U_CMD6_WR/U_WR_FIFO/SUBCORE_FIFO.xsdbm_v1_1_1_wrfifo_inst/inst_fifo_gen/gconvfifo.rf/grf.rf/gntv_or_sync_fifo.mem/gdm.dm/RAM_reg_0_15_12_15/RAMC_D1/CLK
Low Pulse Width   Slow    RAMS32/CLK  n/a            0.768         15.000      14.232     SLICE_X104Y68  dbg_hub/inst/CORE_XSDB.UUT_MASTER/U_ICON_INTERFACE/U_CMD6_WR/U_WR_FIFO/SUBCORE_FIFO.xsdbm_v1_1_1_wrfifo_inst/inst_fifo_gen/gconvfifo.rf/grf.rf/gntv_or_sync_fifo.mem/gdm.dm/RAM_reg_0_15_12_15/RAMD/CLK
Low Pulse Width   Slow    RAMS32/CLK  n/a            0.768         15.000      14.232     SLICE_X104Y68  dbg_hub/inst/CORE_XSDB.UUT_MASTER/U_ICON_INTERFACE/U_CMD6_WR/U_WR_FIFO/SUBCORE_FIFO.xsdbm_v1_1_1_wrfifo_inst/inst_fifo_gen/gconvfifo.rf/grf.rf/gntv_or_sync_fifo.mem/gdm.dm/RAM_reg_0_15_12_15/RAMD_D1/CLK
Low Pulse Width   Slow    RAMD32/CLK  n/a            0.768         15.000      14.232     SLICE_X106Y67  dbg_hub/inst/CORE_XSDB.UUT_MASTER/U_ICON_INTERFACE/U_CMD6_WR/U_WR_FIFO/SUBCORE_FIFO.xsdbm_v1_1_1_wrfifo_inst/inst_fifo_gen/gconvfifo.rf/grf.rf/gntv_or_sync_fifo.mem/gdm.dm/RAM_reg_0_15_6_11/RAMA/CLK
Low Pulse Width   Fast    RAMD32/CLK  n/a            0.768         15.000      14.232     SLICE_X106Y67  dbg_hub/inst/CORE_XSDB.UUT_MASTER/U_ICON_INTERFACE/U_CMD6_WR/U_WR_FIFO/SUBCORE_FIFO.xsdbm_v1_1_1_wrfifo_inst/inst_fifo_gen/gconvfifo.rf/grf.rf/gntv_or_sync_fifo.mem/gdm.dm/RAM_reg_0_15_6_11/RAMA/CLK
High Pulse Width  Fast    RAMD32/CLK  n/a            0.768         15.000      14.232     SLICE_X106Y68  dbg_hub/inst/CORE_XSDB.UUT_MASTER/U_ICON_INTERFACE/U_CMD6_WR/U_WR_FIFO/SUBCORE_FIFO.xsdbm_v1_1_1_wrfifo_inst/inst_fifo_gen/gconvfifo.rf/grf.rf/gntv_or_sync_fifo.mem/gdm.dm/RAM_reg_0_15_0_5/RAMA/CLK
High Pulse Width  Fast    RAMD32/CLK  n/a            0.768         15.000      14.232     SLICE_X106Y68  dbg_hub/inst/CORE_XSDB.UUT_MASTER/U_ICON_INTERFACE/U_CMD6_WR/U_WR_FIFO/SUBCORE_FIFO.xsdbm_v1_1_1_wrfifo_inst/inst_fifo_gen/gconvfifo.rf/grf.rf/gntv_or_sync_fifo.mem/gdm.dm/RAM_reg_0_15_0_5/RAMA_D1/CLK
High Pulse Width  Fast    RAMD32/CLK  n/a            0.768         15.000      14.232     SLICE_X106Y68  dbg_hub/inst/CORE_XSDB.UUT_MASTER/U_ICON_INTERFACE/U_CMD6_WR/U_WR_FIFO/SUBCORE_FIFO.xsdbm_v1_1_1_wrfifo_inst/inst_fifo_gen/gconvfifo.rf/grf.rf/gntv_or_sync_fifo.mem/gdm.dm/RAM_reg_0_15_0_5/RAMB/CLK
High Pulse Width  Fast    RAMD32/CLK  n/a            0.768         15.000      14.232     SLICE_X106Y68  dbg_hub/inst/CORE_XSDB.UUT_MASTER/U_ICON_INTERFACE/U_CMD6_WR/U_WR_FIFO/SUBCORE_FIFO.xsdbm_v1_1_1_wrfifo_inst/inst_fifo_gen/gconvfifo.rf/grf.rf/gntv_or_sync_fifo.mem/gdm.dm/RAM_reg_0_15_0_5/RAMB_D1/CLK
High Pulse Width  Fast    RAMD32/CLK  n/a            0.768         15.000      14.232     SLICE_X106Y68  dbg_hub/inst/CORE_XSDB.UUT_MASTER/U_ICON_INTERFACE/U_CMD6_WR/U_WR_FIFO/SUBCORE_FIFO.xsdbm_v1_1_1_wrfifo_inst/inst_fifo_gen/gconvfifo.rf/grf.rf/gntv_or_sync_fifo.mem/gdm.dm/RAM_reg_0_15_0_5/RAMC/CLK
High Pulse Width  Fast    RAMD32/CLK  n/a            0.768         15.000      14.232     SLICE_X106Y68  dbg_hub/inst/CORE_XSDB.UUT_MASTER/U_ICON_INTERFACE/U_CMD6_WR/U_WR_FIFO/SUBCORE_FIFO.xsdbm_v1_1_1_wrfifo_inst/inst_fifo_gen/gconvfifo.rf/grf.rf/gntv_or_sync_fifo.mem/gdm.dm/RAM_reg_0_15_0_5/RAMC_D1/CLK
High Pulse Width  Fast    RAMS32/CLK  n/a            0.768         15.000      14.232     SLICE_X106Y68  dbg_hub/inst/CORE_XSDB.UUT_MASTER/U_ICON_INTERFACE/U_CMD6_WR/U_WR_FIFO/SUBCORE_FIFO.xsdbm_v1_1_1_wrfifo_inst/inst_fifo_gen/gconvfifo.rf/grf.rf/gntv_or_sync_fifo.mem/gdm.dm/RAM_reg_0_15_0_5/RAMD/CLK
High Pulse Width  Fast    RAMS32/CLK  n/a            0.768         15.000      14.232     SLICE_X106Y68  dbg_hub/inst/CORE_XSDB.UUT_MASTER/U_ICON_INTERFACE/U_CMD6_WR/U_WR_FIFO/SUBCORE_FIFO.xsdbm_v1_1_1_wrfifo_inst/inst_fifo_gen/gconvfifo.rf/grf.rf/gntv_or_sync_fifo.mem/gdm.dm/RAM_reg_0_15_0_5/RAMD_D1/CLK
High Pulse Width  Fast    RAMD32/CLK  n/a            0.768         15.000      14.232     SLICE_X104Y68  dbg_hub/inst/CORE_XSDB.UUT_MASTER/U_ICON_INTERFACE/U_CMD6_WR/U_WR_FIFO/SUBCORE_FIFO.xsdbm_v1_1_1_wrfifo_inst/inst_fifo_gen/gconvfifo.rf/grf.rf/gntv_or_sync_fifo.mem/gdm.dm/RAM_reg_0_15_12_15/RAMA/CLK
High Pulse Width  Fast    RAMD32/CLK  n/a            0.768         15.000      14.232     SLICE_X104Y68  dbg_hub/inst/CORE_XSDB.UUT_MASTER/U_ICON_INTERFACE/U_CMD6_WR/U_WR_FIFO/SUBCORE_FIFO.xsdbm_v1_1_1_wrfifo_inst/inst_fifo_gen/gconvfifo.rf/grf.rf/gntv_or_sync_fifo.mem/gdm.dm/RAM_reg_0_15_12_15/RAMA_D1/CLK



---------------------------------------------------------------------------------------------------
From Clock:  dbg_hub/inst/N_EXT_BSCAN.bscan_inst/SERIES7_BSCAN.bscan_inst/UPDATE
  To Clock:  dbg_hub/inst/N_EXT_BSCAN.bscan_inst/SERIES7_BSCAN.bscan_inst/UPDATE

Setup :            0  Failing Endpoints,  Worst Slack       58.546ns,  Total Violation        0.000ns
Hold  :            0  Failing Endpoints,  Worst Slack        0.733ns,  Total Violation        0.000ns
PW    :            0  Failing Endpoints,  Worst Slack       29.650ns,  Total Violation        0.000ns
---------------------------------------------------------------------------------------------------


Max Delay Paths
--------------------------------------------------------------------------------------
Slack (MET) :             58.546ns  (required time - arrival time)
  Source:                 dbg_hub/inst/CORE_XSDB.U_ICON/iDATA_CMD_reg/C
                            (rising edge-triggered cell FDCE clocked by dbg_hub/inst/N_EXT_BSCAN.bscan_inst/SERIES7_BSCAN.bscan_inst/UPDATE  {rise@0.000ns fall@30.000ns period=60.000ns})
  Destination:            dbg_hub/inst/CORE_XSDB.U_ICON/iDATA_CMD_reg/D
                            (rising edge-triggered cell FDCE clocked by dbg_hub/inst/N_EXT_BSCAN.bscan_inst/SERIES7_BSCAN.bscan_inst/UPDATE  {rise@0.000ns fall@30.000ns period=60.000ns})
  Path Group:             dbg_hub/inst/N_EXT_BSCAN.bscan_inst/SERIES7_BSCAN.bscan_inst/UPDATE
  Path Type:              Setup (Max at Slow Process Corner)
  Requirement:            60.000ns  (dbg_hub/inst/N_EXT_BSCAN.bscan_inst/SERIES7_BSCAN.bscan_inst/UPDATE rise@60.000ns - dbg_hub/inst/N_EXT_BSCAN.bscan_inst/SERIES7_BSCAN.bscan_inst/UPDATE rise@0.000ns)
  Data Path Delay:        1.483ns  (logic 0.302ns (20.366%)  route 1.181ns (79.634%))
  Logic Levels:           1  (LUT1=1)
  Clock Path Skew:        0.000ns (DCD - SCD + CPR)
    Destination Clock Delay (DCD):    3.931ns = ( 63.931 - 60.000 ) 
    Source Clock Delay      (SCD):    4.512ns
    Clock Pessimism Removal (CPR):    0.581ns
  Clock Uncertainty:      0.035ns  ((TSJ^2 + TIJ^2)^1/2 + DJ) / 2 + PE
    Total System Jitter     (TSJ):    0.071ns
    Total Input Jitter      (TIJ):    0.000ns
    Discrete Jitter          (DJ):    0.000ns
    Phase Error              (PE):    0.000ns

    Location             Delay type                Incr(ns)  Path(ns)    Netlist Resource(s)
  -------------------------------------------------------------------    -------------------
                         (clock dbg_hub/inst/N_EXT_BSCAN.bscan_inst/SERIES7_BSCAN.bscan_inst/UPDATE rise edge)
                                                      0.000     0.000 r  
    BSCAN_X0Y0           BSCANE2                      0.000     0.000 r  dbg_hub/inst/N_EXT_BSCAN.bscan_inst/SERIES7_BSCAN.bscan_inst/UPDATE
                         net (fo=1, routed)           2.846     2.846    dbg_hub/inst/UPDATE
    BUFGCTRL_X0Y2        BUFG (Prop_bufg_I_O)         0.093     2.939 r  dbg_hub/inst/N_EXT_BSCAN.u_bufg_icon_update/O
                         net (fo=1, routed)           1.573     4.512    dbg_hub/inst/CORE_XSDB.U_ICON/UPDATE_temp
    SLICE_X98Y65         FDCE                                         r  dbg_hub/inst/CORE_XSDB.U_ICON/iDATA_CMD_reg/C
  -------------------------------------------------------------------    -------------------
    SLICE_X98Y65         FDCE (Prop_fdce_C_Q)         0.259     4.771 f  dbg_hub/inst/CORE_XSDB.U_ICON/iDATA_CMD_reg/Q
                         net (fo=2, routed)           1.181     5.952    dbg_hub/inst/CORE_XSDB.U_ICON/U_SYNC/iDATA_CMD
    SLICE_X98Y65         LUT1 (Prop_lut1_I0_O)        0.043     5.995 r  dbg_hub/inst/CORE_XSDB.U_ICON/U_SYNC/iDATA_CMD_i_1/O
                         net (fo=9, routed)           0.000     5.995    dbg_hub/inst/CORE_XSDB.U_ICON/U_SYNC_n_0
    SLICE_X98Y65         FDCE                                         r  dbg_hub/inst/CORE_XSDB.U_ICON/iDATA_CMD_reg/D
  -------------------------------------------------------------------    -------------------

                         (clock dbg_hub/inst/N_EXT_BSCAN.bscan_inst/SERIES7_BSCAN.bscan_inst/UPDATE rise edge)
                                                     60.000    60.000 r  
    BSCAN_X0Y0           BSCANE2                      0.000    60.000 r  dbg_hub/inst/N_EXT_BSCAN.bscan_inst/SERIES7_BSCAN.bscan_inst/UPDATE
                         net (fo=1, routed)           2.409    62.409    dbg_hub/inst/UPDATE
    BUFGCTRL_X0Y2        BUFG (Prop_bufg_I_O)         0.083    62.492 r  dbg_hub/inst/N_EXT_BSCAN.u_bufg_icon_update/O
                         net (fo=1, routed)           1.439    63.931    dbg_hub/inst/CORE_XSDB.U_ICON/UPDATE_temp
    SLICE_X98Y65         FDCE                                         r  dbg_hub/inst/CORE_XSDB.U_ICON/iDATA_CMD_reg/C
                         clock pessimism              0.581    64.512    
                         clock uncertainty           -0.035    64.477    
    SLICE_X98Y65         FDCE (Setup_fdce_C_D)        0.064    64.541    dbg_hub/inst/CORE_XSDB.U_ICON/iDATA_CMD_reg
  -------------------------------------------------------------------
                         required time                         64.541    
                         arrival time                          -5.995    
  -------------------------------------------------------------------
                         slack                                 58.546    





Min Delay Paths
--------------------------------------------------------------------------------------
Slack (MET) :             0.733ns  (arrival time - required time)
  Source:                 dbg_hub/inst/CORE_XSDB.U_ICON/iDATA_CMD_reg/C
                            (rising edge-triggered cell FDCE clocked by dbg_hub/inst/N_EXT_BSCAN.bscan_inst/SERIES7_BSCAN.bscan_inst/UPDATE  {rise@0.000ns fall@30.000ns period=60.000ns})
  Destination:            dbg_hub/inst/CORE_XSDB.U_ICON/iDATA_CMD_reg/D
                            (rising edge-triggered cell FDCE clocked by dbg_hub/inst/N_EXT_BSCAN.bscan_inst/SERIES7_BSCAN.bscan_inst/UPDATE  {rise@0.000ns fall@30.000ns period=60.000ns})
  Path Group:             dbg_hub/inst/N_EXT_BSCAN.bscan_inst/SERIES7_BSCAN.bscan_inst/UPDATE
  Path Type:              Hold (Min at Fast Process Corner)
  Requirement:            0.000ns  (dbg_hub/inst/N_EXT_BSCAN.bscan_inst/SERIES7_BSCAN.bscan_inst/UPDATE rise@0.000ns - dbg_hub/inst/N_EXT_BSCAN.bscan_inst/SERIES7_BSCAN.bscan_inst/UPDATE rise@0.000ns)
  Data Path Delay:        0.820ns  (logic 0.146ns (17.808%)  route 0.674ns (82.192%))
  Logic Levels:           1  (LUT1=1)
  Clock Path Skew:        0.000ns (DCD - SCD - CPR)
    Destination Clock Delay (DCD):    2.693ns
    Source Clock Delay      (SCD):    2.189ns
    Clock Pessimism Removal (CPR):    0.504ns

    Location             Delay type                Incr(ns)  Path(ns)    Netlist Resource(s)
  -------------------------------------------------------------------    -------------------
                         (clock dbg_hub/inst/N_EXT_BSCAN.bscan_inst/SERIES7_BSCAN.bscan_inst/UPDATE rise edge)
                                                      0.000     0.000 r  
    BSCAN_X0Y0           BSCANE2                      0.000     0.000 r  dbg_hub/inst/N_EXT_BSCAN.bscan_inst/SERIES7_BSCAN.bscan_inst/UPDATE
                         net (fo=1, routed)           1.512     1.512    dbg_hub/inst/UPDATE
    BUFGCTRL_X0Y2        BUFG (Prop_bufg_I_O)         0.026     1.538 r  dbg_hub/inst/N_EXT_BSCAN.u_bufg_icon_update/O
                         net (fo=1, routed)           0.651     2.189    dbg_hub/inst/CORE_XSDB.U_ICON/UPDATE_temp
    SLICE_X98Y65         FDCE                                         r  dbg_hub/inst/CORE_XSDB.U_ICON/iDATA_CMD_reg/C
  -------------------------------------------------------------------    -------------------
    SLICE_X98Y65         FDCE (Prop_fdce_C_Q)         0.118     2.307 f  dbg_hub/inst/CORE_XSDB.U_ICON/iDATA_CMD_reg/Q
                         net (fo=2, routed)           0.674     2.981    dbg_hub/inst/CORE_XSDB.U_ICON/U_SYNC/iDATA_CMD
    SLICE_X98Y65         LUT1 (Prop_lut1_I0_O)        0.028     3.009 r  dbg_hub/inst/CORE_XSDB.U_ICON/U_SYNC/iDATA_CMD_i_1/O
                         net (fo=9, routed)           0.000     3.009    dbg_hub/inst/CORE_XSDB.U_ICON/U_SYNC_n_0
    SLICE_X98Y65         FDCE                                         r  dbg_hub/inst/CORE_XSDB.U_ICON/iDATA_CMD_reg/D
  -------------------------------------------------------------------    -------------------

                         (clock dbg_hub/inst/N_EXT_BSCAN.bscan_inst/SERIES7_BSCAN.bscan_inst/UPDATE rise edge)
                                                      0.000     0.000 r  
    BSCAN_X0Y0           BSCANE2                      0.000     0.000 r  dbg_hub/inst/N_EXT_BSCAN.bscan_inst/SERIES7_BSCAN.bscan_inst/UPDATE
                         net (fo=1, routed)           1.775     1.775    dbg_hub/inst/UPDATE
    BUFGCTRL_X0Y2        BUFG (Prop_bufg_I_O)         0.030     1.805 r  dbg_hub/inst/N_EXT_BSCAN.u_bufg_icon_update/O
                         net (fo=1, routed)           0.888     2.693    dbg_hub/inst/CORE_XSDB.U_ICON/UPDATE_temp
    SLICE_X98Y65         FDCE                                         r  dbg_hub/inst/CORE_XSDB.U_ICON/iDATA_CMD_reg/C
                         clock pessimism             -0.504     2.189    
    SLICE_X98Y65         FDCE (Hold_fdce_C_D)         0.087     2.276    dbg_hub/inst/CORE_XSDB.U_ICON/iDATA_CMD_reg
  -------------------------------------------------------------------
                         required time                         -2.276    
                         arrival time                           3.009    
  -------------------------------------------------------------------
                         slack                                  0.733    





Pulse Width Checks
--------------------------------------------------------------------------------------
Clock Name:         dbg_hub/inst/N_EXT_BSCAN.bscan_inst/SERIES7_BSCAN.bscan_inst/UPDATE
Waveform(ns):       { 0.000 30.000 }
Period(ns):         60.000
Sources:            { dbg_hub/inst/N_EXT_BSCAN.bscan_inst/SERIES7_BSCAN.bscan_inst/UPDATE }

Check Type        Corner  Lib Pin  Reference Pin  Required(ns)  Actual(ns)  Slack(ns)  Location       Pin
Min Period        n/a     BUFG/I   n/a            1.409         60.000      58.591     BUFGCTRL_X0Y2  dbg_hub/inst/N_EXT_BSCAN.u_bufg_icon_update/I
Min Period        n/a     FDCE/C   n/a            0.700         60.000      59.300     SLICE_X98Y65   dbg_hub/inst/CORE_XSDB.U_ICON/iDATA_CMD_reg/C
Low Pulse Width   Fast    FDCE/C   n/a            0.350         30.000      29.650     SLICE_X98Y65   dbg_hub/inst/CORE_XSDB.U_ICON/iDATA_CMD_reg/C
Low Pulse Width   Slow    FDCE/C   n/a            0.350         30.000      29.650     SLICE_X98Y65   dbg_hub/inst/CORE_XSDB.U_ICON/iDATA_CMD_reg/C
High Pulse Width  Slow    FDCE/C   n/a            0.350         30.000      29.650     SLICE_X98Y65   dbg_hub/inst/CORE_XSDB.U_ICON/iDATA_CMD_reg/C
High Pulse Width  Fast    FDCE/C   n/a            0.350         30.000      29.650     SLICE_X98Y65   dbg_hub/inst/CORE_XSDB.U_ICON/iDATA_CMD_reg/C



---------------------------------------------------------------------------------------------------
From Clock:  dbg_hub/inst/N_EXT_BSCAN.bscan_inst/SERIES7_BSCAN.bscan_inst/UPDATE
  To Clock:  dbg_hub/inst/N_EXT_BSCAN.bscan_inst/SERIES7_BSCAN.bscan_inst/DRCK

Setup :            0  Failing Endpoints,  Worst Slack       56.876ns,  Total Violation        0.000ns
Hold  :            0  Failing Endpoints,  Worst Slack        0.549ns,  Total Violation        0.000ns
---------------------------------------------------------------------------------------------------


Max Delay Paths
--------------------------------------------------------------------------------------
Slack (MET) :             56.876ns  (required time - arrival time)
  Source:                 dbg_hub/inst/CORE_XSDB.U_ICON/iDATA_CMD_reg/C
                            (rising edge-triggered cell FDCE clocked by dbg_hub/inst/N_EXT_BSCAN.bscan_inst/SERIES7_BSCAN.bscan_inst/UPDATE  {rise@0.000ns fall@30.000ns period=60.000ns})
  Destination:            dbg_hub/inst/CORE_XSDB.U_ICON/U_CMD/iTARGET_reg[15]/CE
                            (rising edge-triggered cell FDCE clocked by dbg_hub/inst/N_EXT_BSCAN.bscan_inst/SERIES7_BSCAN.bscan_inst/DRCK  {rise@0.000ns fall@15.000ns period=30.000ns})
  Path Group:             dbg_hub/inst/N_EXT_BSCAN.bscan_inst/SERIES7_BSCAN.bscan_inst/DRCK
  Path Type:              Setup (Max at Slow Process Corner)
  Requirement:            60.000ns  (dbg_hub/inst/N_EXT_BSCAN.bscan_inst/SERIES7_BSCAN.bscan_inst/DRCK rise@60.000ns - dbg_hub/inst/N_EXT_BSCAN.bscan_inst/SERIES7_BSCAN.bscan_inst/UPDATE rise@0.000ns)
  Data Path Delay:        2.527ns  (logic 0.302ns (11.950%)  route 2.225ns (88.050%))
  Logic Levels:           1  (LUT2=1)
  Clock Path Skew:        -0.360ns (DCD - SCD + CPR)
    Destination Clock Delay (DCD):    4.152ns = ( 34.152 - 30.000 ) 
    Source Clock Delay      (SCD):    4.512ns
    Clock Pessimism Removal (CPR):    0.000ns
  Clock Uncertainty:      0.035ns  ((TSJ^2 + TIJ^2)^1/2 + DJ) / 2 + PE
    Total System Jitter     (TSJ):    0.071ns
    Total Input Jitter      (TIJ):    0.000ns
    Discrete Jitter          (DJ):    0.000ns
    Phase Error              (PE):    0.000ns
  Timing Exception:       MultiCycle Path   Setup -end   2    

    Location             Delay type                Incr(ns)  Path(ns)    Netlist Resource(s)
  -------------------------------------------------------------------    -------------------
                         (clock dbg_hub/inst/N_EXT_BSCAN.bscan_inst/SERIES7_BSCAN.bscan_inst/UPDATE rise edge)
                                                      0.000     0.000 r  
    BSCAN_X0Y0           BSCANE2                      0.000     0.000 r  dbg_hub/inst/N_EXT_BSCAN.bscan_inst/SERIES7_BSCAN.bscan_inst/UPDATE
                         net (fo=1, routed)           2.846     2.846    dbg_hub/inst/UPDATE
    BUFGCTRL_X0Y2        BUFG (Prop_bufg_I_O)         0.093     2.939 r  dbg_hub/inst/N_EXT_BSCAN.u_bufg_icon_update/O
                         net (fo=1, routed)           1.573     4.512    dbg_hub/inst/CORE_XSDB.U_ICON/UPDATE_temp
    SLICE_X98Y65         FDCE                                         r  dbg_hub/inst/CORE_XSDB.U_ICON/iDATA_CMD_reg/C
  -------------------------------------------------------------------    -------------------
    SLICE_X98Y65         FDCE (Prop_fdce_C_Q)         0.259     4.771 f  dbg_hub/inst/CORE_XSDB.U_ICON/iDATA_CMD_reg/Q
                         net (fo=2, routed)           1.250     6.021    dbg_hub/inst/N_EXT_BSCAN.bscan_inst/iDATA_CMD
    SLICE_X101Y65        LUT2 (Prop_lut2_I1_O)        0.043     6.064 r  dbg_hub/inst/N_EXT_BSCAN.bscan_inst/iTARGET[15]_i_1/O
                         net (fo=10, routed)          0.975     7.039    dbg_hub/inst/CORE_XSDB.U_ICON/U_CMD/iDATA_CMD_reg[0]
    SLICE_X101Y64        FDCE                                         r  dbg_hub/inst/CORE_XSDB.U_ICON/U_CMD/iTARGET_reg[15]/CE
  -------------------------------------------------------------------    -------------------

                         (clock dbg_hub/inst/N_EXT_BSCAN.bscan_inst/SERIES7_BSCAN.bscan_inst/DRCK rise edge)
                                                     60.000    60.000 r  
    BSCAN_X0Y0           BSCANE2                      0.000    60.000 r  dbg_hub/inst/N_EXT_BSCAN.bscan_inst/SERIES7_BSCAN.bscan_inst/DRCK
                         net (fo=1, routed)           2.627    62.627    dbg_hub/inst/DRCK
    BUFGCTRL_X0Y1        BUFG (Prop_bufg_I_O)         0.083    62.710 r  dbg_hub/inst/N_EXT_BSCAN.u_bufg_icon/O
                         net (fo=269, routed)         1.442    64.152    dbg_hub/inst/CORE_XSDB.U_ICON/U_CMD/CLK
    SLICE_X101Y64        FDCE                                         r  dbg_hub/inst/CORE_XSDB.U_ICON/U_CMD/iTARGET_reg[15]/C
                         clock pessimism              0.000    64.152    
                         clock uncertainty           -0.035    64.117    
    SLICE_X101Y64        FDCE (Setup_fdce_C_CE)      -0.201    63.916    dbg_hub/inst/CORE_XSDB.U_ICON/U_CMD/iTARGET_reg[15]
  -------------------------------------------------------------------
                         required time                         63.916    
                         arrival time                          -7.039    
  -------------------------------------------------------------------
                         slack                                 56.876    

Slack (MET) :             57.048ns  (required time - arrival time)
  Source:                 dbg_hub/inst/CORE_XSDB.U_ICON/iDATA_CMD_reg/C
                            (rising edge-triggered cell FDCE clocked by dbg_hub/inst/N_EXT_BSCAN.bscan_inst/SERIES7_BSCAN.bscan_inst/UPDATE  {rise@0.000ns fall@30.000ns period=60.000ns})
  Destination:            dbg_hub/inst/CORE_XSDB.U_ICON/U_SYNC/SYNC_reg/R
                            (rising edge-triggered cell FDRE clocked by dbg_hub/inst/N_EXT_BSCAN.bscan_inst/SERIES7_BSCAN.bscan_inst/DRCK  {rise@0.000ns fall@15.000ns period=30.000ns})
  Path Group:             dbg_hub/inst/N_EXT_BSCAN.bscan_inst/SERIES7_BSCAN.bscan_inst/DRCK
  Path Type:              Setup (Max at Slow Process Corner)
  Requirement:            60.000ns  (dbg_hub/inst/N_EXT_BSCAN.bscan_inst/SERIES7_BSCAN.bscan_inst/DRCK rise@60.000ns - dbg_hub/inst/N_EXT_BSCAN.bscan_inst/SERIES7_BSCAN.bscan_inst/UPDATE rise@0.000ns)
  Data Path Delay:        2.252ns  (logic 0.302ns (13.411%)  route 1.950ns (86.589%))
  Logic Levels:           1  (LUT1=1)
  Clock Path Skew:        -0.361ns (DCD - SCD + CPR)
    Destination Clock Delay (DCD):    4.151ns = ( 34.151 - 30.000 ) 
    Source Clock Delay      (SCD):    4.512ns
    Clock Pessimism Removal (CPR):    0.000ns
  Clock Uncertainty:      0.035ns  ((TSJ^2 + TIJ^2)^1/2 + DJ) / 2 + PE
    Total System Jitter     (TSJ):    0.071ns
    Total Input Jitter      (TIJ):    0.000ns
    Discrete Jitter          (DJ):    0.000ns
    Phase Error              (PE):    0.000ns
  Timing Exception:       MultiCycle Path   Setup -end   2    

    Location             Delay type                Incr(ns)  Path(ns)    Netlist Resource(s)
  -------------------------------------------------------------------    -------------------
                         (clock dbg_hub/inst/N_EXT_BSCAN.bscan_inst/SERIES7_BSCAN.bscan_inst/UPDATE rise edge)
                                                      0.000     0.000 r  
    BSCAN_X0Y0           BSCANE2                      0.000     0.000 r  dbg_hub/inst/N_EXT_BSCAN.bscan_inst/SERIES7_BSCAN.bscan_inst/UPDATE
                         net (fo=1, routed)           2.846     2.846    dbg_hub/inst/UPDATE
    BUFGCTRL_X0Y2        BUFG (Prop_bufg_I_O)         0.093     2.939 r  dbg_hub/inst/N_EXT_BSCAN.u_bufg_icon_update/O
                         net (fo=1, routed)           1.573     4.512    dbg_hub/inst/CORE_XSDB.U_ICON/UPDATE_temp
    SLICE_X98Y65         FDCE                                         r  dbg_hub/inst/CORE_XSDB.U_ICON/iDATA_CMD_reg/C
  -------------------------------------------------------------------    -------------------
    SLICE_X98Y65         FDCE (Prop_fdce_C_Q)         0.259     4.771 f  dbg_hub/inst/CORE_XSDB.U_ICON/iDATA_CMD_reg/Q
                         net (fo=2, routed)           1.181     5.952    dbg_hub/inst/CORE_XSDB.U_ICON/U_SYNC/iDATA_CMD
    SLICE_X98Y65         LUT1 (Prop_lut1_I0_O)        0.043     5.995 r  dbg_hub/inst/CORE_XSDB.U_ICON/U_SYNC/iDATA_CMD_i_1/O
                         net (fo=9, routed)           0.769     6.764    dbg_hub/inst/CORE_XSDB.U_ICON/U_SYNC/SR[0]
    SLICE_X100Y65        FDRE                                         r  dbg_hub/inst/CORE_XSDB.U_ICON/U_SYNC/SYNC_reg/R
  -------------------------------------------------------------------    -------------------

                         (clock dbg_hub/inst/N_EXT_BSCAN.bscan_inst/SERIES7_BSCAN.bscan_inst/DRCK rise edge)
                                                     60.000    60.000 r  
    BSCAN_X0Y0           BSCANE2                      0.000    60.000 r  dbg_hub/inst/N_EXT_BSCAN.bscan_inst/SERIES7_BSCAN.bscan_inst/DRCK
                         net (fo=1, routed)           2.627    62.627    dbg_hub/inst/DRCK
    BUFGCTRL_X0Y1        BUFG (Prop_bufg_I_O)         0.083    62.710 r  dbg_hub/inst/N_EXT_BSCAN.u_bufg_icon/O
                         net (fo=269, routed)         1.441    64.151    dbg_hub/inst/CORE_XSDB.U_ICON/U_SYNC/CLK
    SLICE_X100Y65        FDRE                                         r  dbg_hub/inst/CORE_XSDB.U_ICON/U_SYNC/SYNC_reg/C
                         clock pessimism              0.000    64.151    
                         clock uncertainty           -0.035    64.116    
    SLICE_X100Y65        FDRE (Setup_fdre_C_R)       -0.304    63.812    dbg_hub/inst/CORE_XSDB.U_ICON/U_SYNC/SYNC_reg
  -------------------------------------------------------------------
                         required time                         63.812    
                         arrival time                          -6.764    
  -------------------------------------------------------------------
                         slack                                 57.048    

Slack (MET) :             57.048ns  (required time - arrival time)
  Source:                 dbg_hub/inst/CORE_XSDB.U_ICON/iDATA_CMD_reg/C
                            (rising edge-triggered cell FDCE clocked by dbg_hub/inst/N_EXT_BSCAN.bscan_inst/SERIES7_BSCAN.bscan_inst/UPDATE  {rise@0.000ns fall@30.000ns period=60.000ns})
  Destination:            dbg_hub/inst/CORE_XSDB.U_ICON/U_SYNC/iSYNC_WORD_reg[4]/R
                            (rising edge-triggered cell FDRE clocked by dbg_hub/inst/N_EXT_BSCAN.bscan_inst/SERIES7_BSCAN.bscan_inst/DRCK  {rise@0.000ns fall@15.000ns period=30.000ns})
  Path Group:             dbg_hub/inst/N_EXT_BSCAN.bscan_inst/SERIES7_BSCAN.bscan_inst/DRCK
  Path Type:              Setup (Max at Slow Process Corner)
  Requirement:            60.000ns  (dbg_hub/inst/N_EXT_BSCAN.bscan_inst/SERIES7_BSCAN.bscan_inst/DRCK rise@60.000ns - dbg_hub/inst/N_EXT_BSCAN.bscan_inst/SERIES7_BSCAN.bscan_inst/UPDATE rise@0.000ns)
  Data Path Delay:        2.252ns  (logic 0.302ns (13.411%)  route 1.950ns (86.589%))
  Logic Levels:           1  (LUT1=1)
  Clock Path Skew:        -0.361ns (DCD - SCD + CPR)
    Destination Clock Delay (DCD):    4.151ns = ( 34.151 - 30.000 ) 
    Source Clock Delay      (SCD):    4.512ns
    Clock Pessimism Removal (CPR):    0.000ns
  Clock Uncertainty:      0.035ns  ((TSJ^2 + TIJ^2)^1/2 + DJ) / 2 + PE
    Total System Jitter     (TSJ):    0.071ns
    Total Input Jitter      (TIJ):    0.000ns
    Discrete Jitter          (DJ):    0.000ns
    Phase Error              (PE):    0.000ns
  Timing Exception:       MultiCycle Path   Setup -end   2    

    Location             Delay type                Incr(ns)  Path(ns)    Netlist Resource(s)
  -------------------------------------------------------------------    -------------------
                         (clock dbg_hub/inst/N_EXT_BSCAN.bscan_inst/SERIES7_BSCAN.bscan_inst/UPDATE rise edge)
                                                      0.000     0.000 r  
    BSCAN_X0Y0           BSCANE2                      0.000     0.000 r  dbg_hub/inst/N_EXT_BSCAN.bscan_inst/SERIES7_BSCAN.bscan_inst/UPDATE
                         net (fo=1, routed)           2.846     2.846    dbg_hub/inst/UPDATE
    BUFGCTRL_X0Y2        BUFG (Prop_bufg_I_O)         0.093     2.939 r  dbg_hub/inst/N_EXT_BSCAN.u_bufg_icon_update/O
                         net (fo=1, routed)           1.573     4.512    dbg_hub/inst/CORE_XSDB.U_ICON/UPDATE_temp
    SLICE_X98Y65         FDCE                                         r  dbg_hub/inst/CORE_XSDB.U_ICON/iDATA_CMD_reg/C
  -------------------------------------------------------------------    -------------------
    SLICE_X98Y65         FDCE (Prop_fdce_C_Q)         0.259     4.771 f  dbg_hub/inst/CORE_XSDB.U_ICON/iDATA_CMD_reg/Q
                         net (fo=2, routed)           1.181     5.952    dbg_hub/inst/CORE_XSDB.U_ICON/U_SYNC/iDATA_CMD
    SLICE_X98Y65         LUT1 (Prop_lut1_I0_O)        0.043     5.995 r  dbg_hub/inst/CORE_XSDB.U_ICON/U_SYNC/iDATA_CMD_i_1/O
                         net (fo=9, routed)           0.769     6.764    dbg_hub/inst/CORE_XSDB.U_ICON/U_SYNC/SR[0]
    SLICE_X100Y65        FDRE                                         r  dbg_hub/inst/CORE_XSDB.U_ICON/U_SYNC/iSYNC_WORD_reg[4]/R
  -------------------------------------------------------------------    -------------------

                         (clock dbg_hub/inst/N_EXT_BSCAN.bscan_inst/SERIES7_BSCAN.bscan_inst/DRCK rise edge)
                                                     60.000    60.000 r  
    BSCAN_X0Y0           BSCANE2                      0.000    60.000 r  dbg_hub/inst/N_EXT_BSCAN.bscan_inst/SERIES7_BSCAN.bscan_inst/DRCK
                         net (fo=1, routed)           2.627    62.627    dbg_hub/inst/DRCK
    BUFGCTRL_X0Y1        BUFG (Prop_bufg_I_O)         0.083    62.710 r  dbg_hub/inst/N_EXT_BSCAN.u_bufg_icon/O
                         net (fo=269, routed)         1.441    64.151    dbg_hub/inst/CORE_XSDB.U_ICON/U_SYNC/CLK
    SLICE_X100Y65        FDRE                                         r  dbg_hub/inst/CORE_XSDB.U_ICON/U_SYNC/iSYNC_WORD_reg[4]/C
                         clock pessimism              0.000    64.151    
                         clock uncertainty           -0.035    64.116    
    SLICE_X100Y65        FDRE (Setup_fdre_C_R)       -0.304    63.812    dbg_hub/inst/CORE_XSDB.U_ICON/U_SYNC/iSYNC_WORD_reg[4]
  -------------------------------------------------------------------
                         required time                         63.812    
                         arrival time                          -6.764    
  -------------------------------------------------------------------
                         slack                                 57.048    

Slack (MET) :             57.048ns  (required time - arrival time)
  Source:                 dbg_hub/inst/CORE_XSDB.U_ICON/iDATA_CMD_reg/C
                            (rising edge-triggered cell FDCE clocked by dbg_hub/inst/N_EXT_BSCAN.bscan_inst/SERIES7_BSCAN.bscan_inst/UPDATE  {rise@0.000ns fall@30.000ns period=60.000ns})
  Destination:            dbg_hub/inst/CORE_XSDB.U_ICON/U_SYNC/iSYNC_WORD_reg[5]/R
                            (rising edge-triggered cell FDRE clocked by dbg_hub/inst/N_EXT_BSCAN.bscan_inst/SERIES7_BSCAN.bscan_inst/DRCK  {rise@0.000ns fall@15.000ns period=30.000ns})
  Path Group:             dbg_hub/inst/N_EXT_BSCAN.bscan_inst/SERIES7_BSCAN.bscan_inst/DRCK
  Path Type:              Setup (Max at Slow Process Corner)
  Requirement:            60.000ns  (dbg_hub/inst/N_EXT_BSCAN.bscan_inst/SERIES7_BSCAN.bscan_inst/DRCK rise@60.000ns - dbg_hub/inst/N_EXT_BSCAN.bscan_inst/SERIES7_BSCAN.bscan_inst/UPDATE rise@0.000ns)
  Data Path Delay:        2.252ns  (logic 0.302ns (13.411%)  route 1.950ns (86.589%))
  Logic Levels:           1  (LUT1=1)
  Clock Path Skew:        -0.361ns (DCD - SCD + CPR)
    Destination Clock Delay (DCD):    4.151ns = ( 34.151 - 30.000 ) 
    Source Clock Delay      (SCD):    4.512ns
    Clock Pessimism Removal (CPR):    0.000ns
  Clock Uncertainty:      0.035ns  ((TSJ^2 + TIJ^2)^1/2 + DJ) / 2 + PE
    Total System Jitter     (TSJ):    0.071ns
    Total Input Jitter      (TIJ):    0.000ns
    Discrete Jitter          (DJ):    0.000ns
    Phase Error              (PE):    0.000ns
  Timing Exception:       MultiCycle Path   Setup -end   2    

    Location             Delay type                Incr(ns)  Path(ns)    Netlist Resource(s)
  -------------------------------------------------------------------    -------------------
                         (clock dbg_hub/inst/N_EXT_BSCAN.bscan_inst/SERIES7_BSCAN.bscan_inst/UPDATE rise edge)
                                                      0.000     0.000 r  
    BSCAN_X0Y0           BSCANE2                      0.000     0.000 r  dbg_hub/inst/N_EXT_BSCAN.bscan_inst/SERIES7_BSCAN.bscan_inst/UPDATE
                         net (fo=1, routed)           2.846     2.846    dbg_hub/inst/UPDATE
    BUFGCTRL_X0Y2        BUFG (Prop_bufg_I_O)         0.093     2.939 r  dbg_hub/inst/N_EXT_BSCAN.u_bufg_icon_update/O
                         net (fo=1, routed)           1.573     4.512    dbg_hub/inst/CORE_XSDB.U_ICON/UPDATE_temp
    SLICE_X98Y65         FDCE                                         r  dbg_hub/inst/CORE_XSDB.U_ICON/iDATA_CMD_reg/C
  -------------------------------------------------------------------    -------------------
    SLICE_X98Y65         FDCE (Prop_fdce_C_Q)         0.259     4.771 f  dbg_hub/inst/CORE_XSDB.U_ICON/iDATA_CMD_reg/Q
                         net (fo=2, routed)           1.181     5.952    dbg_hub/inst/CORE_XSDB.U_ICON/U_SYNC/iDATA_CMD
    SLICE_X98Y65         LUT1 (Prop_lut1_I0_O)        0.043     5.995 r  dbg_hub/inst/CORE_XSDB.U_ICON/U_SYNC/iDATA_CMD_i_1/O
                         net (fo=9, routed)           0.769     6.764    dbg_hub/inst/CORE_XSDB.U_ICON/U_SYNC/SR[0]
    SLICE_X100Y65        FDRE                                         r  dbg_hub/inst/CORE_XSDB.U_ICON/U_SYNC/iSYNC_WORD_reg[5]/R
  -------------------------------------------------------------------    -------------------

                         (clock dbg_hub/inst/N_EXT_BSCAN.bscan_inst/SERIES7_BSCAN.bscan_inst/DRCK rise edge)
                                                     60.000    60.000 r  
    BSCAN_X0Y0           BSCANE2                      0.000    60.000 r  dbg_hub/inst/N_EXT_BSCAN.bscan_inst/SERIES7_BSCAN.bscan_inst/DRCK
                         net (fo=1, routed)           2.627    62.627    dbg_hub/inst/DRCK
    BUFGCTRL_X0Y1        BUFG (Prop_bufg_I_O)         0.083    62.710 r  dbg_hub/inst/N_EXT_BSCAN.u_bufg_icon/O
                         net (fo=269, routed)         1.441    64.151    dbg_hub/inst/CORE_XSDB.U_ICON/U_SYNC/CLK
    SLICE_X100Y65        FDRE                                         r  dbg_hub/inst/CORE_XSDB.U_ICON/U_SYNC/iSYNC_WORD_reg[5]/C
                         clock pessimism              0.000    64.151    
                         clock uncertainty           -0.035    64.116    
    SLICE_X100Y65        FDRE (Setup_fdre_C_R)       -0.304    63.812    dbg_hub/inst/CORE_XSDB.U_ICON/U_SYNC/iSYNC_WORD_reg[5]
  -------------------------------------------------------------------
                         required time                         63.812    
                         arrival time                          -6.764    
  -------------------------------------------------------------------
                         slack                                 57.048    

Slack (MET) :             57.048ns  (required time - arrival time)
  Source:                 dbg_hub/inst/CORE_XSDB.U_ICON/iDATA_CMD_reg/C
                            (rising edge-triggered cell FDCE clocked by dbg_hub/inst/N_EXT_BSCAN.bscan_inst/SERIES7_BSCAN.bscan_inst/UPDATE  {rise@0.000ns fall@30.000ns period=60.000ns})
  Destination:            dbg_hub/inst/CORE_XSDB.U_ICON/U_SYNC/iSYNC_WORD_reg[6]/R
                            (rising edge-triggered cell FDRE clocked by dbg_hub/inst/N_EXT_BSCAN.bscan_inst/SERIES7_BSCAN.bscan_inst/DRCK  {rise@0.000ns fall@15.000ns period=30.000ns})
  Path Group:             dbg_hub/inst/N_EXT_BSCAN.bscan_inst/SERIES7_BSCAN.bscan_inst/DRCK
  Path Type:              Setup (Max at Slow Process Corner)
  Requirement:            60.000ns  (dbg_hub/inst/N_EXT_BSCAN.bscan_inst/SERIES7_BSCAN.bscan_inst/DRCK rise@60.000ns - dbg_hub/inst/N_EXT_BSCAN.bscan_inst/SERIES7_BSCAN.bscan_inst/UPDATE rise@0.000ns)
  Data Path Delay:        2.252ns  (logic 0.302ns (13.411%)  route 1.950ns (86.589%))
  Logic Levels:           1  (LUT1=1)
  Clock Path Skew:        -0.361ns (DCD - SCD + CPR)
    Destination Clock Delay (DCD):    4.151ns = ( 34.151 - 30.000 ) 
    Source Clock Delay      (SCD):    4.512ns
    Clock Pessimism Removal (CPR):    0.000ns
  Clock Uncertainty:      0.035ns  ((TSJ^2 + TIJ^2)^1/2 + DJ) / 2 + PE
    Total System Jitter     (TSJ):    0.071ns
    Total Input Jitter      (TIJ):    0.000ns
    Discrete Jitter          (DJ):    0.000ns
    Phase Error              (PE):    0.000ns
  Timing Exception:       MultiCycle Path   Setup -end   2    

    Location             Delay type                Incr(ns)  Path(ns)    Netlist Resource(s)
  -------------------------------------------------------------------    -------------------
                         (clock dbg_hub/inst/N_EXT_BSCAN.bscan_inst/SERIES7_BSCAN.bscan_inst/UPDATE rise edge)
                                                      0.000     0.000 r  
    BSCAN_X0Y0           BSCANE2                      0.000     0.000 r  dbg_hub/inst/N_EXT_BSCAN.bscan_inst/SERIES7_BSCAN.bscan_inst/UPDATE
                         net (fo=1, routed)           2.846     2.846    dbg_hub/inst/UPDATE
    BUFGCTRL_X0Y2        BUFG (Prop_bufg_I_O)         0.093     2.939 r  dbg_hub/inst/N_EXT_BSCAN.u_bufg_icon_update/O
                         net (fo=1, routed)           1.573     4.512    dbg_hub/inst/CORE_XSDB.U_ICON/UPDATE_temp
    SLICE_X98Y65         FDCE                                         r  dbg_hub/inst/CORE_XSDB.U_ICON/iDATA_CMD_reg/C
  -------------------------------------------------------------------    -------------------
    SLICE_X98Y65         FDCE (Prop_fdce_C_Q)         0.259     4.771 f  dbg_hub/inst/CORE_XSDB.U_ICON/iDATA_CMD_reg/Q
                         net (fo=2, routed)           1.181     5.952    dbg_hub/inst/CORE_XSDB.U_ICON/U_SYNC/iDATA_CMD
    SLICE_X98Y65         LUT1 (Prop_lut1_I0_O)        0.043     5.995 r  dbg_hub/inst/CORE_XSDB.U_ICON/U_SYNC/iDATA_CMD_i_1/O
                         net (fo=9, routed)           0.769     6.764    dbg_hub/inst/CORE_XSDB.U_ICON/U_SYNC/SR[0]
    SLICE_X100Y65        FDRE                                         r  dbg_hub/inst/CORE_XSDB.U_ICON/U_SYNC/iSYNC_WORD_reg[6]/R
  -------------------------------------------------------------------    -------------------

                         (clock dbg_hub/inst/N_EXT_BSCAN.bscan_inst/SERIES7_BSCAN.bscan_inst/DRCK rise edge)
                                                     60.000    60.000 r  
    BSCAN_X0Y0           BSCANE2                      0.000    60.000 r  dbg_hub/inst/N_EXT_BSCAN.bscan_inst/SERIES7_BSCAN.bscan_inst/DRCK
                         net (fo=1, routed)           2.627    62.627    dbg_hub/inst/DRCK
    BUFGCTRL_X0Y1        BUFG (Prop_bufg_I_O)         0.083    62.710 r  dbg_hub/inst/N_EXT_BSCAN.u_bufg_icon/O
                         net (fo=269, routed)         1.441    64.151    dbg_hub/inst/CORE_XSDB.U_ICON/U_SYNC/CLK
    SLICE_X100Y65        FDRE                                         r  dbg_hub/inst/CORE_XSDB.U_ICON/U_SYNC/iSYNC_WORD_reg[6]/C
                         clock pessimism              0.000    64.151    
                         clock uncertainty           -0.035    64.116    
    SLICE_X100Y65        FDRE (Setup_fdre_C_R)       -0.304    63.812    dbg_hub/inst/CORE_XSDB.U_ICON/U_SYNC/iSYNC_WORD_reg[6]
  -------------------------------------------------------------------
                         required time                         63.812    
                         arrival time                          -6.764    
  -------------------------------------------------------------------
                         slack                                 57.048    

Slack (MET) :             57.050ns  (required time - arrival time)
  Source:                 dbg_hub/inst/CORE_XSDB.U_ICON/iDATA_CMD_reg/C
                            (rising edge-triggered cell FDCE clocked by dbg_hub/inst/N_EXT_BSCAN.bscan_inst/SERIES7_BSCAN.bscan_inst/UPDATE  {rise@0.000ns fall@30.000ns period=60.000ns})
  Destination:            dbg_hub/inst/CORE_XSDB.U_ICON/U_SYNC/iSYNC_WORD_reg[0]/R
                            (rising edge-triggered cell FDRE clocked by dbg_hub/inst/N_EXT_BSCAN.bscan_inst/SERIES7_BSCAN.bscan_inst/DRCK  {rise@0.000ns fall@15.000ns period=30.000ns})
  Path Group:             dbg_hub/inst/N_EXT_BSCAN.bscan_inst/SERIES7_BSCAN.bscan_inst/DRCK
  Path Type:              Setup (Max at Slow Process Corner)
  Requirement:            60.000ns  (dbg_hub/inst/N_EXT_BSCAN.bscan_inst/SERIES7_BSCAN.bscan_inst/DRCK rise@60.000ns - dbg_hub/inst/N_EXT_BSCAN.bscan_inst/SERIES7_BSCAN.bscan_inst/UPDATE rise@0.000ns)
  Data Path Delay:        2.250ns  (logic 0.302ns (13.424%)  route 1.948ns (86.576%))
  Logic Levels:           1  (LUT1=1)
  Clock Path Skew:        -0.361ns (DCD - SCD + CPR)
    Destination Clock Delay (DCD):    4.151ns = ( 34.151 - 30.000 ) 
    Source Clock Delay      (SCD):    4.512ns
    Clock Pessimism Removal (CPR):    0.000ns
  Clock Uncertainty:      0.035ns  ((TSJ^2 + TIJ^2)^1/2 + DJ) / 2 + PE
    Total System Jitter     (TSJ):    0.071ns
    Total Input Jitter      (TIJ):    0.000ns
    Discrete Jitter          (DJ):    0.000ns
    Phase Error              (PE):    0.000ns
  Timing Exception:       MultiCycle Path   Setup -end   2    

    Location             Delay type                Incr(ns)  Path(ns)    Netlist Resource(s)
  -------------------------------------------------------------------    -------------------
                         (clock dbg_hub/inst/N_EXT_BSCAN.bscan_inst/SERIES7_BSCAN.bscan_inst/UPDATE rise edge)
                                                      0.000     0.000 r  
    BSCAN_X0Y0           BSCANE2                      0.000     0.000 r  dbg_hub/inst/N_EXT_BSCAN.bscan_inst/SERIES7_BSCAN.bscan_inst/UPDATE
                         net (fo=1, routed)           2.846     2.846    dbg_hub/inst/UPDATE
    BUFGCTRL_X0Y2        BUFG (Prop_bufg_I_O)         0.093     2.939 r  dbg_hub/inst/N_EXT_BSCAN.u_bufg_icon_update/O
                         net (fo=1, routed)           1.573     4.512    dbg_hub/inst/CORE_XSDB.U_ICON/UPDATE_temp
    SLICE_X98Y65         FDCE                                         r  dbg_hub/inst/CORE_XSDB.U_ICON/iDATA_CMD_reg/C
  -------------------------------------------------------------------    -------------------
    SLICE_X98Y65         FDCE (Prop_fdce_C_Q)         0.259     4.771 f  dbg_hub/inst/CORE_XSDB.U_ICON/iDATA_CMD_reg/Q
                         net (fo=2, routed)           1.181     5.952    dbg_hub/inst/CORE_XSDB.U_ICON/U_SYNC/iDATA_CMD
    SLICE_X98Y65         LUT1 (Prop_lut1_I0_O)        0.043     5.995 r  dbg_hub/inst/CORE_XSDB.U_ICON/U_SYNC/iDATA_CMD_i_1/O
                         net (fo=9, routed)           0.767     6.762    dbg_hub/inst/CORE_XSDB.U_ICON/U_SYNC/SR[0]
    SLICE_X101Y65        FDRE                                         r  dbg_hub/inst/CORE_XSDB.U_ICON/U_SYNC/iSYNC_WORD_reg[0]/R
  -------------------------------------------------------------------    -------------------

                         (clock dbg_hub/inst/N_EXT_BSCAN.bscan_inst/SERIES7_BSCAN.bscan_inst/DRCK rise edge)
                                                     60.000    60.000 r  
    BSCAN_X0Y0           BSCANE2                      0.000    60.000 r  dbg_hub/inst/N_EXT_BSCAN.bscan_inst/SERIES7_BSCAN.bscan_inst/DRCK
                         net (fo=1, routed)           2.627    62.627    dbg_hub/inst/DRCK
    BUFGCTRL_X0Y1        BUFG (Prop_bufg_I_O)         0.083    62.710 r  dbg_hub/inst/N_EXT_BSCAN.u_bufg_icon/O
                         net (fo=269, routed)         1.441    64.151    dbg_hub/inst/CORE_XSDB.U_ICON/U_SYNC/CLK
    SLICE_X101Y65        FDRE                                         r  dbg_hub/inst/CORE_XSDB.U_ICON/U_SYNC/iSYNC_WORD_reg[0]/C
                         clock pessimism              0.000    64.151    
                         clock uncertainty           -0.035    64.116    
    SLICE_X101Y65        FDRE (Setup_fdre_C_R)       -0.304    63.812    dbg_hub/inst/CORE_XSDB.U_ICON/U_SYNC/iSYNC_WORD_reg[0]
  -------------------------------------------------------------------
                         required time                         63.812    
                         arrival time                          -6.762    
  -------------------------------------------------------------------
                         slack                                 57.050    

Slack (MET) :             57.050ns  (required time - arrival time)
  Source:                 dbg_hub/inst/CORE_XSDB.U_ICON/iDATA_CMD_reg/C
                            (rising edge-triggered cell FDCE clocked by dbg_hub/inst/N_EXT_BSCAN.bscan_inst/SERIES7_BSCAN.bscan_inst/UPDATE  {rise@0.000ns fall@30.000ns period=60.000ns})
  Destination:            dbg_hub/inst/CORE_XSDB.U_ICON/U_SYNC/iSYNC_WORD_reg[1]/R
                            (rising edge-triggered cell FDRE clocked by dbg_hub/inst/N_EXT_BSCAN.bscan_inst/SERIES7_BSCAN.bscan_inst/DRCK  {rise@0.000ns fall@15.000ns period=30.000ns})
  Path Group:             dbg_hub/inst/N_EXT_BSCAN.bscan_inst/SERIES7_BSCAN.bscan_inst/DRCK
  Path Type:              Setup (Max at Slow Process Corner)
  Requirement:            60.000ns  (dbg_hub/inst/N_EXT_BSCAN.bscan_inst/SERIES7_BSCAN.bscan_inst/DRCK rise@60.000ns - dbg_hub/inst/N_EXT_BSCAN.bscan_inst/SERIES7_BSCAN.bscan_inst/UPDATE rise@0.000ns)
  Data Path Delay:        2.250ns  (logic 0.302ns (13.424%)  route 1.948ns (86.576%))
  Logic Levels:           1  (LUT1=1)
  Clock Path Skew:        -0.361ns (DCD - SCD + CPR)
    Destination Clock Delay (DCD):    4.151ns = ( 34.151 - 30.000 ) 
    Source Clock Delay      (SCD):    4.512ns
    Clock Pessimism Removal (CPR):    0.000ns
  Clock Uncertainty:      0.035ns  ((TSJ^2 + TIJ^2)^1/2 + DJ) / 2 + PE
    Total System Jitter     (TSJ):    0.071ns
    Total Input Jitter      (TIJ):    0.000ns
    Discrete Jitter          (DJ):    0.000ns
    Phase Error              (PE):    0.000ns
  Timing Exception:       MultiCycle Path   Setup -end   2    

    Location             Delay type                Incr(ns)  Path(ns)    Netlist Resource(s)
  -------------------------------------------------------------------    -------------------
                         (clock dbg_hub/inst/N_EXT_BSCAN.bscan_inst/SERIES7_BSCAN.bscan_inst/UPDATE rise edge)
                                                      0.000     0.000 r  
    BSCAN_X0Y0           BSCANE2                      0.000     0.000 r  dbg_hub/inst/N_EXT_BSCAN.bscan_inst/SERIES7_BSCAN.bscan_inst/UPDATE
                         net (fo=1, routed)           2.846     2.846    dbg_hub/inst/UPDATE
    BUFGCTRL_X0Y2        BUFG (Prop_bufg_I_O)         0.093     2.939 r  dbg_hub/inst/N_EXT_BSCAN.u_bufg_icon_update/O
                         net (fo=1, routed)           1.573     4.512    dbg_hub/inst/CORE_XSDB.U_ICON/UPDATE_temp
    SLICE_X98Y65         FDCE                                         r  dbg_hub/inst/CORE_XSDB.U_ICON/iDATA_CMD_reg/C
  -------------------------------------------------------------------    -------------------
    SLICE_X98Y65         FDCE (Prop_fdce_C_Q)         0.259     4.771 f  dbg_hub/inst/CORE_XSDB.U_ICON/iDATA_CMD_reg/Q
                         net (fo=2, routed)           1.181     5.952    dbg_hub/inst/CORE_XSDB.U_ICON/U_SYNC/iDATA_CMD
    SLICE_X98Y65         LUT1 (Prop_lut1_I0_O)        0.043     5.995 r  dbg_hub/inst/CORE_XSDB.U_ICON/U_SYNC/iDATA_CMD_i_1/O
                         net (fo=9, routed)           0.767     6.762    dbg_hub/inst/CORE_XSDB.U_ICON/U_SYNC/SR[0]
    SLICE_X101Y65        FDRE                                         r  dbg_hub/inst/CORE_XSDB.U_ICON/U_SYNC/iSYNC_WORD_reg[1]/R
  -------------------------------------------------------------------    -------------------

                         (clock dbg_hub/inst/N_EXT_BSCAN.bscan_inst/SERIES7_BSCAN.bscan_inst/DRCK rise edge)
                                                     60.000    60.000 r  
    BSCAN_X0Y0           BSCANE2                      0.000    60.000 r  dbg_hub/inst/N_EXT_BSCAN.bscan_inst/SERIES7_BSCAN.bscan_inst/DRCK
                         net (fo=1, routed)           2.627    62.627    dbg_hub/inst/DRCK
    BUFGCTRL_X0Y1        BUFG (Prop_bufg_I_O)         0.083    62.710 r  dbg_hub/inst/N_EXT_BSCAN.u_bufg_icon/O
                         net (fo=269, routed)         1.441    64.151    dbg_hub/inst/CORE_XSDB.U_ICON/U_SYNC/CLK
    SLICE_X101Y65        FDRE                                         r  dbg_hub/inst/CORE_XSDB.U_ICON/U_SYNC/iSYNC_WORD_reg[1]/C
                         clock pessimism              0.000    64.151    
                         clock uncertainty           -0.035    64.116    
    SLICE_X101Y65        FDRE (Setup_fdre_C_R)       -0.304    63.812    dbg_hub/inst/CORE_XSDB.U_ICON/U_SYNC/iSYNC_WORD_reg[1]
  -------------------------------------------------------------------
                         required time                         63.812    
                         arrival time                          -6.762    
  -------------------------------------------------------------------
                         slack                                 57.050    

Slack (MET) :             57.050ns  (required time - arrival time)
  Source:                 dbg_hub/inst/CORE_XSDB.U_ICON/iDATA_CMD_reg/C
                            (rising edge-triggered cell FDCE clocked by dbg_hub/inst/N_EXT_BSCAN.bscan_inst/SERIES7_BSCAN.bscan_inst/UPDATE  {rise@0.000ns fall@30.000ns period=60.000ns})
  Destination:            dbg_hub/inst/CORE_XSDB.U_ICON/U_SYNC/iSYNC_WORD_reg[2]/R
                            (rising edge-triggered cell FDRE clocked by dbg_hub/inst/N_EXT_BSCAN.bscan_inst/SERIES7_BSCAN.bscan_inst/DRCK  {rise@0.000ns fall@15.000ns period=30.000ns})
  Path Group:             dbg_hub/inst/N_EXT_BSCAN.bscan_inst/SERIES7_BSCAN.bscan_inst/DRCK
  Path Type:              Setup (Max at Slow Process Corner)
  Requirement:            60.000ns  (dbg_hub/inst/N_EXT_BSCAN.bscan_inst/SERIES7_BSCAN.bscan_inst/DRCK rise@60.000ns - dbg_hub/inst/N_EXT_BSCAN.bscan_inst/SERIES7_BSCAN.bscan_inst/UPDATE rise@0.000ns)
  Data Path Delay:        2.250ns  (logic 0.302ns (13.424%)  route 1.948ns (86.576%))
  Logic Levels:           1  (LUT1=1)
  Clock Path Skew:        -0.361ns (DCD - SCD + CPR)
    Destination Clock Delay (DCD):    4.151ns = ( 34.151 - 30.000 ) 
    Source Clock Delay      (SCD):    4.512ns
    Clock Pessimism Removal (CPR):    0.000ns
  Clock Uncertainty:      0.035ns  ((TSJ^2 + TIJ^2)^1/2 + DJ) / 2 + PE
    Total System Jitter     (TSJ):    0.071ns
    Total Input Jitter      (TIJ):    0.000ns
    Discrete Jitter          (DJ):    0.000ns
    Phase Error              (PE):    0.000ns
  Timing Exception:       MultiCycle Path   Setup -end   2    

    Location             Delay type                Incr(ns)  Path(ns)    Netlist Resource(s)
  -------------------------------------------------------------------    -------------------
                         (clock dbg_hub/inst/N_EXT_BSCAN.bscan_inst/SERIES7_BSCAN.bscan_inst/UPDATE rise edge)
                                                      0.000     0.000 r  
    BSCAN_X0Y0           BSCANE2                      0.000     0.000 r  dbg_hub/inst/N_EXT_BSCAN.bscan_inst/SERIES7_BSCAN.bscan_inst/UPDATE
                         net (fo=1, routed)           2.846     2.846    dbg_hub/inst/UPDATE
    BUFGCTRL_X0Y2        BUFG (Prop_bufg_I_O)         0.093     2.939 r  dbg_hub/inst/N_EXT_BSCAN.u_bufg_icon_update/O
                         net (fo=1, routed)           1.573     4.512    dbg_hub/inst/CORE_XSDB.U_ICON/UPDATE_temp
    SLICE_X98Y65         FDCE                                         r  dbg_hub/inst/CORE_XSDB.U_ICON/iDATA_CMD_reg/C
  -------------------------------------------------------------------    -------------------
    SLICE_X98Y65         FDCE (Prop_fdce_C_Q)         0.259     4.771 f  dbg_hub/inst/CORE_XSDB.U_ICON/iDATA_CMD_reg/Q
                         net (fo=2, routed)           1.181     5.952    dbg_hub/inst/CORE_XSDB.U_ICON/U_SYNC/iDATA_CMD
    SLICE_X98Y65         LUT1 (Prop_lut1_I0_O)        0.043     5.995 r  dbg_hub/inst/CORE_XSDB.U_ICON/U_SYNC/iDATA_CMD_i_1/O
                         net (fo=9, routed)           0.767     6.762    dbg_hub/inst/CORE_XSDB.U_ICON/U_SYNC/SR[0]
    SLICE_X101Y65        FDRE                                         r  dbg_hub/inst/CORE_XSDB.U_ICON/U_SYNC/iSYNC_WORD_reg[2]/R
  -------------------------------------------------------------------    -------------------

                         (clock dbg_hub/inst/N_EXT_BSCAN.bscan_inst/SERIES7_BSCAN.bscan_inst/DRCK rise edge)
                                                     60.000    60.000 r  
    BSCAN_X0Y0           BSCANE2                      0.000    60.000 r  dbg_hub/inst/N_EXT_BSCAN.bscan_inst/SERIES7_BSCAN.bscan_inst/DRCK
                         net (fo=1, routed)           2.627    62.627    dbg_hub/inst/DRCK
    BUFGCTRL_X0Y1        BUFG (Prop_bufg_I_O)         0.083    62.710 r  dbg_hub/inst/N_EXT_BSCAN.u_bufg_icon/O
                         net (fo=269, routed)         1.441    64.151    dbg_hub/inst/CORE_XSDB.U_ICON/U_SYNC/CLK
    SLICE_X101Y65        FDRE                                         r  dbg_hub/inst/CORE_XSDB.U_ICON/U_SYNC/iSYNC_WORD_reg[2]/C
                         clock pessimism              0.000    64.151    
                         clock uncertainty           -0.035    64.116    
    SLICE_X101Y65        FDRE (Setup_fdre_C_R)       -0.304    63.812    dbg_hub/inst/CORE_XSDB.U_ICON/U_SYNC/iSYNC_WORD_reg[2]
  -------------------------------------------------------------------
                         required time                         63.812    
                         arrival time                          -6.762    
  -------------------------------------------------------------------
                         slack                                 57.050    

Slack (MET) :             57.050ns  (required time - arrival time)
  Source:                 dbg_hub/inst/CORE_XSDB.U_ICON/iDATA_CMD_reg/C
                            (rising edge-triggered cell FDCE clocked by dbg_hub/inst/N_EXT_BSCAN.bscan_inst/SERIES7_BSCAN.bscan_inst/UPDATE  {rise@0.000ns fall@30.000ns period=60.000ns})
  Destination:            dbg_hub/inst/CORE_XSDB.U_ICON/U_SYNC/iSYNC_WORD_reg[3]/R
                            (rising edge-triggered cell FDRE clocked by dbg_hub/inst/N_EXT_BSCAN.bscan_inst/SERIES7_BSCAN.bscan_inst/DRCK  {rise@0.000ns fall@15.000ns period=30.000ns})
  Path Group:             dbg_hub/inst/N_EXT_BSCAN.bscan_inst/SERIES7_BSCAN.bscan_inst/DRCK
  Path Type:              Setup (Max at Slow Process Corner)
  Requirement:            60.000ns  (dbg_hub/inst/N_EXT_BSCAN.bscan_inst/SERIES7_BSCAN.bscan_inst/DRCK rise@60.000ns - dbg_hub/inst/N_EXT_BSCAN.bscan_inst/SERIES7_BSCAN.bscan_inst/UPDATE rise@0.000ns)
  Data Path Delay:        2.250ns  (logic 0.302ns (13.424%)  route 1.948ns (86.576%))
  Logic Levels:           1  (LUT1=1)
  Clock Path Skew:        -0.361ns (DCD - SCD + CPR)
    Destination Clock Delay (DCD):    4.151ns = ( 34.151 - 30.000 ) 
    Source Clock Delay      (SCD):    4.512ns
    Clock Pessimism Removal (CPR):    0.000ns
  Clock Uncertainty:      0.035ns  ((TSJ^2 + TIJ^2)^1/2 + DJ) / 2 + PE
    Total System Jitter     (TSJ):    0.071ns
    Total Input Jitter      (TIJ):    0.000ns
    Discrete Jitter          (DJ):    0.000ns
    Phase Error              (PE):    0.000ns
  Timing Exception:       MultiCycle Path   Setup -end   2    

    Location             Delay type                Incr(ns)  Path(ns)    Netlist Resource(s)
  -------------------------------------------------------------------    -------------------
                         (clock dbg_hub/inst/N_EXT_BSCAN.bscan_inst/SERIES7_BSCAN.bscan_inst/UPDATE rise edge)
                                                      0.000     0.000 r  
    BSCAN_X0Y0           BSCANE2                      0.000     0.000 r  dbg_hub/inst/N_EXT_BSCAN.bscan_inst/SERIES7_BSCAN.bscan_inst/UPDATE
                         net (fo=1, routed)           2.846     2.846    dbg_hub/inst/UPDATE
    BUFGCTRL_X0Y2        BUFG (Prop_bufg_I_O)         0.093     2.939 r  dbg_hub/inst/N_EXT_BSCAN.u_bufg_icon_update/O
                         net (fo=1, routed)           1.573     4.512    dbg_hub/inst/CORE_XSDB.U_ICON/UPDATE_temp
    SLICE_X98Y65         FDCE                                         r  dbg_hub/inst/CORE_XSDB.U_ICON/iDATA_CMD_reg/C
  -------------------------------------------------------------------    -------------------
    SLICE_X98Y65         FDCE (Prop_fdce_C_Q)         0.259     4.771 f  dbg_hub/inst/CORE_XSDB.U_ICON/iDATA_CMD_reg/Q
                         net (fo=2, routed)           1.181     5.952    dbg_hub/inst/CORE_XSDB.U_ICON/U_SYNC/iDATA_CMD
    SLICE_X98Y65         LUT1 (Prop_lut1_I0_O)        0.043     5.995 r  dbg_hub/inst/CORE_XSDB.U_ICON/U_SYNC/iDATA_CMD_i_1/O
                         net (fo=9, routed)           0.767     6.762    dbg_hub/inst/CORE_XSDB.U_ICON/U_SYNC/SR[0]
    SLICE_X101Y65        FDRE                                         r  dbg_hub/inst/CORE_XSDB.U_ICON/U_SYNC/iSYNC_WORD_reg[3]/R
  -------------------------------------------------------------------    -------------------

                         (clock dbg_hub/inst/N_EXT_BSCAN.bscan_inst/SERIES7_BSCAN.bscan_inst/DRCK rise edge)
                                                     60.000    60.000 r  
    BSCAN_X0Y0           BSCANE2                      0.000    60.000 r  dbg_hub/inst/N_EXT_BSCAN.bscan_inst/SERIES7_BSCAN.bscan_inst/DRCK
                         net (fo=1, routed)           2.627    62.627    dbg_hub/inst/DRCK
    BUFGCTRL_X0Y1        BUFG (Prop_bufg_I_O)         0.083    62.710 r  dbg_hub/inst/N_EXT_BSCAN.u_bufg_icon/O
                         net (fo=269, routed)         1.441    64.151    dbg_hub/inst/CORE_XSDB.U_ICON/U_SYNC/CLK
    SLICE_X101Y65        FDRE                                         r  dbg_hub/inst/CORE_XSDB.U_ICON/U_SYNC/iSYNC_WORD_reg[3]/C
                         clock pessimism              0.000    64.151    
                         clock uncertainty           -0.035    64.116    
    SLICE_X101Y65        FDRE (Setup_fdre_C_R)       -0.304    63.812    dbg_hub/inst/CORE_XSDB.U_ICON/U_SYNC/iSYNC_WORD_reg[3]
  -------------------------------------------------------------------
                         required time                         63.812    
                         arrival time                          -6.762    
  -------------------------------------------------------------------
                         slack                                 57.050    

Slack (MET) :             57.093ns  (required time - arrival time)
  Source:                 dbg_hub/inst/CORE_XSDB.U_ICON/iDATA_CMD_reg/C
                            (rising edge-triggered cell FDCE clocked by dbg_hub/inst/N_EXT_BSCAN.bscan_inst/SERIES7_BSCAN.bscan_inst/UPDATE  {rise@0.000ns fall@30.000ns period=60.000ns})
  Destination:            dbg_hub/inst/CORE_XSDB.U_ICON/U_CMD/iTARGET_reg[11]/CE
                            (rising edge-triggered cell FDCE clocked by dbg_hub/inst/N_EXT_BSCAN.bscan_inst/SERIES7_BSCAN.bscan_inst/DRCK  {rise@0.000ns fall@15.000ns period=30.000ns})
  Path Group:             dbg_hub/inst/N_EXT_BSCAN.bscan_inst/SERIES7_BSCAN.bscan_inst/DRCK
  Path Type:              Setup (Max at Slow Process Corner)
  Requirement:            60.000ns  (dbg_hub/inst/N_EXT_BSCAN.bscan_inst/SERIES7_BSCAN.bscan_inst/DRCK rise@60.000ns - dbg_hub/inst/N_EXT_BSCAN.bscan_inst/SERIES7_BSCAN.bscan_inst/UPDATE rise@0.000ns)
  Data Path Delay:        2.334ns  (logic 0.302ns (12.942%)  route 2.032ns (87.058%))
  Logic Levels:           1  (LUT2=1)
  Clock Path Skew:        -0.360ns (DCD - SCD + CPR)
    Destination Clock Delay (DCD):    4.152ns = ( 34.152 - 30.000 ) 
    Source Clock Delay      (SCD):    4.512ns
    Clock Pessimism Removal (CPR):    0.000ns
  Clock Uncertainty:      0.035ns  ((TSJ^2 + TIJ^2)^1/2 + DJ) / 2 + PE
    Total System Jitter     (TSJ):    0.071ns
    Total Input Jitter      (TIJ):    0.000ns
    Discrete Jitter          (DJ):    0.000ns
    Phase Error              (PE):    0.000ns
  Timing Exception:       MultiCycle Path   Setup -end   2    

    Location             Delay type                Incr(ns)  Path(ns)    Netlist Resource(s)
  -------------------------------------------------------------------    -------------------
                         (clock dbg_hub/inst/N_EXT_BSCAN.bscan_inst/SERIES7_BSCAN.bscan_inst/UPDATE rise edge)
                                                      0.000     0.000 r  
    BSCAN_X0Y0           BSCANE2                      0.000     0.000 r  dbg_hub/inst/N_EXT_BSCAN.bscan_inst/SERIES7_BSCAN.bscan_inst/UPDATE
                         net (fo=1, routed)           2.846     2.846    dbg_hub/inst/UPDATE
    BUFGCTRL_X0Y2        BUFG (Prop_bufg_I_O)         0.093     2.939 r  dbg_hub/inst/N_EXT_BSCAN.u_bufg_icon_update/O
                         net (fo=1, routed)           1.573     4.512    dbg_hub/inst/CORE_XSDB.U_ICON/UPDATE_temp
    SLICE_X98Y65         FDCE                                         r  dbg_hub/inst/CORE_XSDB.U_ICON/iDATA_CMD_reg/C
  -------------------------------------------------------------------    -------------------
    SLICE_X98Y65         FDCE (Prop_fdce_C_Q)         0.259     4.771 f  dbg_hub/inst/CORE_XSDB.U_ICON/iDATA_CMD_reg/Q
                         net (fo=2, routed)           1.250     6.021    dbg_hub/inst/N_EXT_BSCAN.bscan_inst/iDATA_CMD
    SLICE_X101Y65        LUT2 (Prop_lut2_I1_O)        0.043     6.064 r  dbg_hub/inst/N_EXT_BSCAN.bscan_inst/iTARGET[15]_i_1/O
                         net (fo=10, routed)          0.781     6.845    dbg_hub/inst/CORE_XSDB.U_ICON/U_CMD/iDATA_CMD_reg[0]
    SLICE_X102Y64        FDCE                                         r  dbg_hub/inst/CORE_XSDB.U_ICON/U_CMD/iTARGET_reg[11]/CE
  -------------------------------------------------------------------    -------------------

                         (clock dbg_hub/inst/N_EXT_BSCAN.bscan_inst/SERIES7_BSCAN.bscan_inst/DRCK rise edge)
                                                     60.000    60.000 r  
    BSCAN_X0Y0           BSCANE2                      0.000    60.000 r  dbg_hub/inst/N_EXT_BSCAN.bscan_inst/SERIES7_BSCAN.bscan_inst/DRCK
                         net (fo=1, routed)           2.627    62.627    dbg_hub/inst/DRCK
    BUFGCTRL_X0Y1        BUFG (Prop_bufg_I_O)         0.083    62.710 r  dbg_hub/inst/N_EXT_BSCAN.u_bufg_icon/O
                         net (fo=269, routed)         1.442    64.152    dbg_hub/inst/CORE_XSDB.U_ICON/U_CMD/CLK
    SLICE_X102Y64        FDCE                                         r  dbg_hub/inst/CORE_XSDB.U_ICON/U_CMD/iTARGET_reg[11]/C
                         clock pessimism              0.000    64.152    
                         clock uncertainty           -0.035    64.117    
    SLICE_X102Y64        FDCE (Setup_fdce_C_CE)      -0.178    63.939    dbg_hub/inst/CORE_XSDB.U_ICON/U_CMD/iTARGET_reg[11]
  -------------------------------------------------------------------
                         required time                         63.939    
                         arrival time                          -6.845    
  -------------------------------------------------------------------
                         slack                                 57.093    





Min Delay Paths
--------------------------------------------------------------------------------------
Slack (MET) :             0.549ns  (arrival time - required time)
  Source:                 dbg_hub/inst/CORE_XSDB.U_ICON/iDATA_CMD_reg/C
                            (rising edge-triggered cell FDCE clocked by dbg_hub/inst/N_EXT_BSCAN.bscan_inst/SERIES7_BSCAN.bscan_inst/UPDATE  {rise@0.000ns fall@30.000ns period=60.000ns})
  Destination:            dbg_hub/inst/CORE_XSDB.U_ICON/U_CMD/iTARGET_reg[10]/CE
                            (rising edge-triggered cell FDCE clocked by dbg_hub/inst/N_EXT_BSCAN.bscan_inst/SERIES7_BSCAN.bscan_inst/DRCK  {rise@0.000ns fall@15.000ns period=30.000ns})
  Path Group:             dbg_hub/inst/N_EXT_BSCAN.bscan_inst/SERIES7_BSCAN.bscan_inst/DRCK
  Path Type:              Hold (Min at Fast Process Corner)
  Requirement:            0.000ns  (dbg_hub/inst/N_EXT_BSCAN.bscan_inst/SERIES7_BSCAN.bscan_inst/DRCK rise@0.000ns - dbg_hub/inst/N_EXT_BSCAN.bscan_inst/SERIES7_BSCAN.bscan_inst/UPDATE rise@0.000ns)
  Data Path Delay:        1.253ns  (logic 0.146ns (11.656%)  route 1.107ns (88.344%))
  Logic Levels:           1  (LUT2=1)
  Clock Path Skew:        0.674ns (DCD - SCD - CPR)
    Destination Clock Delay (DCD):    2.863ns
    Source Clock Delay      (SCD):    2.189ns
    Clock Pessimism Removal (CPR):    -0.000ns
  Timing Exception:       MultiCycle Path   Setup -end   2    Hold  -end   1  

    Location             Delay type                Incr(ns)  Path(ns)    Netlist Resource(s)
  -------------------------------------------------------------------    -------------------
                         (clock dbg_hub/inst/N_EXT_BSCAN.bscan_inst/SERIES7_BSCAN.bscan_inst/UPDATE rise edge)
                                                      0.000     0.000 r  
    BSCAN_X0Y0           BSCANE2                      0.000     0.000 r  dbg_hub/inst/N_EXT_BSCAN.bscan_inst/SERIES7_BSCAN.bscan_inst/UPDATE
                         net (fo=1, routed)           1.512     1.512    dbg_hub/inst/UPDATE
    BUFGCTRL_X0Y2        BUFG (Prop_bufg_I_O)         0.026     1.538 r  dbg_hub/inst/N_EXT_BSCAN.u_bufg_icon_update/O
                         net (fo=1, routed)           0.651     2.189    dbg_hub/inst/CORE_XSDB.U_ICON/UPDATE_temp
    SLICE_X98Y65         FDCE                                         r  dbg_hub/inst/CORE_XSDB.U_ICON/iDATA_CMD_reg/C
  -------------------------------------------------------------------    -------------------
    SLICE_X98Y65         FDCE (Prop_fdce_C_Q)         0.118     2.307 f  dbg_hub/inst/CORE_XSDB.U_ICON/iDATA_CMD_reg/Q
                         net (fo=2, routed)           0.699     3.006    dbg_hub/inst/N_EXT_BSCAN.bscan_inst/iDATA_CMD
    SLICE_X101Y65        LUT2 (Prop_lut2_I1_O)        0.028     3.034 r  dbg_hub/inst/N_EXT_BSCAN.bscan_inst/iTARGET[15]_i_1/O
                         net (fo=10, routed)          0.407     3.441    dbg_hub/inst/CORE_XSDB.U_ICON/U_CMD/iDATA_CMD_reg[0]
    SLICE_X102Y65        FDCE                                         r  dbg_hub/inst/CORE_XSDB.U_ICON/U_CMD/iTARGET_reg[10]/CE
  -------------------------------------------------------------------    -------------------

                         (clock dbg_hub/inst/N_EXT_BSCAN.bscan_inst/SERIES7_BSCAN.bscan_inst/DRCK rise edge)
                                                      0.000     0.000 r  
    BSCAN_X0Y0           BSCANE2                      0.000     0.000 r  dbg_hub/inst/N_EXT_BSCAN.bscan_inst/SERIES7_BSCAN.bscan_inst/DRCK
                         net (fo=1, routed)           1.943     1.943    dbg_hub/inst/DRCK
    BUFGCTRL_X0Y1        BUFG (Prop_bufg_I_O)         0.030     1.973 r  dbg_hub/inst/N_EXT_BSCAN.u_bufg_icon/O
                         net (fo=269, routed)         0.890     2.863    dbg_hub/inst/CORE_XSDB.U_ICON/U_CMD/CLK
    SLICE_X102Y65        FDCE                                         r  dbg_hub/inst/CORE_XSDB.U_ICON/U_CMD/iTARGET_reg[10]/C
                         clock pessimism              0.000     2.863    
    SLICE_X102Y65        FDCE (Hold_fdce_C_CE)        0.030     2.893    dbg_hub/inst/CORE_XSDB.U_ICON/U_CMD/iTARGET_reg[10]
  -------------------------------------------------------------------
                         required time                         -2.893    
                         arrival time                           3.441    
  -------------------------------------------------------------------
                         slack                                  0.549    

Slack (MET) :             0.549ns  (arrival time - required time)
  Source:                 dbg_hub/inst/CORE_XSDB.U_ICON/iDATA_CMD_reg/C
                            (rising edge-triggered cell FDCE clocked by dbg_hub/inst/N_EXT_BSCAN.bscan_inst/SERIES7_BSCAN.bscan_inst/UPDATE  {rise@0.000ns fall@30.000ns period=60.000ns})
  Destination:            dbg_hub/inst/CORE_XSDB.U_ICON/U_CMD/iTARGET_reg[8]/CE
                            (rising edge-triggered cell FDCE clocked by dbg_hub/inst/N_EXT_BSCAN.bscan_inst/SERIES7_BSCAN.bscan_inst/DRCK  {rise@0.000ns fall@15.000ns period=30.000ns})
  Path Group:             dbg_hub/inst/N_EXT_BSCAN.bscan_inst/SERIES7_BSCAN.bscan_inst/DRCK
  Path Type:              Hold (Min at Fast Process Corner)
  Requirement:            0.000ns  (dbg_hub/inst/N_EXT_BSCAN.bscan_inst/SERIES7_BSCAN.bscan_inst/DRCK rise@0.000ns - dbg_hub/inst/N_EXT_BSCAN.bscan_inst/SERIES7_BSCAN.bscan_inst/UPDATE rise@0.000ns)
  Data Path Delay:        1.253ns  (logic 0.146ns (11.656%)  route 1.107ns (88.344%))
  Logic Levels:           1  (LUT2=1)
  Clock Path Skew:        0.674ns (DCD - SCD - CPR)
    Destination Clock Delay (DCD):    2.863ns
    Source Clock Delay      (SCD):    2.189ns
    Clock Pessimism Removal (CPR):    -0.000ns
  Timing Exception:       MultiCycle Path   Setup -end   2    Hold  -end   1  

    Location             Delay type                Incr(ns)  Path(ns)    Netlist Resource(s)
  -------------------------------------------------------------------    -------------------
                         (clock dbg_hub/inst/N_EXT_BSCAN.bscan_inst/SERIES7_BSCAN.bscan_inst/UPDATE rise edge)
                                                      0.000     0.000 r  
    BSCAN_X0Y0           BSCANE2                      0.000     0.000 r  dbg_hub/inst/N_EXT_BSCAN.bscan_inst/SERIES7_BSCAN.bscan_inst/UPDATE
                         net (fo=1, routed)           1.512     1.512    dbg_hub/inst/UPDATE
    BUFGCTRL_X0Y2        BUFG (Prop_bufg_I_O)         0.026     1.538 r  dbg_hub/inst/N_EXT_BSCAN.u_bufg_icon_update/O
                         net (fo=1, routed)           0.651     2.189    dbg_hub/inst/CORE_XSDB.U_ICON/UPDATE_temp
    SLICE_X98Y65         FDCE                                         r  dbg_hub/inst/CORE_XSDB.U_ICON/iDATA_CMD_reg/C
  -------------------------------------------------------------------    -------------------
    SLICE_X98Y65         FDCE (Prop_fdce_C_Q)         0.118     2.307 f  dbg_hub/inst/CORE_XSDB.U_ICON/iDATA_CMD_reg/Q
                         net (fo=2, routed)           0.699     3.006    dbg_hub/inst/N_EXT_BSCAN.bscan_inst/iDATA_CMD
    SLICE_X101Y65        LUT2 (Prop_lut2_I1_O)        0.028     3.034 r  dbg_hub/inst/N_EXT_BSCAN.bscan_inst/iTARGET[15]_i_1/O
                         net (fo=10, routed)          0.407     3.441    dbg_hub/inst/CORE_XSDB.U_ICON/U_CMD/iDATA_CMD_reg[0]
    SLICE_X102Y65        FDCE                                         r  dbg_hub/inst/CORE_XSDB.U_ICON/U_CMD/iTARGET_reg[8]/CE
  -------------------------------------------------------------------    -------------------

                         (clock dbg_hub/inst/N_EXT_BSCAN.bscan_inst/SERIES7_BSCAN.bscan_inst/DRCK rise edge)
                                                      0.000     0.000 r  
    BSCAN_X0Y0           BSCANE2                      0.000     0.000 r  dbg_hub/inst/N_EXT_BSCAN.bscan_inst/SERIES7_BSCAN.bscan_inst/DRCK
                         net (fo=1, routed)           1.943     1.943    dbg_hub/inst/DRCK
    BUFGCTRL_X0Y1        BUFG (Prop_bufg_I_O)         0.030     1.973 r  dbg_hub/inst/N_EXT_BSCAN.u_bufg_icon/O
                         net (fo=269, routed)         0.890     2.863    dbg_hub/inst/CORE_XSDB.U_ICON/U_CMD/CLK
    SLICE_X102Y65        FDCE                                         r  dbg_hub/inst/CORE_XSDB.U_ICON/U_CMD/iTARGET_reg[8]/C
                         clock pessimism              0.000     2.863    
    SLICE_X102Y65        FDCE (Hold_fdce_C_CE)        0.030     2.893    dbg_hub/inst/CORE_XSDB.U_ICON/U_CMD/iTARGET_reg[8]
  -------------------------------------------------------------------
                         required time                         -2.893    
                         arrival time                           3.441    
  -------------------------------------------------------------------
                         slack                                  0.549    

Slack (MET) :             0.580ns  (arrival time - required time)
  Source:                 dbg_hub/inst/CORE_XSDB.U_ICON/iDATA_CMD_reg/C
                            (rising edge-triggered cell FDCE clocked by dbg_hub/inst/N_EXT_BSCAN.bscan_inst/SERIES7_BSCAN.bscan_inst/UPDATE  {rise@0.000ns fall@30.000ns period=60.000ns})
  Destination:            dbg_hub/inst/CORE_XSDB.U_ICON/U_SYNC/iSYNC_WORD_reg[0]/R
                            (rising edge-triggered cell FDRE clocked by dbg_hub/inst/N_EXT_BSCAN.bscan_inst/SERIES7_BSCAN.bscan_inst/DRCK  {rise@0.000ns fall@15.000ns period=30.000ns})
  Path Group:             dbg_hub/inst/N_EXT_BSCAN.bscan_inst/SERIES7_BSCAN.bscan_inst/DRCK
  Path Type:              Hold (Min at Fast Process Corner)
  Requirement:            0.000ns  (dbg_hub/inst/N_EXT_BSCAN.bscan_inst/SERIES7_BSCAN.bscan_inst/DRCK rise@0.000ns - dbg_hub/inst/N_EXT_BSCAN.bscan_inst/SERIES7_BSCAN.bscan_inst/UPDATE rise@0.000ns)
  Data Path Delay:        1.240ns  (logic 0.146ns (11.776%)  route 1.094ns (88.224%))
  Logic Levels:           1  (LUT1=1)
  Clock Path Skew:        0.674ns (DCD - SCD - CPR)
    Destination Clock Delay (DCD):    2.863ns
    Source Clock Delay      (SCD):    2.189ns
    Clock Pessimism Removal (CPR):    -0.000ns
  Timing Exception:       MultiCycle Path   Setup -end   2    Hold  -end   1  

    Location             Delay type                Incr(ns)  Path(ns)    Netlist Resource(s)
  -------------------------------------------------------------------    -------------------
                         (clock dbg_hub/inst/N_EXT_BSCAN.bscan_inst/SERIES7_BSCAN.bscan_inst/UPDATE rise edge)
                                                      0.000     0.000 r  
    BSCAN_X0Y0           BSCANE2                      0.000     0.000 r  dbg_hub/inst/N_EXT_BSCAN.bscan_inst/SERIES7_BSCAN.bscan_inst/UPDATE
                         net (fo=1, routed)           1.512     1.512    dbg_hub/inst/UPDATE
    BUFGCTRL_X0Y2        BUFG (Prop_bufg_I_O)         0.026     1.538 r  dbg_hub/inst/N_EXT_BSCAN.u_bufg_icon_update/O
                         net (fo=1, routed)           0.651     2.189    dbg_hub/inst/CORE_XSDB.U_ICON/UPDATE_temp
    SLICE_X98Y65         FDCE                                         r  dbg_hub/inst/CORE_XSDB.U_ICON/iDATA_CMD_reg/C
  -------------------------------------------------------------------    -------------------
    SLICE_X98Y65         FDCE (Prop_fdce_C_Q)         0.118     2.307 f  dbg_hub/inst/CORE_XSDB.U_ICON/iDATA_CMD_reg/Q
                         net (fo=2, routed)           0.674     2.981    dbg_hub/inst/CORE_XSDB.U_ICON/U_SYNC/iDATA_CMD
    SLICE_X98Y65         LUT1 (Prop_lut1_I0_O)        0.028     3.009 r  dbg_hub/inst/CORE_XSDB.U_ICON/U_SYNC/iDATA_CMD_i_1/O
                         net (fo=9, routed)           0.420     3.429    dbg_hub/inst/CORE_XSDB.U_ICON/U_SYNC/SR[0]
    SLICE_X101Y65        FDRE                                         r  dbg_hub/inst/CORE_XSDB.U_ICON/U_SYNC/iSYNC_WORD_reg[0]/R
  -------------------------------------------------------------------    -------------------

                         (clock dbg_hub/inst/N_EXT_BSCAN.bscan_inst/SERIES7_BSCAN.bscan_inst/DRCK rise edge)
                                                      0.000     0.000 r  
    BSCAN_X0Y0           BSCANE2                      0.000     0.000 r  dbg_hub/inst/N_EXT_BSCAN.bscan_inst/SERIES7_BSCAN.bscan_inst/DRCK
                         net (fo=1, routed)           1.943     1.943    dbg_hub/inst/DRCK
    BUFGCTRL_X0Y1        BUFG (Prop_bufg_I_O)         0.030     1.973 r  dbg_hub/inst/N_EXT_BSCAN.u_bufg_icon/O
                         net (fo=269, routed)         0.890     2.863    dbg_hub/inst/CORE_XSDB.U_ICON/U_SYNC/CLK
    SLICE_X101Y65        FDRE                                         r  dbg_hub/inst/CORE_XSDB.U_ICON/U_SYNC/iSYNC_WORD_reg[0]/C
                         clock pessimism              0.000     2.863    
    SLICE_X101Y65        FDRE (Hold_fdre_C_R)        -0.014     2.849    dbg_hub/inst/CORE_XSDB.U_ICON/U_SYNC/iSYNC_WORD_reg[0]
  -------------------------------------------------------------------
                         required time                         -2.849    
                         arrival time                           3.429    
  -------------------------------------------------------------------
                         slack                                  0.580    

Slack (MET) :             0.580ns  (arrival time - required time)
  Source:                 dbg_hub/inst/CORE_XSDB.U_ICON/iDATA_CMD_reg/C
                            (rising edge-triggered cell FDCE clocked by dbg_hub/inst/N_EXT_BSCAN.bscan_inst/SERIES7_BSCAN.bscan_inst/UPDATE  {rise@0.000ns fall@30.000ns period=60.000ns})
  Destination:            dbg_hub/inst/CORE_XSDB.U_ICON/U_SYNC/iSYNC_WORD_reg[1]/R
                            (rising edge-triggered cell FDRE clocked by dbg_hub/inst/N_EXT_BSCAN.bscan_inst/SERIES7_BSCAN.bscan_inst/DRCK  {rise@0.000ns fall@15.000ns period=30.000ns})
  Path Group:             dbg_hub/inst/N_EXT_BSCAN.bscan_inst/SERIES7_BSCAN.bscan_inst/DRCK
  Path Type:              Hold (Min at Fast Process Corner)
  Requirement:            0.000ns  (dbg_hub/inst/N_EXT_BSCAN.bscan_inst/SERIES7_BSCAN.bscan_inst/DRCK rise@0.000ns - dbg_hub/inst/N_EXT_BSCAN.bscan_inst/SERIES7_BSCAN.bscan_inst/UPDATE rise@0.000ns)
  Data Path Delay:        1.240ns  (logic 0.146ns (11.776%)  route 1.094ns (88.224%))
  Logic Levels:           1  (LUT1=1)
  Clock Path Skew:        0.674ns (DCD - SCD - CPR)
    Destination Clock Delay (DCD):    2.863ns
    Source Clock Delay      (SCD):    2.189ns
    Clock Pessimism Removal (CPR):    -0.000ns
  Timing Exception:       MultiCycle Path   Setup -end   2    Hold  -end   1  

    Location             Delay type                Incr(ns)  Path(ns)    Netlist Resource(s)
  -------------------------------------------------------------------    -------------------
                         (clock dbg_hub/inst/N_EXT_BSCAN.bscan_inst/SERIES7_BSCAN.bscan_inst/UPDATE rise edge)
                                                      0.000     0.000 r  
    BSCAN_X0Y0           BSCANE2                      0.000     0.000 r  dbg_hub/inst/N_EXT_BSCAN.bscan_inst/SERIES7_BSCAN.bscan_inst/UPDATE
                         net (fo=1, routed)           1.512     1.512    dbg_hub/inst/UPDATE
    BUFGCTRL_X0Y2        BUFG (Prop_bufg_I_O)         0.026     1.538 r  dbg_hub/inst/N_EXT_BSCAN.u_bufg_icon_update/O
                         net (fo=1, routed)           0.651     2.189    dbg_hub/inst/CORE_XSDB.U_ICON/UPDATE_temp
    SLICE_X98Y65         FDCE                                         r  dbg_hub/inst/CORE_XSDB.U_ICON/iDATA_CMD_reg/C
  -------------------------------------------------------------------    -------------------
    SLICE_X98Y65         FDCE (Prop_fdce_C_Q)         0.118     2.307 f  dbg_hub/inst/CORE_XSDB.U_ICON/iDATA_CMD_reg/Q
                         net (fo=2, routed)           0.674     2.981    dbg_hub/inst/CORE_XSDB.U_ICON/U_SYNC/iDATA_CMD
    SLICE_X98Y65         LUT1 (Prop_lut1_I0_O)        0.028     3.009 r  dbg_hub/inst/CORE_XSDB.U_ICON/U_SYNC/iDATA_CMD_i_1/O
                         net (fo=9, routed)           0.420     3.429    dbg_hub/inst/CORE_XSDB.U_ICON/U_SYNC/SR[0]
    SLICE_X101Y65        FDRE                                         r  dbg_hub/inst/CORE_XSDB.U_ICON/U_SYNC/iSYNC_WORD_reg[1]/R
  -------------------------------------------------------------------    -------------------

                         (clock dbg_hub/inst/N_EXT_BSCAN.bscan_inst/SERIES7_BSCAN.bscan_inst/DRCK rise edge)
                                                      0.000     0.000 r  
    BSCAN_X0Y0           BSCANE2                      0.000     0.000 r  dbg_hub/inst/N_EXT_BSCAN.bscan_inst/SERIES7_BSCAN.bscan_inst/DRCK
                         net (fo=1, routed)           1.943     1.943    dbg_hub/inst/DRCK
    BUFGCTRL_X0Y1        BUFG (Prop_bufg_I_O)         0.030     1.973 r  dbg_hub/inst/N_EXT_BSCAN.u_bufg_icon/O
                         net (fo=269, routed)         0.890     2.863    dbg_hub/inst/CORE_XSDB.U_ICON/U_SYNC/CLK
    SLICE_X101Y65        FDRE                                         r  dbg_hub/inst/CORE_XSDB.U_ICON/U_SYNC/iSYNC_WORD_reg[1]/C
                         clock pessimism              0.000     2.863    
    SLICE_X101Y65        FDRE (Hold_fdre_C_R)        -0.014     2.849    dbg_hub/inst/CORE_XSDB.U_ICON/U_SYNC/iSYNC_WORD_reg[1]
  -------------------------------------------------------------------
                         required time                         -2.849    
                         arrival time                           3.429    
  -------------------------------------------------------------------
                         slack                                  0.580    

Slack (MET) :             0.580ns  (arrival time - required time)
  Source:                 dbg_hub/inst/CORE_XSDB.U_ICON/iDATA_CMD_reg/C
                            (rising edge-triggered cell FDCE clocked by dbg_hub/inst/N_EXT_BSCAN.bscan_inst/SERIES7_BSCAN.bscan_inst/UPDATE  {rise@0.000ns fall@30.000ns period=60.000ns})
  Destination:            dbg_hub/inst/CORE_XSDB.U_ICON/U_SYNC/iSYNC_WORD_reg[2]/R
                            (rising edge-triggered cell FDRE clocked by dbg_hub/inst/N_EXT_BSCAN.bscan_inst/SERIES7_BSCAN.bscan_inst/DRCK  {rise@0.000ns fall@15.000ns period=30.000ns})
  Path Group:             dbg_hub/inst/N_EXT_BSCAN.bscan_inst/SERIES7_BSCAN.bscan_inst/DRCK
  Path Type:              Hold (Min at Fast Process Corner)
  Requirement:            0.000ns  (dbg_hub/inst/N_EXT_BSCAN.bscan_inst/SERIES7_BSCAN.bscan_inst/DRCK rise@0.000ns - dbg_hub/inst/N_EXT_BSCAN.bscan_inst/SERIES7_BSCAN.bscan_inst/UPDATE rise@0.000ns)
  Data Path Delay:        1.240ns  (logic 0.146ns (11.776%)  route 1.094ns (88.224%))
  Logic Levels:           1  (LUT1=1)
  Clock Path Skew:        0.674ns (DCD - SCD - CPR)
    Destination Clock Delay (DCD):    2.863ns
    Source Clock Delay      (SCD):    2.189ns
    Clock Pessimism Removal (CPR):    -0.000ns
  Timing Exception:       MultiCycle Path   Setup -end   2    Hold  -end   1  

    Location             Delay type                Incr(ns)  Path(ns)    Netlist Resource(s)
  -------------------------------------------------------------------    -------------------
                         (clock dbg_hub/inst/N_EXT_BSCAN.bscan_inst/SERIES7_BSCAN.bscan_inst/UPDATE rise edge)
                                                      0.000     0.000 r  
    BSCAN_X0Y0           BSCANE2                      0.000     0.000 r  dbg_hub/inst/N_EXT_BSCAN.bscan_inst/SERIES7_BSCAN.bscan_inst/UPDATE
                         net (fo=1, routed)           1.512     1.512    dbg_hub/inst/UPDATE
    BUFGCTRL_X0Y2        BUFG (Prop_bufg_I_O)         0.026     1.538 r  dbg_hub/inst/N_EXT_BSCAN.u_bufg_icon_update/O
                         net (fo=1, routed)           0.651     2.189    dbg_hub/inst/CORE_XSDB.U_ICON/UPDATE_temp
    SLICE_X98Y65         FDCE                                         r  dbg_hub/inst/CORE_XSDB.U_ICON/iDATA_CMD_reg/C
  -------------------------------------------------------------------    -------------------
    SLICE_X98Y65         FDCE (Prop_fdce_C_Q)         0.118     2.307 f  dbg_hub/inst/CORE_XSDB.U_ICON/iDATA_CMD_reg/Q
                         net (fo=2, routed)           0.674     2.981    dbg_hub/inst/CORE_XSDB.U_ICON/U_SYNC/iDATA_CMD
    SLICE_X98Y65         LUT1 (Prop_lut1_I0_O)        0.028     3.009 r  dbg_hub/inst/CORE_XSDB.U_ICON/U_SYNC/iDATA_CMD_i_1/O
                         net (fo=9, routed)           0.420     3.429    dbg_hub/inst/CORE_XSDB.U_ICON/U_SYNC/SR[0]
    SLICE_X101Y65        FDRE                                         r  dbg_hub/inst/CORE_XSDB.U_ICON/U_SYNC/iSYNC_WORD_reg[2]/R
  -------------------------------------------------------------------    -------------------

                         (clock dbg_hub/inst/N_EXT_BSCAN.bscan_inst/SERIES7_BSCAN.bscan_inst/DRCK rise edge)
                                                      0.000     0.000 r  
    BSCAN_X0Y0           BSCANE2                      0.000     0.000 r  dbg_hub/inst/N_EXT_BSCAN.bscan_inst/SERIES7_BSCAN.bscan_inst/DRCK
                         net (fo=1, routed)           1.943     1.943    dbg_hub/inst/DRCK
    BUFGCTRL_X0Y1        BUFG (Prop_bufg_I_O)         0.030     1.973 r  dbg_hub/inst/N_EXT_BSCAN.u_bufg_icon/O
                         net (fo=269, routed)         0.890     2.863    dbg_hub/inst/CORE_XSDB.U_ICON/U_SYNC/CLK
    SLICE_X101Y65        FDRE                                         r  dbg_hub/inst/CORE_XSDB.U_ICON/U_SYNC/iSYNC_WORD_reg[2]/C
                         clock pessimism              0.000     2.863    
    SLICE_X101Y65        FDRE (Hold_fdre_C_R)        -0.014     2.849    dbg_hub/inst/CORE_XSDB.U_ICON/U_SYNC/iSYNC_WORD_reg[2]
  -------------------------------------------------------------------
                         required time                         -2.849    
                         arrival time                           3.429    
  -------------------------------------------------------------------
                         slack                                  0.580    

Slack (MET) :             0.580ns  (arrival time - required time)
  Source:                 dbg_hub/inst/CORE_XSDB.U_ICON/iDATA_CMD_reg/C
                            (rising edge-triggered cell FDCE clocked by dbg_hub/inst/N_EXT_BSCAN.bscan_inst/SERIES7_BSCAN.bscan_inst/UPDATE  {rise@0.000ns fall@30.000ns period=60.000ns})
  Destination:            dbg_hub/inst/CORE_XSDB.U_ICON/U_SYNC/iSYNC_WORD_reg[3]/R
                            (rising edge-triggered cell FDRE clocked by dbg_hub/inst/N_EXT_BSCAN.bscan_inst/SERIES7_BSCAN.bscan_inst/DRCK  {rise@0.000ns fall@15.000ns period=30.000ns})
  Path Group:             dbg_hub/inst/N_EXT_BSCAN.bscan_inst/SERIES7_BSCAN.bscan_inst/DRCK
  Path Type:              Hold (Min at Fast Process Corner)
  Requirement:            0.000ns  (dbg_hub/inst/N_EXT_BSCAN.bscan_inst/SERIES7_BSCAN.bscan_inst/DRCK rise@0.000ns - dbg_hub/inst/N_EXT_BSCAN.bscan_inst/SERIES7_BSCAN.bscan_inst/UPDATE rise@0.000ns)
  Data Path Delay:        1.240ns  (logic 0.146ns (11.776%)  route 1.094ns (88.224%))
  Logic Levels:           1  (LUT1=1)
  Clock Path Skew:        0.674ns (DCD - SCD - CPR)
    Destination Clock Delay (DCD):    2.863ns
    Source Clock Delay      (SCD):    2.189ns
    Clock Pessimism Removal (CPR):    -0.000ns
  Timing Exception:       MultiCycle Path   Setup -end   2    Hold  -end   1  

    Location             Delay type                Incr(ns)  Path(ns)    Netlist Resource(s)
  -------------------------------------------------------------------    -------------------
                         (clock dbg_hub/inst/N_EXT_BSCAN.bscan_inst/SERIES7_BSCAN.bscan_inst/UPDATE rise edge)
                                                      0.000     0.000 r  
    BSCAN_X0Y0           BSCANE2                      0.000     0.000 r  dbg_hub/inst/N_EXT_BSCAN.bscan_inst/SERIES7_BSCAN.bscan_inst/UPDATE
                         net (fo=1, routed)           1.512     1.512    dbg_hub/inst/UPDATE
    BUFGCTRL_X0Y2        BUFG (Prop_bufg_I_O)         0.026     1.538 r  dbg_hub/inst/N_EXT_BSCAN.u_bufg_icon_update/O
                         net (fo=1, routed)           0.651     2.189    dbg_hub/inst/CORE_XSDB.U_ICON/UPDATE_temp
    SLICE_X98Y65         FDCE                                         r  dbg_hub/inst/CORE_XSDB.U_ICON/iDATA_CMD_reg/C
  -------------------------------------------------------------------    -------------------
    SLICE_X98Y65         FDCE (Prop_fdce_C_Q)         0.118     2.307 f  dbg_hub/inst/CORE_XSDB.U_ICON/iDATA_CMD_reg/Q
                         net (fo=2, routed)           0.674     2.981    dbg_hub/inst/CORE_XSDB.U_ICON/U_SYNC/iDATA_CMD
    SLICE_X98Y65         LUT1 (Prop_lut1_I0_O)        0.028     3.009 r  dbg_hub/inst/CORE_XSDB.U_ICON/U_SYNC/iDATA_CMD_i_1/O
                         net (fo=9, routed)           0.420     3.429    dbg_hub/inst/CORE_XSDB.U_ICON/U_SYNC/SR[0]
    SLICE_X101Y65        FDRE                                         r  dbg_hub/inst/CORE_XSDB.U_ICON/U_SYNC/iSYNC_WORD_reg[3]/R
  -------------------------------------------------------------------    -------------------

                         (clock dbg_hub/inst/N_EXT_BSCAN.bscan_inst/SERIES7_BSCAN.bscan_inst/DRCK rise edge)
                                                      0.000     0.000 r  
    BSCAN_X0Y0           BSCANE2                      0.000     0.000 r  dbg_hub/inst/N_EXT_BSCAN.bscan_inst/SERIES7_BSCAN.bscan_inst/DRCK
                         net (fo=1, routed)           1.943     1.943    dbg_hub/inst/DRCK
    BUFGCTRL_X0Y1        BUFG (Prop_bufg_I_O)         0.030     1.973 r  dbg_hub/inst/N_EXT_BSCAN.u_bufg_icon/O
                         net (fo=269, routed)         0.890     2.863    dbg_hub/inst/CORE_XSDB.U_ICON/U_SYNC/CLK
    SLICE_X101Y65        FDRE                                         r  dbg_hub/inst/CORE_XSDB.U_ICON/U_SYNC/iSYNC_WORD_reg[3]/C
                         clock pessimism              0.000     2.863    
    SLICE_X101Y65        FDRE (Hold_fdre_C_R)        -0.014     2.849    dbg_hub/inst/CORE_XSDB.U_ICON/U_SYNC/iSYNC_WORD_reg[3]
  -------------------------------------------------------------------
                         required time                         -2.849    
                         arrival time                           3.429    
  -------------------------------------------------------------------
                         slack                                  0.580    

Slack (MET) :             0.582ns  (arrival time - required time)
  Source:                 dbg_hub/inst/CORE_XSDB.U_ICON/iDATA_CMD_reg/C
                            (rising edge-triggered cell FDCE clocked by dbg_hub/inst/N_EXT_BSCAN.bscan_inst/SERIES7_BSCAN.bscan_inst/UPDATE  {rise@0.000ns fall@30.000ns period=60.000ns})
  Destination:            dbg_hub/inst/CORE_XSDB.U_ICON/U_SYNC/SYNC_reg/R
                            (rising edge-triggered cell FDRE clocked by dbg_hub/inst/N_EXT_BSCAN.bscan_inst/SERIES7_BSCAN.bscan_inst/DRCK  {rise@0.000ns fall@15.000ns period=30.000ns})
  Path Group:             dbg_hub/inst/N_EXT_BSCAN.bscan_inst/SERIES7_BSCAN.bscan_inst/DRCK
  Path Type:              Hold (Min at Fast Process Corner)
  Requirement:            0.000ns  (dbg_hub/inst/N_EXT_BSCAN.bscan_inst/SERIES7_BSCAN.bscan_inst/DRCK rise@0.000ns - dbg_hub/inst/N_EXT_BSCAN.bscan_inst/SERIES7_BSCAN.bscan_inst/UPDATE rise@0.000ns)
  Data Path Delay:        1.242ns  (logic 0.146ns (11.756%)  route 1.096ns (88.244%))
  Logic Levels:           1  (LUT1=1)
  Clock Path Skew:        0.674ns (DCD - SCD - CPR)
    Destination Clock Delay (DCD):    2.863ns
    Source Clock Delay      (SCD):    2.189ns
    Clock Pessimism Removal (CPR):    -0.000ns
  Timing Exception:       MultiCycle Path   Setup -end   2    Hold  -end   1  

    Location             Delay type                Incr(ns)  Path(ns)    Netlist Resource(s)
  -------------------------------------------------------------------    -------------------
                         (clock dbg_hub/inst/N_EXT_BSCAN.bscan_inst/SERIES7_BSCAN.bscan_inst/UPDATE rise edge)
                                                      0.000     0.000 r  
    BSCAN_X0Y0           BSCANE2                      0.000     0.000 r  dbg_hub/inst/N_EXT_BSCAN.bscan_inst/SERIES7_BSCAN.bscan_inst/UPDATE
                         net (fo=1, routed)           1.512     1.512    dbg_hub/inst/UPDATE
    BUFGCTRL_X0Y2        BUFG (Prop_bufg_I_O)         0.026     1.538 r  dbg_hub/inst/N_EXT_BSCAN.u_bufg_icon_update/O
                         net (fo=1, routed)           0.651     2.189    dbg_hub/inst/CORE_XSDB.U_ICON/UPDATE_temp
    SLICE_X98Y65         FDCE                                         r  dbg_hub/inst/CORE_XSDB.U_ICON/iDATA_CMD_reg/C
  -------------------------------------------------------------------    -------------------
    SLICE_X98Y65         FDCE (Prop_fdce_C_Q)         0.118     2.307 f  dbg_hub/inst/CORE_XSDB.U_ICON/iDATA_CMD_reg/Q
                         net (fo=2, routed)           0.674     2.981    dbg_hub/inst/CORE_XSDB.U_ICON/U_SYNC/iDATA_CMD
    SLICE_X98Y65         LUT1 (Prop_lut1_I0_O)        0.028     3.009 r  dbg_hub/inst/CORE_XSDB.U_ICON/U_SYNC/iDATA_CMD_i_1/O
                         net (fo=9, routed)           0.422     3.431    dbg_hub/inst/CORE_XSDB.U_ICON/U_SYNC/SR[0]
    SLICE_X100Y65        FDRE                                         r  dbg_hub/inst/CORE_XSDB.U_ICON/U_SYNC/SYNC_reg/R
  -------------------------------------------------------------------    -------------------

                         (clock dbg_hub/inst/N_EXT_BSCAN.bscan_inst/SERIES7_BSCAN.bscan_inst/DRCK rise edge)
                                                      0.000     0.000 r  
    BSCAN_X0Y0           BSCANE2                      0.000     0.000 r  dbg_hub/inst/N_EXT_BSCAN.bscan_inst/SERIES7_BSCAN.bscan_inst/DRCK
                         net (fo=1, routed)           1.943     1.943    dbg_hub/inst/DRCK
    BUFGCTRL_X0Y1        BUFG (Prop_bufg_I_O)         0.030     1.973 r  dbg_hub/inst/N_EXT_BSCAN.u_bufg_icon/O
                         net (fo=269, routed)         0.890     2.863    dbg_hub/inst/CORE_XSDB.U_ICON/U_SYNC/CLK
    SLICE_X100Y65        FDRE                                         r  dbg_hub/inst/CORE_XSDB.U_ICON/U_SYNC/SYNC_reg/C
                         clock pessimism              0.000     2.863    
    SLICE_X100Y65        FDRE (Hold_fdre_C_R)        -0.014     2.849    dbg_hub/inst/CORE_XSDB.U_ICON/U_SYNC/SYNC_reg
  -------------------------------------------------------------------
                         required time                         -2.849    
                         arrival time                           3.431    
  -------------------------------------------------------------------
                         slack                                  0.582    

Slack (MET) :             0.582ns  (arrival time - required time)
  Source:                 dbg_hub/inst/CORE_XSDB.U_ICON/iDATA_CMD_reg/C
                            (rising edge-triggered cell FDCE clocked by dbg_hub/inst/N_EXT_BSCAN.bscan_inst/SERIES7_BSCAN.bscan_inst/UPDATE  {rise@0.000ns fall@30.000ns period=60.000ns})
  Destination:            dbg_hub/inst/CORE_XSDB.U_ICON/U_SYNC/iSYNC_WORD_reg[4]/R
                            (rising edge-triggered cell FDRE clocked by dbg_hub/inst/N_EXT_BSCAN.bscan_inst/SERIES7_BSCAN.bscan_inst/DRCK  {rise@0.000ns fall@15.000ns period=30.000ns})
  Path Group:             dbg_hub/inst/N_EXT_BSCAN.bscan_inst/SERIES7_BSCAN.bscan_inst/DRCK
  Path Type:              Hold (Min at Fast Process Corner)
  Requirement:            0.000ns  (dbg_hub/inst/N_EXT_BSCAN.bscan_inst/SERIES7_BSCAN.bscan_inst/DRCK rise@0.000ns - dbg_hub/inst/N_EXT_BSCAN.bscan_inst/SERIES7_BSCAN.bscan_inst/UPDATE rise@0.000ns)
  Data Path Delay:        1.242ns  (logic 0.146ns (11.756%)  route 1.096ns (88.244%))
  Logic Levels:           1  (LUT1=1)
  Clock Path Skew:        0.674ns (DCD - SCD - CPR)
    Destination Clock Delay (DCD):    2.863ns
    Source Clock Delay      (SCD):    2.189ns
    Clock Pessimism Removal (CPR):    -0.000ns
  Timing Exception:       MultiCycle Path   Setup -end   2    Hold  -end   1  

    Location             Delay type                Incr(ns)  Path(ns)    Netlist Resource(s)
  -------------------------------------------------------------------    -------------------
                         (clock dbg_hub/inst/N_EXT_BSCAN.bscan_inst/SERIES7_BSCAN.bscan_inst/UPDATE rise edge)
                                                      0.000     0.000 r  
    BSCAN_X0Y0           BSCANE2                      0.000     0.000 r  dbg_hub/inst/N_EXT_BSCAN.bscan_inst/SERIES7_BSCAN.bscan_inst/UPDATE
                         net (fo=1, routed)           1.512     1.512    dbg_hub/inst/UPDATE
    BUFGCTRL_X0Y2        BUFG (Prop_bufg_I_O)         0.026     1.538 r  dbg_hub/inst/N_EXT_BSCAN.u_bufg_icon_update/O
                         net (fo=1, routed)           0.651     2.189    dbg_hub/inst/CORE_XSDB.U_ICON/UPDATE_temp
    SLICE_X98Y65         FDCE                                         r  dbg_hub/inst/CORE_XSDB.U_ICON/iDATA_CMD_reg/C
  -------------------------------------------------------------------    -------------------
    SLICE_X98Y65         FDCE (Prop_fdce_C_Q)         0.118     2.307 f  dbg_hub/inst/CORE_XSDB.U_ICON/iDATA_CMD_reg/Q
                         net (fo=2, routed)           0.674     2.981    dbg_hub/inst/CORE_XSDB.U_ICON/U_SYNC/iDATA_CMD
    SLICE_X98Y65         LUT1 (Prop_lut1_I0_O)        0.028     3.009 r  dbg_hub/inst/CORE_XSDB.U_ICON/U_SYNC/iDATA_CMD_i_1/O
                         net (fo=9, routed)           0.422     3.431    dbg_hub/inst/CORE_XSDB.U_ICON/U_SYNC/SR[0]
    SLICE_X100Y65        FDRE                                         r  dbg_hub/inst/CORE_XSDB.U_ICON/U_SYNC/iSYNC_WORD_reg[4]/R
  -------------------------------------------------------------------    -------------------

                         (clock dbg_hub/inst/N_EXT_BSCAN.bscan_inst/SERIES7_BSCAN.bscan_inst/DRCK rise edge)
                                                      0.000     0.000 r  
    BSCAN_X0Y0           BSCANE2                      0.000     0.000 r  dbg_hub/inst/N_EXT_BSCAN.bscan_inst/SERIES7_BSCAN.bscan_inst/DRCK
                         net (fo=1, routed)           1.943     1.943    dbg_hub/inst/DRCK
    BUFGCTRL_X0Y1        BUFG (Prop_bufg_I_O)         0.030     1.973 r  dbg_hub/inst/N_EXT_BSCAN.u_bufg_icon/O
                         net (fo=269, routed)         0.890     2.863    dbg_hub/inst/CORE_XSDB.U_ICON/U_SYNC/CLK
    SLICE_X100Y65        FDRE                                         r  dbg_hub/inst/CORE_XSDB.U_ICON/U_SYNC/iSYNC_WORD_reg[4]/C
                         clock pessimism              0.000     2.863    
    SLICE_X100Y65        FDRE (Hold_fdre_C_R)        -0.014     2.849    dbg_hub/inst/CORE_XSDB.U_ICON/U_SYNC/iSYNC_WORD_reg[4]
  -------------------------------------------------------------------
                         required time                         -2.849    
                         arrival time                           3.431    
  -------------------------------------------------------------------
                         slack                                  0.582    

Slack (MET) :             0.582ns  (arrival time - required time)
  Source:                 dbg_hub/inst/CORE_XSDB.U_ICON/iDATA_CMD_reg/C
                            (rising edge-triggered cell FDCE clocked by dbg_hub/inst/N_EXT_BSCAN.bscan_inst/SERIES7_BSCAN.bscan_inst/UPDATE  {rise@0.000ns fall@30.000ns period=60.000ns})
  Destination:            dbg_hub/inst/CORE_XSDB.U_ICON/U_SYNC/iSYNC_WORD_reg[5]/R
                            (rising edge-triggered cell FDRE clocked by dbg_hub/inst/N_EXT_BSCAN.bscan_inst/SERIES7_BSCAN.bscan_inst/DRCK  {rise@0.000ns fall@15.000ns period=30.000ns})
  Path Group:             dbg_hub/inst/N_EXT_BSCAN.bscan_inst/SERIES7_BSCAN.bscan_inst/DRCK
  Path Type:              Hold (Min at Fast Process Corner)
  Requirement:            0.000ns  (dbg_hub/inst/N_EXT_BSCAN.bscan_inst/SERIES7_BSCAN.bscan_inst/DRCK rise@0.000ns - dbg_hub/inst/N_EXT_BSCAN.bscan_inst/SERIES7_BSCAN.bscan_inst/UPDATE rise@0.000ns)
  Data Path Delay:        1.242ns  (logic 0.146ns (11.756%)  route 1.096ns (88.244%))
  Logic Levels:           1  (LUT1=1)
  Clock Path Skew:        0.674ns (DCD - SCD - CPR)
    Destination Clock Delay (DCD):    2.863ns
    Source Clock Delay      (SCD):    2.189ns
    Clock Pessimism Removal (CPR):    -0.000ns
  Timing Exception:       MultiCycle Path   Setup -end   2    Hold  -end   1  

    Location             Delay type                Incr(ns)  Path(ns)    Netlist Resource(s)
  -------------------------------------------------------------------    -------------------
                         (clock dbg_hub/inst/N_EXT_BSCAN.bscan_inst/SERIES7_BSCAN.bscan_inst/UPDATE rise edge)
                                                      0.000     0.000 r  
    BSCAN_X0Y0           BSCANE2                      0.000     0.000 r  dbg_hub/inst/N_EXT_BSCAN.bscan_inst/SERIES7_BSCAN.bscan_inst/UPDATE
                         net (fo=1, routed)           1.512     1.512    dbg_hub/inst/UPDATE
    BUFGCTRL_X0Y2        BUFG (Prop_bufg_I_O)         0.026     1.538 r  dbg_hub/inst/N_EXT_BSCAN.u_bufg_icon_update/O
                         net (fo=1, routed)           0.651     2.189    dbg_hub/inst/CORE_XSDB.U_ICON/UPDATE_temp
    SLICE_X98Y65         FDCE                                         r  dbg_hub/inst/CORE_XSDB.U_ICON/iDATA_CMD_reg/C
  -------------------------------------------------------------------    -------------------
    SLICE_X98Y65         FDCE (Prop_fdce_C_Q)         0.118     2.307 f  dbg_hub/inst/CORE_XSDB.U_ICON/iDATA_CMD_reg/Q
                         net (fo=2, routed)           0.674     2.981    dbg_hub/inst/CORE_XSDB.U_ICON/U_SYNC/iDATA_CMD
    SLICE_X98Y65         LUT1 (Prop_lut1_I0_O)        0.028     3.009 r  dbg_hub/inst/CORE_XSDB.U_ICON/U_SYNC/iDATA_CMD_i_1/O
                         net (fo=9, routed)           0.422     3.431    dbg_hub/inst/CORE_XSDB.U_ICON/U_SYNC/SR[0]
    SLICE_X100Y65        FDRE                                         r  dbg_hub/inst/CORE_XSDB.U_ICON/U_SYNC/iSYNC_WORD_reg[5]/R
  -------------------------------------------------------------------    -------------------

                         (clock dbg_hub/inst/N_EXT_BSCAN.bscan_inst/SERIES7_BSCAN.bscan_inst/DRCK rise edge)
                                                      0.000     0.000 r  
    BSCAN_X0Y0           BSCANE2                      0.000     0.000 r  dbg_hub/inst/N_EXT_BSCAN.bscan_inst/SERIES7_BSCAN.bscan_inst/DRCK
                         net (fo=1, routed)           1.943     1.943    dbg_hub/inst/DRCK
    BUFGCTRL_X0Y1        BUFG (Prop_bufg_I_O)         0.030     1.973 r  dbg_hub/inst/N_EXT_BSCAN.u_bufg_icon/O
                         net (fo=269, routed)         0.890     2.863    dbg_hub/inst/CORE_XSDB.U_ICON/U_SYNC/CLK
    SLICE_X100Y65        FDRE                                         r  dbg_hub/inst/CORE_XSDB.U_ICON/U_SYNC/iSYNC_WORD_reg[5]/C
                         clock pessimism              0.000     2.863    
    SLICE_X100Y65        FDRE (Hold_fdre_C_R)        -0.014     2.849    dbg_hub/inst/CORE_XSDB.U_ICON/U_SYNC/iSYNC_WORD_reg[5]
  -------------------------------------------------------------------
                         required time                         -2.849    
                         arrival time                           3.431    
  -------------------------------------------------------------------
                         slack                                  0.582    

Slack (MET) :             0.582ns  (arrival time - required time)
  Source:                 dbg_hub/inst/CORE_XSDB.U_ICON/iDATA_CMD_reg/C
                            (rising edge-triggered cell FDCE clocked by dbg_hub/inst/N_EXT_BSCAN.bscan_inst/SERIES7_BSCAN.bscan_inst/UPDATE  {rise@0.000ns fall@30.000ns period=60.000ns})
  Destination:            dbg_hub/inst/CORE_XSDB.U_ICON/U_SYNC/iSYNC_WORD_reg[6]/R
                            (rising edge-triggered cell FDRE clocked by dbg_hub/inst/N_EXT_BSCAN.bscan_inst/SERIES7_BSCAN.bscan_inst/DRCK  {rise@0.000ns fall@15.000ns period=30.000ns})
  Path Group:             dbg_hub/inst/N_EXT_BSCAN.bscan_inst/SERIES7_BSCAN.bscan_inst/DRCK
  Path Type:              Hold (Min at Fast Process Corner)
  Requirement:            0.000ns  (dbg_hub/inst/N_EXT_BSCAN.bscan_inst/SERIES7_BSCAN.bscan_inst/DRCK rise@0.000ns - dbg_hub/inst/N_EXT_BSCAN.bscan_inst/SERIES7_BSCAN.bscan_inst/UPDATE rise@0.000ns)
  Data Path Delay:        1.242ns  (logic 0.146ns (11.756%)  route 1.096ns (88.244%))
  Logic Levels:           1  (LUT1=1)
  Clock Path Skew:        0.674ns (DCD - SCD - CPR)
    Destination Clock Delay (DCD):    2.863ns
    Source Clock Delay      (SCD):    2.189ns
    Clock Pessimism Removal (CPR):    -0.000ns
  Timing Exception:       MultiCycle Path   Setup -end   2    Hold  -end   1  

    Location             Delay type                Incr(ns)  Path(ns)    Netlist Resource(s)
  -------------------------------------------------------------------    -------------------
                         (clock dbg_hub/inst/N_EXT_BSCAN.bscan_inst/SERIES7_BSCAN.bscan_inst/UPDATE rise edge)
                                                      0.000     0.000 r  
    BSCAN_X0Y0           BSCANE2                      0.000     0.000 r  dbg_hub/inst/N_EXT_BSCAN.bscan_inst/SERIES7_BSCAN.bscan_inst/UPDATE
                         net (fo=1, routed)           1.512     1.512    dbg_hub/inst/UPDATE
    BUFGCTRL_X0Y2        BUFG (Prop_bufg_I_O)         0.026     1.538 r  dbg_hub/inst/N_EXT_BSCAN.u_bufg_icon_update/O
                         net (fo=1, routed)           0.651     2.189    dbg_hub/inst/CORE_XSDB.U_ICON/UPDATE_temp
    SLICE_X98Y65         FDCE                                         r  dbg_hub/inst/CORE_XSDB.U_ICON/iDATA_CMD_reg/C
  -------------------------------------------------------------------    -------------------
    SLICE_X98Y65         FDCE (Prop_fdce_C_Q)         0.118     2.307 f  dbg_hub/inst/CORE_XSDB.U_ICON/iDATA_CMD_reg/Q
                         net (fo=2, routed)           0.674     2.981    dbg_hub/inst/CORE_XSDB.U_ICON/U_SYNC/iDATA_CMD
    SLICE_X98Y65         LUT1 (Prop_lut1_I0_O)        0.028     3.009 r  dbg_hub/inst/CORE_XSDB.U_ICON/U_SYNC/iDATA_CMD_i_1/O
                         net (fo=9, routed)           0.422     3.431    dbg_hub/inst/CORE_XSDB.U_ICON/U_SYNC/SR[0]
    SLICE_X100Y65        FDRE                                         r  dbg_hub/inst/CORE_XSDB.U_ICON/U_SYNC/iSYNC_WORD_reg[6]/R
  -------------------------------------------------------------------    -------------------

                         (clock dbg_hub/inst/N_EXT_BSCAN.bscan_inst/SERIES7_BSCAN.bscan_inst/DRCK rise edge)
                                                      0.000     0.000 r  
    BSCAN_X0Y0           BSCANE2                      0.000     0.000 r  dbg_hub/inst/N_EXT_BSCAN.bscan_inst/SERIES7_BSCAN.bscan_inst/DRCK
                         net (fo=1, routed)           1.943     1.943    dbg_hub/inst/DRCK
    BUFGCTRL_X0Y1        BUFG (Prop_bufg_I_O)         0.030     1.973 r  dbg_hub/inst/N_EXT_BSCAN.u_bufg_icon/O
                         net (fo=269, routed)         0.890     2.863    dbg_hub/inst/CORE_XSDB.U_ICON/U_SYNC/CLK
    SLICE_X100Y65        FDRE                                         r  dbg_hub/inst/CORE_XSDB.U_ICON/U_SYNC/iSYNC_WORD_reg[6]/C
                         clock pessimism              0.000     2.863    
    SLICE_X100Y65        FDRE (Hold_fdre_C_R)        -0.014     2.849    dbg_hub/inst/CORE_XSDB.U_ICON/U_SYNC/iSYNC_WORD_reg[6]
  -------------------------------------------------------------------
                         required time                         -2.849    
                         arrival time                           3.431    
  -------------------------------------------------------------------
                         slack                                  0.582    





---------------------------------------------------------------------------------------------------
Path Group:  **async_default**
From Clock:  clk
  To Clock:  clk

Setup :            0  Failing Endpoints,  Worst Slack        2.607ns,  Total Violation        0.000ns
Hold  :            0  Failing Endpoints,  Worst Slack        0.292ns,  Total Violation        0.000ns
---------------------------------------------------------------------------------------------------


Max Delay Paths
--------------------------------------------------------------------------------------
Slack (MET) :             2.607ns  (required time - arrival time)
  Source:                 dbg_hub/inst/CORE_XSDB.UUT_MASTER/U_ICON_INTERFACE/U_CMD1/ctl_reg_reg[0]/C
                            (rising edge-triggered cell FDRE clocked by clk  {rise@0.000ns fall@2.500ns period=5.000ns})
  Destination:            dbg_hub/inst/CORE_XSDB.UUT_MASTER/U_XSDB_BUS_CONTROLLER/active_sl_den_mask_reg[0]/CLR
                            (recovery check against rising-edge clock clk  {rise@0.000ns fall@2.500ns period=5.000ns})
  Path Group:             **async_default**
  Path Type:              Recovery (Max at Slow Process Corner)
  Requirement:            5.000ns  (clk rise@5.000ns - clk rise@0.000ns)
  Data Path Delay:        2.148ns  (logic 0.259ns (12.058%)  route 1.889ns (87.942%))
  Logic Levels:           0  
  Clock Path Skew:        0.002ns (DCD - SCD + CPR)
    Destination Clock Delay (DCD):    1.496ns = ( 6.496 - 5.000 ) 
    Source Clock Delay      (SCD):    1.584ns
    Clock Pessimism Removal (CPR):    0.090ns
  Clock Uncertainty:      0.035ns  ((TSJ^2 + TIJ^2)^1/2 + DJ) / 2 + PE
    Total System Jitter     (TSJ):    0.071ns
    Total Input Jitter      (TIJ):    0.000ns
    Discrete Jitter          (DJ):    0.000ns
    Phase Error              (PE):    0.000ns

    Location             Delay type                Incr(ns)  Path(ns)    Netlist Resource(s)
  -------------------------------------------------------------------    -------------------
                         (clock clk rise edge)        0.000     0.000 r  
    BUFGCTRL_X0Y0        BUFG                         0.000     0.000 r  U_BUFG/O
                         net (fo=6205, routed)        1.584     1.584    dbg_hub/inst/CORE_XSDB.UUT_MASTER/U_ICON_INTERFACE/U_CMD1/clk
    SLICE_X106Y63        FDRE                                         r  dbg_hub/inst/CORE_XSDB.UUT_MASTER/U_ICON_INTERFACE/U_CMD1/ctl_reg_reg[0]/C
  -------------------------------------------------------------------    -------------------
    SLICE_X106Y63        FDRE (Prop_fdre_C_Q)         0.259     1.843 f  dbg_hub/inst/CORE_XSDB.UUT_MASTER/U_ICON_INTERFACE/U_CMD1/ctl_reg_reg[0]/Q
                         net (fo=159, routed)         1.889     3.732    dbg_hub/inst/CORE_XSDB.UUT_MASTER/U_XSDB_BUS_CONTROLLER/AR[0]
    SLICE_X123Y66        FDCE                                         f  dbg_hub/inst/CORE_XSDB.UUT_MASTER/U_XSDB_BUS_CONTROLLER/active_sl_den_mask_reg[0]/CLR
  -------------------------------------------------------------------    -------------------

                         (clock clk rise edge)        5.000     5.000 r  
    BUFGCTRL_X0Y0        BUFG                         0.000     5.000 r  U_BUFG/O
                         net (fo=6205, routed)        1.496     6.496    dbg_hub/inst/CORE_XSDB.UUT_MASTER/U_XSDB_BUS_CONTROLLER/clk
    SLICE_X123Y66        FDCE                                         r  dbg_hub/inst/CORE_XSDB.UUT_MASTER/U_XSDB_BUS_CONTROLLER/active_sl_den_mask_reg[0]/C
                         clock pessimism              0.090     6.586    
                         clock uncertainty           -0.035     6.551    
    SLICE_X123Y66        FDCE (Recov_fdce_C_CLR)     -0.212     6.339    dbg_hub/inst/CORE_XSDB.UUT_MASTER/U_XSDB_BUS_CONTROLLER/active_sl_den_mask_reg[0]
  -------------------------------------------------------------------
                         required time                          6.339    
                         arrival time                          -3.732    
  -------------------------------------------------------------------
                         slack                                  2.607    

Slack (MET) :             2.607ns  (required time - arrival time)
  Source:                 dbg_hub/inst/CORE_XSDB.UUT_MASTER/U_ICON_INTERFACE/U_CMD1/ctl_reg_reg[0]/C
                            (rising edge-triggered cell FDRE clocked by clk  {rise@0.000ns fall@2.500ns period=5.000ns})
  Destination:            dbg_hub/inst/CORE_XSDB.UUT_MASTER/U_XSDB_BUS_CONTROLLER/clr_abort_rd_reg/CLR
                            (recovery check against rising-edge clock clk  {rise@0.000ns fall@2.500ns period=5.000ns})
  Path Group:             **async_default**
  Path Type:              Recovery (Max at Slow Process Corner)
  Requirement:            5.000ns  (clk rise@5.000ns - clk rise@0.000ns)
  Data Path Delay:        2.148ns  (logic 0.259ns (12.058%)  route 1.889ns (87.942%))
  Logic Levels:           0  
  Clock Path Skew:        0.002ns (DCD - SCD + CPR)
    Destination Clock Delay (DCD):    1.496ns = ( 6.496 - 5.000 ) 
    Source Clock Delay      (SCD):    1.584ns
    Clock Pessimism Removal (CPR):    0.090ns
  Clock Uncertainty:      0.035ns  ((TSJ^2 + TIJ^2)^1/2 + DJ) / 2 + PE
    Total System Jitter     (TSJ):    0.071ns
    Total Input Jitter      (TIJ):    0.000ns
    Discrete Jitter          (DJ):    0.000ns
    Phase Error              (PE):    0.000ns

    Location             Delay type                Incr(ns)  Path(ns)    Netlist Resource(s)
  -------------------------------------------------------------------    -------------------
                         (clock clk rise edge)        0.000     0.000 r  
    BUFGCTRL_X0Y0        BUFG                         0.000     0.000 r  U_BUFG/O
                         net (fo=6205, routed)        1.584     1.584    dbg_hub/inst/CORE_XSDB.UUT_MASTER/U_ICON_INTERFACE/U_CMD1/clk
    SLICE_X106Y63        FDRE                                         r  dbg_hub/inst/CORE_XSDB.UUT_MASTER/U_ICON_INTERFACE/U_CMD1/ctl_reg_reg[0]/C
  -------------------------------------------------------------------    -------------------
    SLICE_X106Y63        FDRE (Prop_fdre_C_Q)         0.259     1.843 f  dbg_hub/inst/CORE_XSDB.UUT_MASTER/U_ICON_INTERFACE/U_CMD1/ctl_reg_reg[0]/Q
                         net (fo=159, routed)         1.889     3.732    dbg_hub/inst/CORE_XSDB.UUT_MASTER/U_XSDB_BUS_CONTROLLER/AR[0]
    SLICE_X123Y66        FDCE                                         f  dbg_hub/inst/CORE_XSDB.UUT_MASTER/U_XSDB_BUS_CONTROLLER/clr_abort_rd_reg/CLR
  -------------------------------------------------------------------    -------------------

                         (clock clk rise edge)        5.000     5.000 r  
    BUFGCTRL_X0Y0        BUFG                         0.000     5.000 r  U_BUFG/O
                         net (fo=6205, routed)        1.496     6.496    dbg_hub/inst/CORE_XSDB.UUT_MASTER/U_XSDB_BUS_CONTROLLER/clk
    SLICE_X123Y66        FDCE                                         r  dbg_hub/inst/CORE_XSDB.UUT_MASTER/U_XSDB_BUS_CONTROLLER/clr_abort_rd_reg/C
                         clock pessimism              0.090     6.586    
                         clock uncertainty           -0.035     6.551    
    SLICE_X123Y66        FDCE (Recov_fdce_C_CLR)     -0.212     6.339    dbg_hub/inst/CORE_XSDB.UUT_MASTER/U_XSDB_BUS_CONTROLLER/clr_abort_rd_reg
  -------------------------------------------------------------------
                         required time                          6.339    
                         arrival time                          -3.732    
  -------------------------------------------------------------------
                         slack                                  2.607    

Slack (MET) :             2.698ns  (required time - arrival time)
  Source:                 dbg_hub/inst/CORE_XSDB.UUT_MASTER/U_ICON_INTERFACE/U_CMD1/ctl_reg_reg[0]/C
                            (rising edge-triggered cell FDRE clocked by clk  {rise@0.000ns fall@2.500ns period=5.000ns})
  Destination:            dbg_hub/inst/CORE_XSDB.UUT_MASTER/U_XSDB_BUS_CONTROLLER/sl_rst_r_reg[0]/CLR
                            (recovery check against rising-edge clock clk  {rise@0.000ns fall@2.500ns period=5.000ns})
  Path Group:             **async_default**
  Path Type:              Recovery (Max at Slow Process Corner)
  Requirement:            5.000ns  (clk rise@5.000ns - clk rise@0.000ns)
  Data Path Delay:        2.059ns  (logic 0.259ns (12.578%)  route 1.800ns (87.422%))
  Logic Levels:           0  
  Clock Path Skew:        0.004ns (DCD - SCD + CPR)
    Destination Clock Delay (DCD):    1.498ns = ( 6.498 - 5.000 ) 
    Source Clock Delay      (SCD):    1.584ns
    Clock Pessimism Removal (CPR):    0.090ns
  Clock Uncertainty:      0.035ns  ((TSJ^2 + TIJ^2)^1/2 + DJ) / 2 + PE
    Total System Jitter     (TSJ):    0.071ns
    Total Input Jitter      (TIJ):    0.000ns
    Discrete Jitter          (DJ):    0.000ns
    Phase Error              (PE):    0.000ns

    Location             Delay type                Incr(ns)  Path(ns)    Netlist Resource(s)
  -------------------------------------------------------------------    -------------------
                         (clock clk rise edge)        0.000     0.000 r  
    BUFGCTRL_X0Y0        BUFG                         0.000     0.000 r  U_BUFG/O
                         net (fo=6205, routed)        1.584     1.584    dbg_hub/inst/CORE_XSDB.UUT_MASTER/U_ICON_INTERFACE/U_CMD1/clk
    SLICE_X106Y63        FDRE                                         r  dbg_hub/inst/CORE_XSDB.UUT_MASTER/U_ICON_INTERFACE/U_CMD1/ctl_reg_reg[0]/C
  -------------------------------------------------------------------    -------------------
    SLICE_X106Y63        FDRE (Prop_fdre_C_Q)         0.259     1.843 f  dbg_hub/inst/CORE_XSDB.UUT_MASTER/U_ICON_INTERFACE/U_CMD1/ctl_reg_reg[0]/Q
                         net (fo=159, routed)         1.800     3.643    dbg_hub/inst/CORE_XSDB.UUT_MASTER/U_XSDB_BUS_CONTROLLER/AR[0]
    SLICE_X124Y65        FDCE                                         f  dbg_hub/inst/CORE_XSDB.UUT_MASTER/U_XSDB_BUS_CONTROLLER/sl_rst_r_reg[0]/CLR
  -------------------------------------------------------------------    -------------------

                         (clock clk rise edge)        5.000     5.000 r  
    BUFGCTRL_X0Y0        BUFG                         0.000     5.000 r  U_BUFG/O
                         net (fo=6205, routed)        1.498     6.498    dbg_hub/inst/CORE_XSDB.UUT_MASTER/U_XSDB_BUS_CONTROLLER/clk
    SLICE_X124Y65        FDCE                                         r  dbg_hub/inst/CORE_XSDB.UUT_MASTER/U_XSDB_BUS_CONTROLLER/sl_rst_r_reg[0]/C
                         clock pessimism              0.090     6.588    
                         clock uncertainty           -0.035     6.553    
    SLICE_X124Y65        FDCE (Recov_fdce_C_CLR)     -0.212     6.341    dbg_hub/inst/CORE_XSDB.UUT_MASTER/U_XSDB_BUS_CONTROLLER/sl_rst_r_reg[0]
  -------------------------------------------------------------------
                         required time                          6.341    
                         arrival time                          -3.643    
  -------------------------------------------------------------------
                         slack                                  2.698    

Slack (MET) :             2.719ns  (required time - arrival time)
  Source:                 dbg_hub/inst/CORE_XSDB.UUT_MASTER/U_ICON_INTERFACE/U_CMD1/ctl_reg_reg[0]/C
                            (rising edge-triggered cell FDRE clocked by clk  {rise@0.000ns fall@2.500ns period=5.000ns})
  Destination:            dbg_hub/inst/CORE_XSDB.UUT_MASTER/U_XSDB_BUS_CONTROLLER/dec_wdc_r_reg/CLR
                            (recovery check against rising-edge clock clk  {rise@0.000ns fall@2.500ns period=5.000ns})
  Path Group:             **async_default**
  Path Type:              Recovery (Max at Slow Process Corner)
  Requirement:            5.000ns  (clk rise@5.000ns - clk rise@0.000ns)
  Data Path Delay:        2.037ns  (logic 0.259ns (12.717%)  route 1.778ns (87.283%))
  Logic Levels:           0  
  Clock Path Skew:        0.003ns (DCD - SCD + CPR)
    Destination Clock Delay (DCD):    1.497ns = ( 6.497 - 5.000 ) 
    Source Clock Delay      (SCD):    1.584ns
    Clock Pessimism Removal (CPR):    0.090ns
  Clock Uncertainty:      0.035ns  ((TSJ^2 + TIJ^2)^1/2 + DJ) / 2 + PE
    Total System Jitter     (TSJ):    0.071ns
    Total Input Jitter      (TIJ):    0.000ns
    Discrete Jitter          (DJ):    0.000ns
    Phase Error              (PE):    0.000ns

    Location             Delay type                Incr(ns)  Path(ns)    Netlist Resource(s)
  -------------------------------------------------------------------    -------------------
                         (clock clk rise edge)        0.000     0.000 r  
    BUFGCTRL_X0Y0        BUFG                         0.000     0.000 r  U_BUFG/O
                         net (fo=6205, routed)        1.584     1.584    dbg_hub/inst/CORE_XSDB.UUT_MASTER/U_ICON_INTERFACE/U_CMD1/clk
    SLICE_X106Y63        FDRE                                         r  dbg_hub/inst/CORE_XSDB.UUT_MASTER/U_ICON_INTERFACE/U_CMD1/ctl_reg_reg[0]/C
  -------------------------------------------------------------------    -------------------
    SLICE_X106Y63        FDRE (Prop_fdre_C_Q)         0.259     1.843 f  dbg_hub/inst/CORE_XSDB.UUT_MASTER/U_ICON_INTERFACE/U_CMD1/ctl_reg_reg[0]/Q
                         net (fo=159, routed)         1.778     3.621    dbg_hub/inst/CORE_XSDB.UUT_MASTER/U_XSDB_BUS_CONTROLLER/AR[0]
    SLICE_X123Y65        FDCE                                         f  dbg_hub/inst/CORE_XSDB.UUT_MASTER/U_XSDB_BUS_CONTROLLER/dec_wdc_r_reg/CLR
  -------------------------------------------------------------------    -------------------

                         (clock clk rise edge)        5.000     5.000 r  
    BUFGCTRL_X0Y0        BUFG                         0.000     5.000 r  U_BUFG/O
                         net (fo=6205, routed)        1.497     6.497    dbg_hub/inst/CORE_XSDB.UUT_MASTER/U_XSDB_BUS_CONTROLLER/clk
    SLICE_X123Y65        FDCE                                         r  dbg_hub/inst/CORE_XSDB.UUT_MASTER/U_XSDB_BUS_CONTROLLER/dec_wdc_r_reg/C
                         clock pessimism              0.090     6.587    
                         clock uncertainty           -0.035     6.552    
    SLICE_X123Y65        FDCE (Recov_fdce_C_CLR)     -0.212     6.340    dbg_hub/inst/CORE_XSDB.UUT_MASTER/U_XSDB_BUS_CONTROLLER/dec_wdc_r_reg
  -------------------------------------------------------------------
                         required time                          6.340    
                         arrival time                          -3.621    
  -------------------------------------------------------------------
                         slack                                  2.719    

Slack (MET) :             2.719ns  (required time - arrival time)
  Source:                 dbg_hub/inst/CORE_XSDB.UUT_MASTER/U_ICON_INTERFACE/U_CMD1/ctl_reg_reg[0]/C
                            (rising edge-triggered cell FDRE clocked by clk  {rise@0.000ns fall@2.500ns period=5.000ns})
  Destination:            dbg_hub/inst/CORE_XSDB.UUT_MASTER/U_XSDB_BUS_CONTROLLER/inc_addr_r_reg/CLR
                            (recovery check against rising-edge clock clk  {rise@0.000ns fall@2.500ns period=5.000ns})
  Path Group:             **async_default**
  Path Type:              Recovery (Max at Slow Process Corner)
  Requirement:            5.000ns  (clk rise@5.000ns - clk rise@0.000ns)
  Data Path Delay:        2.037ns  (logic 0.259ns (12.717%)  route 1.778ns (87.283%))
  Logic Levels:           0  
  Clock Path Skew:        0.003ns (DCD - SCD + CPR)
    Destination Clock Delay (DCD):    1.497ns = ( 6.497 - 5.000 ) 
    Source Clock Delay      (SCD):    1.584ns
    Clock Pessimism Removal (CPR):    0.090ns
  Clock Uncertainty:      0.035ns  ((TSJ^2 + TIJ^2)^1/2 + DJ) / 2 + PE
    Total System Jitter     (TSJ):    0.071ns
    Total Input Jitter      (TIJ):    0.000ns
    Discrete Jitter          (DJ):    0.000ns
    Phase Error              (PE):    0.000ns

    Location             Delay type                Incr(ns)  Path(ns)    Netlist Resource(s)
  -------------------------------------------------------------------    -------------------
                         (clock clk rise edge)        0.000     0.000 r  
    BUFGCTRL_X0Y0        BUFG                         0.000     0.000 r  U_BUFG/O
                         net (fo=6205, routed)        1.584     1.584    dbg_hub/inst/CORE_XSDB.UUT_MASTER/U_ICON_INTERFACE/U_CMD1/clk
    SLICE_X106Y63        FDRE                                         r  dbg_hub/inst/CORE_XSDB.UUT_MASTER/U_ICON_INTERFACE/U_CMD1/ctl_reg_reg[0]/C
  -------------------------------------------------------------------    -------------------
    SLICE_X106Y63        FDRE (Prop_fdre_C_Q)         0.259     1.843 f  dbg_hub/inst/CORE_XSDB.UUT_MASTER/U_ICON_INTERFACE/U_CMD1/ctl_reg_reg[0]/Q
                         net (fo=159, routed)         1.778     3.621    dbg_hub/inst/CORE_XSDB.UUT_MASTER/U_XSDB_BUS_CONTROLLER/AR[0]
    SLICE_X123Y65        FDCE                                         f  dbg_hub/inst/CORE_XSDB.UUT_MASTER/U_XSDB_BUS_CONTROLLER/inc_addr_r_reg/CLR
  -------------------------------------------------------------------    -------------------

                         (clock clk rise edge)        5.000     5.000 r  
    BUFGCTRL_X0Y0        BUFG                         0.000     5.000 r  U_BUFG/O
                         net (fo=6205, routed)        1.497     6.497    dbg_hub/inst/CORE_XSDB.UUT_MASTER/U_XSDB_BUS_CONTROLLER/clk
    SLICE_X123Y65        FDCE                                         r  dbg_hub/inst/CORE_XSDB.UUT_MASTER/U_XSDB_BUS_CONTROLLER/inc_addr_r_reg/C
                         clock pessimism              0.090     6.587    
                         clock uncertainty           -0.035     6.552    
    SLICE_X123Y65        FDCE (Recov_fdce_C_CLR)     -0.212     6.340    dbg_hub/inst/CORE_XSDB.UUT_MASTER/U_XSDB_BUS_CONTROLLER/inc_addr_r_reg
  -------------------------------------------------------------------
                         required time                          6.340    
                         arrival time                          -3.621    
  -------------------------------------------------------------------
                         slack                                  2.719    

Slack (MET) :             2.744ns  (required time - arrival time)
  Source:                 dbg_hub/inst/CORE_XSDB.UUT_MASTER/U_ICON_INTERFACE/U_CMD1/ctl_reg_reg[0]/C
                            (rising edge-triggered cell FDRE clocked by clk  {rise@0.000ns fall@2.500ns period=5.000ns})
  Destination:            dbg_hub/inst/CORE_XSDB.UUT_MASTER/U_XSDB_BUS_CONTROLLER/current_state_reg[3]/CLR
                            (recovery check against rising-edge clock clk  {rise@0.000ns fall@2.500ns period=5.000ns})
  Path Group:             **async_default**
  Path Type:              Recovery (Max at Slow Process Corner)
  Requirement:            5.000ns  (clk rise@5.000ns - clk rise@0.000ns)
  Data Path Delay:        2.037ns  (logic 0.259ns (12.717%)  route 1.778ns (87.283%))
  Logic Levels:           0  
  Clock Path Skew:        0.003ns (DCD - SCD + CPR)
    Destination Clock Delay (DCD):    1.497ns = ( 6.497 - 5.000 ) 
    Source Clock Delay      (SCD):    1.584ns
    Clock Pessimism Removal (CPR):    0.090ns
  Clock Uncertainty:      0.035ns  ((TSJ^2 + TIJ^2)^1/2 + DJ) / 2 + PE
    Total System Jitter     (TSJ):    0.071ns
    Total Input Jitter      (TIJ):    0.000ns
    Discrete Jitter          (DJ):    0.000ns
    Phase Error              (PE):    0.000ns

    Location             Delay type                Incr(ns)  Path(ns)    Netlist Resource(s)
  -------------------------------------------------------------------    -------------------
                         (clock clk rise edge)        0.000     0.000 r  
    BUFGCTRL_X0Y0        BUFG                         0.000     0.000 r  U_BUFG/O
                         net (fo=6205, routed)        1.584     1.584    dbg_hub/inst/CORE_XSDB.UUT_MASTER/U_ICON_INTERFACE/U_CMD1/clk
    SLICE_X106Y63        FDRE                                         r  dbg_hub/inst/CORE_XSDB.UUT_MASTER/U_ICON_INTERFACE/U_CMD1/ctl_reg_reg[0]/C
  -------------------------------------------------------------------    -------------------
    SLICE_X106Y63        FDRE (Prop_fdre_C_Q)         0.259     1.843 f  dbg_hub/inst/CORE_XSDB.UUT_MASTER/U_ICON_INTERFACE/U_CMD1/ctl_reg_reg[0]/Q
                         net (fo=159, routed)         1.778     3.621    dbg_hub/inst/CORE_XSDB.UUT_MASTER/U_XSDB_BUS_CONTROLLER/AR[0]
    SLICE_X122Y65        FDCE                                         f  dbg_hub/inst/CORE_XSDB.UUT_MASTER/U_XSDB_BUS_CONTROLLER/current_state_reg[3]/CLR
  -------------------------------------------------------------------    -------------------

                         (clock clk rise edge)        5.000     5.000 r  
    BUFGCTRL_X0Y0        BUFG                         0.000     5.000 r  U_BUFG/O
                         net (fo=6205, routed)        1.497     6.497    dbg_hub/inst/CORE_XSDB.UUT_MASTER/U_XSDB_BUS_CONTROLLER/clk
    SLICE_X122Y65        FDCE                                         r  dbg_hub/inst/CORE_XSDB.UUT_MASTER/U_XSDB_BUS_CONTROLLER/current_state_reg[3]/C
                         clock pessimism              0.090     6.587    
                         clock uncertainty           -0.035     6.552    
    SLICE_X122Y65        FDCE (Recov_fdce_C_CLR)     -0.187     6.365    dbg_hub/inst/CORE_XSDB.UUT_MASTER/U_XSDB_BUS_CONTROLLER/current_state_reg[3]
  -------------------------------------------------------------------
                         required time                          6.365    
                         arrival time                          -3.621    
  -------------------------------------------------------------------
                         slack                                  2.744    

Slack (MET) :             2.744ns  (required time - arrival time)
  Source:                 dbg_hub/inst/CORE_XSDB.UUT_MASTER/U_ICON_INTERFACE/U_CMD1/ctl_reg_reg[0]/C
                            (rising edge-triggered cell FDRE clocked by clk  {rise@0.000ns fall@2.500ns period=5.000ns})
  Destination:            dbg_hub/inst/CORE_XSDB.UUT_MASTER/U_XSDB_BUS_CONTROLLER/timer_rst_reg/PRE
                            (recovery check against rising-edge clock clk  {rise@0.000ns fall@2.500ns period=5.000ns})
  Path Group:             **async_default**
  Path Type:              Recovery (Max at Slow Process Corner)
  Requirement:            5.000ns  (clk rise@5.000ns - clk rise@0.000ns)
  Data Path Delay:        2.037ns  (logic 0.259ns (12.717%)  route 1.778ns (87.283%))
  Logic Levels:           0  
  Clock Path Skew:        0.003ns (DCD - SCD + CPR)
    Destination Clock Delay (DCD):    1.497ns = ( 6.497 - 5.000 ) 
    Source Clock Delay      (SCD):    1.584ns
    Clock Pessimism Removal (CPR):    0.090ns
  Clock Uncertainty:      0.035ns  ((TSJ^2 + TIJ^2)^1/2 + DJ) / 2 + PE
    Total System Jitter     (TSJ):    0.071ns
    Total Input Jitter      (TIJ):    0.000ns
    Discrete Jitter          (DJ):    0.000ns
    Phase Error              (PE):    0.000ns

    Location             Delay type                Incr(ns)  Path(ns)    Netlist Resource(s)
  -------------------------------------------------------------------    -------------------
                         (clock clk rise edge)        0.000     0.000 r  
    BUFGCTRL_X0Y0        BUFG                         0.000     0.000 r  U_BUFG/O
                         net (fo=6205, routed)        1.584     1.584    dbg_hub/inst/CORE_XSDB.UUT_MASTER/U_ICON_INTERFACE/U_CMD1/clk
    SLICE_X106Y63        FDRE                                         r  dbg_hub/inst/CORE_XSDB.UUT_MASTER/U_ICON_INTERFACE/U_CMD1/ctl_reg_reg[0]/C
  -------------------------------------------------------------------    -------------------
    SLICE_X106Y63        FDRE (Prop_fdre_C_Q)         0.259     1.843 f  dbg_hub/inst/CORE_XSDB.UUT_MASTER/U_ICON_INTERFACE/U_CMD1/ctl_reg_reg[0]/Q
                         net (fo=159, routed)         1.778     3.621    dbg_hub/inst/CORE_XSDB.UUT_MASTER/U_XSDB_BUS_CONTROLLER/AR[0]
    SLICE_X122Y65        FDPE                                         f  dbg_hub/inst/CORE_XSDB.UUT_MASTER/U_XSDB_BUS_CONTROLLER/timer_rst_reg/PRE
  -------------------------------------------------------------------    -------------------

                         (clock clk rise edge)        5.000     5.000 r  
    BUFGCTRL_X0Y0        BUFG                         0.000     5.000 r  U_BUFG/O
                         net (fo=6205, routed)        1.497     6.497    dbg_hub/inst/CORE_XSDB.UUT_MASTER/U_XSDB_BUS_CONTROLLER/clk
    SLICE_X122Y65        FDPE                                         r  dbg_hub/inst/CORE_XSDB.UUT_MASTER/U_XSDB_BUS_CONTROLLER/timer_rst_reg/C
                         clock pessimism              0.090     6.587    
                         clock uncertainty           -0.035     6.552    
    SLICE_X122Y65        FDPE (Recov_fdpe_C_PRE)     -0.187     6.365    dbg_hub/inst/CORE_XSDB.UUT_MASTER/U_XSDB_BUS_CONTROLLER/timer_rst_reg
  -------------------------------------------------------------------
                         required time                          6.365    
                         arrival time                          -3.621    
  -------------------------------------------------------------------
                         slack                                  2.744    

Slack (MET) :             2.777ns  (required time - arrival time)
  Source:                 dbg_hub/inst/CORE_XSDB.UUT_MASTER/U_ICON_INTERFACE/U_CMD1/ctl_reg_reg[0]/C
                            (rising edge-triggered cell FDRE clocked by clk  {rise@0.000ns fall@2.500ns period=5.000ns})
  Destination:            dbg_hub/inst/CORE_XSDB.UUT_MASTER/U_XSDB_BUS_CONTROLLER/clr_rd_req_reg/CLR
                            (recovery check against rising-edge clock clk  {rise@0.000ns fall@2.500ns period=5.000ns})
  Path Group:             **async_default**
  Path Type:              Recovery (Max at Slow Process Corner)
  Requirement:            5.000ns  (clk rise@5.000ns - clk rise@0.000ns)
  Data Path Delay:        2.037ns  (logic 0.259ns (12.717%)  route 1.778ns (87.283%))
  Logic Levels:           0  
  Clock Path Skew:        0.003ns (DCD - SCD + CPR)
    Destination Clock Delay (DCD):    1.497ns = ( 6.497 - 5.000 ) 
    Source Clock Delay      (SCD):    1.584ns
    Clock Pessimism Removal (CPR):    0.090ns
  Clock Uncertainty:      0.035ns  ((TSJ^2 + TIJ^2)^1/2 + DJ) / 2 + PE
    Total System Jitter     (TSJ):    0.071ns
    Total Input Jitter      (TIJ):    0.000ns
    Discrete Jitter          (DJ):    0.000ns
    Phase Error              (PE):    0.000ns

    Location             Delay type                Incr(ns)  Path(ns)    Netlist Resource(s)
  -------------------------------------------------------------------    -------------------
                         (clock clk rise edge)        0.000     0.000 r  
    BUFGCTRL_X0Y0        BUFG                         0.000     0.000 r  U_BUFG/O
                         net (fo=6205, routed)        1.584     1.584    dbg_hub/inst/CORE_XSDB.UUT_MASTER/U_ICON_INTERFACE/U_CMD1/clk
    SLICE_X106Y63        FDRE                                         r  dbg_hub/inst/CORE_XSDB.UUT_MASTER/U_ICON_INTERFACE/U_CMD1/ctl_reg_reg[0]/C
  -------------------------------------------------------------------    -------------------
    SLICE_X106Y63        FDRE (Prop_fdre_C_Q)         0.259     1.843 f  dbg_hub/inst/CORE_XSDB.UUT_MASTER/U_ICON_INTERFACE/U_CMD1/ctl_reg_reg[0]/Q
                         net (fo=159, routed)         1.778     3.621    dbg_hub/inst/CORE_XSDB.UUT_MASTER/U_XSDB_BUS_CONTROLLER/AR[0]
    SLICE_X122Y65        FDCE                                         f  dbg_hub/inst/CORE_XSDB.UUT_MASTER/U_XSDB_BUS_CONTROLLER/clr_rd_req_reg/CLR
  -------------------------------------------------------------------    -------------------

                         (clock clk rise edge)        5.000     5.000 r  
    BUFGCTRL_X0Y0        BUFG                         0.000     5.000 r  U_BUFG/O
                         net (fo=6205, routed)        1.497     6.497    dbg_hub/inst/CORE_XSDB.UUT_MASTER/U_XSDB_BUS_CONTROLLER/clk
    SLICE_X122Y65        FDCE                                         r  dbg_hub/inst/CORE_XSDB.UUT_MASTER/U_XSDB_BUS_CONTROLLER/clr_rd_req_reg/C
                         clock pessimism              0.090     6.587    
                         clock uncertainty           -0.035     6.552    
    SLICE_X122Y65        FDCE (Recov_fdce_C_CLR)     -0.154     6.398    dbg_hub/inst/CORE_XSDB.UUT_MASTER/U_XSDB_BUS_CONTROLLER/clr_rd_req_reg
  -------------------------------------------------------------------
                         required time                          6.398    
                         arrival time                          -3.621    
  -------------------------------------------------------------------
                         slack                                  2.777    

Slack (MET) :             2.965ns  (required time - arrival time)
  Source:                 dbg_hub/inst/CORE_XSDB.UUT_MASTER/U_ICON_INTERFACE/U_CMD1/ctl_reg_reg[0]/C
                            (rising edge-triggered cell FDRE clocked by clk  {rise@0.000ns fall@2.500ns period=5.000ns})
  Destination:            dbg_hub/inst/CORE_XSDB.UUT_MASTER/U_XSDB_BUS_CONTROLLER/sl_den_r_reg[0]/CLR
                            (recovery check against rising-edge clock clk  {rise@0.000ns fall@2.500ns period=5.000ns})
  Path Group:             **async_default**
  Path Type:              Recovery (Max at Slow Process Corner)
  Requirement:            5.000ns  (clk rise@5.000ns - clk rise@0.000ns)
  Data Path Delay:        1.847ns  (logic 0.259ns (14.023%)  route 1.588ns (85.977%))
  Logic Levels:           0  
  Clock Path Skew:        0.001ns (DCD - SCD + CPR)
    Destination Clock Delay (DCD):    1.495ns = ( 6.495 - 5.000 ) 
    Source Clock Delay      (SCD):    1.584ns
    Clock Pessimism Removal (CPR):    0.090ns
  Clock Uncertainty:      0.035ns  ((TSJ^2 + TIJ^2)^1/2 + DJ) / 2 + PE
    Total System Jitter     (TSJ):    0.071ns
    Total Input Jitter      (TIJ):    0.000ns
    Discrete Jitter          (DJ):    0.000ns
    Phase Error              (PE):    0.000ns

    Location             Delay type                Incr(ns)  Path(ns)    Netlist Resource(s)
  -------------------------------------------------------------------    -------------------
                         (clock clk rise edge)        0.000     0.000 r  
    BUFGCTRL_X0Y0        BUFG                         0.000     0.000 r  U_BUFG/O
                         net (fo=6205, routed)        1.584     1.584    dbg_hub/inst/CORE_XSDB.UUT_MASTER/U_ICON_INTERFACE/U_CMD1/clk
    SLICE_X106Y63        FDRE                                         r  dbg_hub/inst/CORE_XSDB.UUT_MASTER/U_ICON_INTERFACE/U_CMD1/ctl_reg_reg[0]/C
  -------------------------------------------------------------------    -------------------
    SLICE_X106Y63        FDRE (Prop_fdre_C_Q)         0.259     1.843 f  dbg_hub/inst/CORE_XSDB.UUT_MASTER/U_ICON_INTERFACE/U_CMD1/ctl_reg_reg[0]/Q
                         net (fo=159, routed)         1.588     3.431    dbg_hub/inst/CORE_XSDB.UUT_MASTER/U_XSDB_BUS_CONTROLLER/AR[0]
    SLICE_X122Y67        FDCE                                         f  dbg_hub/inst/CORE_XSDB.UUT_MASTER/U_XSDB_BUS_CONTROLLER/sl_den_r_reg[0]/CLR
  -------------------------------------------------------------------    -------------------

                         (clock clk rise edge)        5.000     5.000 r  
    BUFGCTRL_X0Y0        BUFG                         0.000     5.000 r  U_BUFG/O
                         net (fo=6205, routed)        1.495     6.495    dbg_hub/inst/CORE_XSDB.UUT_MASTER/U_XSDB_BUS_CONTROLLER/clk
    SLICE_X122Y67        FDCE                                         r  dbg_hub/inst/CORE_XSDB.UUT_MASTER/U_XSDB_BUS_CONTROLLER/sl_den_r_reg[0]/C
                         clock pessimism              0.090     6.585    
                         clock uncertainty           -0.035     6.550    
    SLICE_X122Y67        FDCE (Recov_fdce_C_CLR)     -0.154     6.396    dbg_hub/inst/CORE_XSDB.UUT_MASTER/U_XSDB_BUS_CONTROLLER/sl_den_r_reg[0]
  -------------------------------------------------------------------
                         required time                          6.396    
                         arrival time                          -3.431    
  -------------------------------------------------------------------
                         slack                                  2.965    

Slack (MET) :             3.068ns  (required time - arrival time)
  Source:                 dbg_hub/inst/CORE_XSDB.UUT_MASTER/U_ICON_INTERFACE/U_CMD1/ctl_reg_reg[0]/C
                            (rising edge-triggered cell FDRE clocked by clk  {rise@0.000ns fall@2.500ns period=5.000ns})
  Destination:            dbg_hub/inst/CORE_XSDB.UUT_MASTER/U_XSDB_BUS_CONTROLLER/auto_sl_drdy_reg/CLR
                            (recovery check against rising-edge clock clk  {rise@0.000ns fall@2.500ns period=5.000ns})
  Path Group:             **async_default**
  Path Type:              Recovery (Max at Slow Process Corner)
  Requirement:            5.000ns  (clk rise@5.000ns - clk rise@0.000ns)
  Data Path Delay:        1.641ns  (logic 0.259ns (15.779%)  route 1.382ns (84.221%))
  Logic Levels:           0  
  Clock Path Skew:        -0.043ns (DCD - SCD + CPR)
    Destination Clock Delay (DCD):    1.451ns = ( 6.451 - 5.000 ) 
    Source Clock Delay      (SCD):    1.584ns
    Clock Pessimism Removal (CPR):    0.090ns
  Clock Uncertainty:      0.035ns  ((TSJ^2 + TIJ^2)^1/2 + DJ) / 2 + PE
    Total System Jitter     (TSJ):    0.071ns
    Total Input Jitter      (TIJ):    0.000ns
    Discrete Jitter          (DJ):    0.000ns
    Phase Error              (PE):    0.000ns

    Location             Delay type                Incr(ns)  Path(ns)    Netlist Resource(s)
  -------------------------------------------------------------------    -------------------
                         (clock clk rise edge)        0.000     0.000 r  
    BUFGCTRL_X0Y0        BUFG                         0.000     0.000 r  U_BUFG/O
                         net (fo=6205, routed)        1.584     1.584    dbg_hub/inst/CORE_XSDB.UUT_MASTER/U_ICON_INTERFACE/U_CMD1/clk
    SLICE_X106Y63        FDRE                                         r  dbg_hub/inst/CORE_XSDB.UUT_MASTER/U_ICON_INTERFACE/U_CMD1/ctl_reg_reg[0]/C
  -------------------------------------------------------------------    -------------------
    SLICE_X106Y63        FDRE (Prop_fdre_C_Q)         0.259     1.843 f  dbg_hub/inst/CORE_XSDB.UUT_MASTER/U_ICON_INTERFACE/U_CMD1/ctl_reg_reg[0]/Q
                         net (fo=159, routed)         1.382     3.225    dbg_hub/inst/CORE_XSDB.UUT_MASTER/U_XSDB_BUS_CONTROLLER/AR[0]
    SLICE_X121Y64        FDCE                                         f  dbg_hub/inst/CORE_XSDB.UUT_MASTER/U_XSDB_BUS_CONTROLLER/auto_sl_drdy_reg/CLR
  -------------------------------------------------------------------    -------------------

                         (clock clk rise edge)        5.000     5.000 r  
    BUFGCTRL_X0Y0        BUFG                         0.000     5.000 r  U_BUFG/O
                         net (fo=6205, routed)        1.451     6.451    dbg_hub/inst/CORE_XSDB.UUT_MASTER/U_XSDB_BUS_CONTROLLER/clk
    SLICE_X121Y64        FDCE                                         r  dbg_hub/inst/CORE_XSDB.UUT_MASTER/U_XSDB_BUS_CONTROLLER/auto_sl_drdy_reg/C
                         clock pessimism              0.090     6.541    
                         clock uncertainty           -0.035     6.506    
    SLICE_X121Y64        FDCE (Recov_fdce_C_CLR)     -0.212     6.294    dbg_hub/inst/CORE_XSDB.UUT_MASTER/U_XSDB_BUS_CONTROLLER/auto_sl_drdy_reg
  -------------------------------------------------------------------
                         required time                          6.294    
                         arrival time                          -3.225    
  -------------------------------------------------------------------
                         slack                                  3.068    





Min Delay Paths
--------------------------------------------------------------------------------------
Slack (MET) :             0.292ns  (arrival time - required time)
  Source:                 dbg_hub/inst/CORE_XSDB.UUT_MASTER/U_XSDB_BUS_CONTROLLER/clr_abort_rd_reg/C
                            (rising edge-triggered cell FDCE clocked by clk  {rise@0.000ns fall@2.500ns period=5.000ns})
  Destination:            dbg_hub/inst/CORE_XSDB.UUT_MASTER/U_XSDB_BUS_CONTROLLER/U_RD_ABORT_FLAG/G_NEG_EDGE.flag_reg/CLR
                            (removal check against rising-edge clock clk  {rise@0.000ns fall@2.500ns period=5.000ns})
  Path Group:             **async_default**
  Path Type:              Removal (Min at Fast Process Corner)
  Requirement:            0.000ns  (clk rise@0.000ns - clk rise@0.000ns)
  Data Path Delay:        0.253ns  (logic 0.100ns (39.465%)  route 0.153ns (60.535%))
  Logic Levels:           0  
  Clock Path Skew:        0.011ns (DCD - SCD - CPR)
    Destination Clock Delay (DCD):    0.923ns
    Source Clock Delay      (SCD):    0.685ns
    Clock Pessimism Removal (CPR):    0.227ns

    Location             Delay type                Incr(ns)  Path(ns)    Netlist Resource(s)
  -------------------------------------------------------------------    -------------------
                         (clock clk rise edge)        0.000     0.000 r  
    BUFGCTRL_X0Y0        BUFG                         0.000     0.000 r  U_BUFG/O
                         net (fo=6205, routed)        0.685     0.685    dbg_hub/inst/CORE_XSDB.UUT_MASTER/U_XSDB_BUS_CONTROLLER/clk
    SLICE_X123Y66        FDCE                                         r  dbg_hub/inst/CORE_XSDB.UUT_MASTER/U_XSDB_BUS_CONTROLLER/clr_abort_rd_reg/C
  -------------------------------------------------------------------    -------------------
    SLICE_X123Y66        FDCE (Prop_fdce_C_Q)         0.100     0.785 f  dbg_hub/inst/CORE_XSDB.UUT_MASTER/U_XSDB_BUS_CONTROLLER/clr_abort_rd_reg/Q
                         net (fo=2, routed)           0.153     0.938    dbg_hub/inst/CORE_XSDB.UUT_MASTER/U_XSDB_BUS_CONTROLLER/U_RD_ABORT_FLAG/clr_abort_rd
    SLICE_X122Y66        FDCE                                         f  dbg_hub/inst/CORE_XSDB.UUT_MASTER/U_XSDB_BUS_CONTROLLER/U_RD_ABORT_FLAG/G_NEG_EDGE.flag_reg/CLR
  -------------------------------------------------------------------    -------------------

                         (clock clk rise edge)        0.000     0.000 r  
    BUFGCTRL_X0Y0        BUFG                         0.000     0.000 r  U_BUFG/O
                         net (fo=6205, routed)        0.923     0.923    dbg_hub/inst/CORE_XSDB.UUT_MASTER/U_XSDB_BUS_CONTROLLER/U_RD_ABORT_FLAG/clk
    SLICE_X122Y66        FDCE                                         r  dbg_hub/inst/CORE_XSDB.UUT_MASTER/U_XSDB_BUS_CONTROLLER/U_RD_ABORT_FLAG/G_NEG_EDGE.flag_reg/C
                         clock pessimism             -0.227     0.696    
    SLICE_X122Y66        FDCE (Remov_fdce_C_CLR)     -0.050     0.646    dbg_hub/inst/CORE_XSDB.UUT_MASTER/U_XSDB_BUS_CONTROLLER/U_RD_ABORT_FLAG/G_NEG_EDGE.flag_reg
  -------------------------------------------------------------------
                         required time                         -0.646    
                         arrival time                           0.938    
  -------------------------------------------------------------------
                         slack                                  0.292    

Slack (MET) :             0.293ns  (arrival time - required time)
  Source:                 dbg_hub/inst/CORE_XSDB.UUT_MASTER/U_ICON_INTERFACE/U_CMD6_RD/U_RD_FIFO/SUBCORE_FIFO.xsdbm_v1_1_1_rdfifo_inst/inst_fifo_gen/gconvfifo.rf/grf.rf/rstblk/ngwrdrst.grst.g7serrst.rst_wr_reg2_reg/C
                            (rising edge-triggered cell FDPE clocked by clk  {rise@0.000ns fall@2.500ns period=5.000ns})
  Destination:            dbg_hub/inst/CORE_XSDB.UUT_MASTER/U_ICON_INTERFACE/U_CMD6_RD/U_RD_FIFO/SUBCORE_FIFO.xsdbm_v1_1_1_rdfifo_inst/inst_fifo_gen/gconvfifo.rf/grf.rf/rstblk/ngwrdrst.grst.g7serrst.wr_rst_asreg_reg/PRE
                            (removal check against rising-edge clock clk  {rise@0.000ns fall@2.500ns period=5.000ns})
  Path Group:             **async_default**
  Path Type:              Removal (Min at Fast Process Corner)
  Requirement:            0.000ns  (clk rise@0.000ns - clk rise@0.000ns)
  Data Path Delay:        0.199ns  (logic 0.107ns (53.872%)  route 0.092ns (46.128%))
  Logic Levels:           0  
  Clock Path Skew:        0.014ns (DCD - SCD - CPR)
    Destination Clock Delay (DCD):    0.900ns
    Source Clock Delay      (SCD):    0.660ns
    Clock Pessimism Removal (CPR):    0.226ns

    Location             Delay type                Incr(ns)  Path(ns)    Netlist Resource(s)
  -------------------------------------------------------------------    -------------------
                         (clock clk rise edge)        0.000     0.000 r  
    BUFGCTRL_X0Y0        BUFG                         0.000     0.000 r  U_BUFG/O
                         net (fo=6205, routed)        0.660     0.660    dbg_hub/inst/CORE_XSDB.UUT_MASTER/U_ICON_INTERFACE/U_CMD6_RD/U_RD_FIFO/SUBCORE_FIFO.xsdbm_v1_1_1_rdfifo_inst/inst_fifo_gen/gconvfifo.rf/grf.rf/rstblk/clk
    SLICE_X108Y58        FDPE                                         r  dbg_hub/inst/CORE_XSDB.UUT_MASTER/U_ICON_INTERFACE/U_CMD6_RD/U_RD_FIFO/SUBCORE_FIFO.xsdbm_v1_1_1_rdfifo_inst/inst_fifo_gen/gconvfifo.rf/grf.rf/rstblk/ngwrdrst.grst.g7serrst.rst_wr_reg2_reg/C
  -------------------------------------------------------------------    -------------------
    SLICE_X108Y58        FDPE (Prop_fdpe_C_Q)         0.107     0.767 f  dbg_hub/inst/CORE_XSDB.UUT_MASTER/U_ICON_INTERFACE/U_CMD6_RD/U_RD_FIFO/SUBCORE_FIFO.xsdbm_v1_1_1_rdfifo_inst/inst_fifo_gen/gconvfifo.rf/grf.rf/rstblk/ngwrdrst.grst.g7serrst.rst_wr_reg2_reg/Q
                         net (fo=1, routed)           0.092     0.859    dbg_hub/inst/CORE_XSDB.UUT_MASTER/U_ICON_INTERFACE/U_CMD6_RD/U_RD_FIFO/SUBCORE_FIFO.xsdbm_v1_1_1_rdfifo_inst/inst_fifo_gen/gconvfifo.rf/grf.rf/rstblk/rst_wr_reg2
    SLICE_X109Y59        FDPE                                         f  dbg_hub/inst/CORE_XSDB.UUT_MASTER/U_ICON_INTERFACE/U_CMD6_RD/U_RD_FIFO/SUBCORE_FIFO.xsdbm_v1_1_1_rdfifo_inst/inst_fifo_gen/gconvfifo.rf/grf.rf/rstblk/ngwrdrst.grst.g7serrst.wr_rst_asreg_reg/PRE
  -------------------------------------------------------------------    -------------------

                         (clock clk rise edge)        0.000     0.000 r  
    BUFGCTRL_X0Y0        BUFG                         0.000     0.000 r  U_BUFG/O
                         net (fo=6205, routed)        0.900     0.900    dbg_hub/inst/CORE_XSDB.UUT_MASTER/U_ICON_INTERFACE/U_CMD6_RD/U_RD_FIFO/SUBCORE_FIFO.xsdbm_v1_1_1_rdfifo_inst/inst_fifo_gen/gconvfifo.rf/grf.rf/rstblk/clk
    SLICE_X109Y59        FDPE                                         r  dbg_hub/inst/CORE_XSDB.UUT_MASTER/U_ICON_INTERFACE/U_CMD6_RD/U_RD_FIFO/SUBCORE_FIFO.xsdbm_v1_1_1_rdfifo_inst/inst_fifo_gen/gconvfifo.rf/grf.rf/rstblk/ngwrdrst.grst.g7serrst.wr_rst_asreg_reg/C
                         clock pessimism             -0.226     0.674    
    SLICE_X109Y59        FDPE (Remov_fdpe_C_PRE)     -0.108     0.566    dbg_hub/inst/CORE_XSDB.UUT_MASTER/U_ICON_INTERFACE/U_CMD6_RD/U_RD_FIFO/SUBCORE_FIFO.xsdbm_v1_1_1_rdfifo_inst/inst_fifo_gen/gconvfifo.rf/grf.rf/rstblk/ngwrdrst.grst.g7serrst.wr_rst_asreg_reg
  -------------------------------------------------------------------
                         required time                         -0.566    
                         arrival time                           0.859    
  -------------------------------------------------------------------
                         slack                                  0.293    

Slack (MET) :             0.293ns  (arrival time - required time)
  Source:                 dbg_hub/inst/CORE_XSDB.UUT_MASTER/U_ICON_INTERFACE/U_CMD6_RD/U_RD_FIFO/SUBCORE_FIFO.xsdbm_v1_1_1_rdfifo_inst/inst_fifo_gen/gconvfifo.rf/grf.rf/rstblk/ngwrdrst.grst.g7serrst.wr_rst_reg_reg[1]/C
                            (rising edge-triggered cell FDPE clocked by clk  {rise@0.000ns fall@2.500ns period=5.000ns})
  Destination:            dbg_hub/inst/CORE_XSDB.UUT_MASTER/U_ICON_INTERFACE/U_CMD6_RD/U_RD_FIFO/SUBCORE_FIFO.xsdbm_v1_1_1_rdfifo_inst/inst_fifo_gen/gconvfifo.rf/grf.rf/gntv_or_sync_fifo.gl0.wr/wpntr/gic0.gc0.count_d1_reg[2]/CLR
                            (removal check against rising-edge clock clk  {rise@0.000ns fall@2.500ns period=5.000ns})
  Path Group:             **async_default**
  Path Type:              Removal (Min at Fast Process Corner)
  Requirement:            0.000ns  (clk rise@0.000ns - clk rise@0.000ns)
  Data Path Delay:        0.256ns  (logic 0.118ns (46.073%)  route 0.138ns (53.927%))
  Logic Levels:           0  
  Clock Path Skew:        0.013ns (DCD - SCD - CPR)
    Destination Clock Delay (DCD):    0.901ns
    Source Clock Delay      (SCD):    0.662ns
    Clock Pessimism Removal (CPR):    0.226ns

    Location             Delay type                Incr(ns)  Path(ns)    Netlist Resource(s)
  -------------------------------------------------------------------    -------------------
                         (clock clk rise edge)        0.000     0.000 r  
    BUFGCTRL_X0Y0        BUFG                         0.000     0.000 r  U_BUFG/O
                         net (fo=6205, routed)        0.662     0.662    dbg_hub/inst/CORE_XSDB.UUT_MASTER/U_ICON_INTERFACE/U_CMD6_RD/U_RD_FIFO/SUBCORE_FIFO.xsdbm_v1_1_1_rdfifo_inst/inst_fifo_gen/gconvfifo.rf/grf.rf/rstblk/clk
    SLICE_X118Y59        FDPE                                         r  dbg_hub/inst/CORE_XSDB.UUT_MASTER/U_ICON_INTERFACE/U_CMD6_RD/U_RD_FIFO/SUBCORE_FIFO.xsdbm_v1_1_1_rdfifo_inst/inst_fifo_gen/gconvfifo.rf/grf.rf/rstblk/ngwrdrst.grst.g7serrst.wr_rst_reg_reg[1]/C
  -------------------------------------------------------------------    -------------------
    SLICE_X118Y59        FDPE (Prop_fdpe_C_Q)         0.118     0.780 f  dbg_hub/inst/CORE_XSDB.UUT_MASTER/U_ICON_INTERFACE/U_CMD6_RD/U_RD_FIFO/SUBCORE_FIFO.xsdbm_v1_1_1_rdfifo_inst/inst_fifo_gen/gconvfifo.rf/grf.rf/rstblk/ngwrdrst.grst.g7serrst.wr_rst_reg_reg[1]/Q
                         net (fo=12, routed)          0.138     0.918    dbg_hub/inst/CORE_XSDB.UUT_MASTER/U_ICON_INTERFACE/U_CMD6_RD/U_RD_FIFO/SUBCORE_FIFO.xsdbm_v1_1_1_rdfifo_inst/inst_fifo_gen/gconvfifo.rf/grf.rf/gntv_or_sync_fifo.gl0.wr/wpntr/Q[0]
    SLICE_X120Y60        FDCE                                         f  dbg_hub/inst/CORE_XSDB.UUT_MASTER/U_ICON_INTERFACE/U_CMD6_RD/U_RD_FIFO/SUBCORE_FIFO.xsdbm_v1_1_1_rdfifo_inst/inst_fifo_gen/gconvfifo.rf/grf.rf/gntv_or_sync_fifo.gl0.wr/wpntr/gic0.gc0.count_d1_reg[2]/CLR
  -------------------------------------------------------------------    -------------------

                         (clock clk rise edge)        0.000     0.000 r  
    BUFGCTRL_X0Y0        BUFG                         0.000     0.000 r  U_BUFG/O
                         net (fo=6205, routed)        0.901     0.901    dbg_hub/inst/CORE_XSDB.UUT_MASTER/U_ICON_INTERFACE/U_CMD6_RD/U_RD_FIFO/SUBCORE_FIFO.xsdbm_v1_1_1_rdfifo_inst/inst_fifo_gen/gconvfifo.rf/grf.rf/gntv_or_sync_fifo.gl0.wr/wpntr/clk
    SLICE_X120Y60        FDCE                                         r  dbg_hub/inst/CORE_XSDB.UUT_MASTER/U_ICON_INTERFACE/U_CMD6_RD/U_RD_FIFO/SUBCORE_FIFO.xsdbm_v1_1_1_rdfifo_inst/inst_fifo_gen/gconvfifo.rf/grf.rf/gntv_or_sync_fifo.gl0.wr/wpntr/gic0.gc0.count_d1_reg[2]/C
                         clock pessimism             -0.226     0.675    
    SLICE_X120Y60        FDCE (Remov_fdce_C_CLR)     -0.050     0.625    dbg_hub/inst/CORE_XSDB.UUT_MASTER/U_ICON_INTERFACE/U_CMD6_RD/U_RD_FIFO/SUBCORE_FIFO.xsdbm_v1_1_1_rdfifo_inst/inst_fifo_gen/gconvfifo.rf/grf.rf/gntv_or_sync_fifo.gl0.wr/wpntr/gic0.gc0.count_d1_reg[2]
  -------------------------------------------------------------------
                         required time                         -0.625    
                         arrival time                           0.918    
  -------------------------------------------------------------------
                         slack                                  0.293    

Slack (MET) :             0.293ns  (arrival time - required time)
  Source:                 dbg_hub/inst/CORE_XSDB.UUT_MASTER/U_ICON_INTERFACE/U_CMD6_RD/U_RD_FIFO/SUBCORE_FIFO.xsdbm_v1_1_1_rdfifo_inst/inst_fifo_gen/gconvfifo.rf/grf.rf/rstblk/ngwrdrst.grst.g7serrst.wr_rst_reg_reg[1]/C
                            (rising edge-triggered cell FDPE clocked by clk  {rise@0.000ns fall@2.500ns period=5.000ns})
  Destination:            dbg_hub/inst/CORE_XSDB.UUT_MASTER/U_ICON_INTERFACE/U_CMD6_RD/U_RD_FIFO/SUBCORE_FIFO.xsdbm_v1_1_1_rdfifo_inst/inst_fifo_gen/gconvfifo.rf/grf.rf/gntv_or_sync_fifo.gl0.wr/wpntr/gic0.gc0.count_d1_reg[3]/CLR
                            (removal check against rising-edge clock clk  {rise@0.000ns fall@2.500ns period=5.000ns})
  Path Group:             **async_default**
  Path Type:              Removal (Min at Fast Process Corner)
  Requirement:            0.000ns  (clk rise@0.000ns - clk rise@0.000ns)
  Data Path Delay:        0.256ns  (logic 0.118ns (46.073%)  route 0.138ns (53.927%))
  Logic Levels:           0  
  Clock Path Skew:        0.013ns (DCD - SCD - CPR)
    Destination Clock Delay (DCD):    0.901ns
    Source Clock Delay      (SCD):    0.662ns
    Clock Pessimism Removal (CPR):    0.226ns

    Location             Delay type                Incr(ns)  Path(ns)    Netlist Resource(s)
  -------------------------------------------------------------------    -------------------
                         (clock clk rise edge)        0.000     0.000 r  
    BUFGCTRL_X0Y0        BUFG                         0.000     0.000 r  U_BUFG/O
                         net (fo=6205, routed)        0.662     0.662    dbg_hub/inst/CORE_XSDB.UUT_MASTER/U_ICON_INTERFACE/U_CMD6_RD/U_RD_FIFO/SUBCORE_FIFO.xsdbm_v1_1_1_rdfifo_inst/inst_fifo_gen/gconvfifo.rf/grf.rf/rstblk/clk
    SLICE_X118Y59        FDPE                                         r  dbg_hub/inst/CORE_XSDB.UUT_MASTER/U_ICON_INTERFACE/U_CMD6_RD/U_RD_FIFO/SUBCORE_FIFO.xsdbm_v1_1_1_rdfifo_inst/inst_fifo_gen/gconvfifo.rf/grf.rf/rstblk/ngwrdrst.grst.g7serrst.wr_rst_reg_reg[1]/C
  -------------------------------------------------------------------    -------------------
    SLICE_X118Y59        FDPE (Prop_fdpe_C_Q)         0.118     0.780 f  dbg_hub/inst/CORE_XSDB.UUT_MASTER/U_ICON_INTERFACE/U_CMD6_RD/U_RD_FIFO/SUBCORE_FIFO.xsdbm_v1_1_1_rdfifo_inst/inst_fifo_gen/gconvfifo.rf/grf.rf/rstblk/ngwrdrst.grst.g7serrst.wr_rst_reg_reg[1]/Q
                         net (fo=12, routed)          0.138     0.918    dbg_hub/inst/CORE_XSDB.UUT_MASTER/U_ICON_INTERFACE/U_CMD6_RD/U_RD_FIFO/SUBCORE_FIFO.xsdbm_v1_1_1_rdfifo_inst/inst_fifo_gen/gconvfifo.rf/grf.rf/gntv_or_sync_fifo.gl0.wr/wpntr/Q[0]
    SLICE_X120Y60        FDCE                                         f  dbg_hub/inst/CORE_XSDB.UUT_MASTER/U_ICON_INTERFACE/U_CMD6_RD/U_RD_FIFO/SUBCORE_FIFO.xsdbm_v1_1_1_rdfifo_inst/inst_fifo_gen/gconvfifo.rf/grf.rf/gntv_or_sync_fifo.gl0.wr/wpntr/gic0.gc0.count_d1_reg[3]/CLR
  -------------------------------------------------------------------    -------------------

                         (clock clk rise edge)        0.000     0.000 r  
    BUFGCTRL_X0Y0        BUFG                         0.000     0.000 r  U_BUFG/O
                         net (fo=6205, routed)        0.901     0.901    dbg_hub/inst/CORE_XSDB.UUT_MASTER/U_ICON_INTERFACE/U_CMD6_RD/U_RD_FIFO/SUBCORE_FIFO.xsdbm_v1_1_1_rdfifo_inst/inst_fifo_gen/gconvfifo.rf/grf.rf/gntv_or_sync_fifo.gl0.wr/wpntr/clk
    SLICE_X120Y60        FDCE                                         r  dbg_hub/inst/CORE_XSDB.UUT_MASTER/U_ICON_INTERFACE/U_CMD6_RD/U_RD_FIFO/SUBCORE_FIFO.xsdbm_v1_1_1_rdfifo_inst/inst_fifo_gen/gconvfifo.rf/grf.rf/gntv_or_sync_fifo.gl0.wr/wpntr/gic0.gc0.count_d1_reg[3]/C
                         clock pessimism             -0.226     0.675    
    SLICE_X120Y60        FDCE (Remov_fdce_C_CLR)     -0.050     0.625    dbg_hub/inst/CORE_XSDB.UUT_MASTER/U_ICON_INTERFACE/U_CMD6_RD/U_RD_FIFO/SUBCORE_FIFO.xsdbm_v1_1_1_rdfifo_inst/inst_fifo_gen/gconvfifo.rf/grf.rf/gntv_or_sync_fifo.gl0.wr/wpntr/gic0.gc0.count_d1_reg[3]
  -------------------------------------------------------------------
                         required time                         -0.625    
                         arrival time                           0.918    
  -------------------------------------------------------------------
                         slack                                  0.293    

Slack (MET) :             0.293ns  (arrival time - required time)
  Source:                 dbg_hub/inst/CORE_XSDB.UUT_MASTER/U_ICON_INTERFACE/U_CMD6_RD/U_RD_FIFO/SUBCORE_FIFO.xsdbm_v1_1_1_rdfifo_inst/inst_fifo_gen/gconvfifo.rf/grf.rf/rstblk/ngwrdrst.grst.g7serrst.wr_rst_reg_reg[1]/C
                            (rising edge-triggered cell FDPE clocked by clk  {rise@0.000ns fall@2.500ns period=5.000ns})
  Destination:            dbg_hub/inst/CORE_XSDB.UUT_MASTER/U_ICON_INTERFACE/U_CMD6_RD/U_RD_FIFO/SUBCORE_FIFO.xsdbm_v1_1_1_rdfifo_inst/inst_fifo_gen/gconvfifo.rf/grf.rf/gntv_or_sync_fifo.gl0.wr/wpntr/gic0.gc0.count_d2_reg[3]/CLR
                            (removal check against rising-edge clock clk  {rise@0.000ns fall@2.500ns period=5.000ns})
  Path Group:             **async_default**
  Path Type:              Removal (Min at Fast Process Corner)
  Requirement:            0.000ns  (clk rise@0.000ns - clk rise@0.000ns)
  Data Path Delay:        0.256ns  (logic 0.118ns (46.073%)  route 0.138ns (53.927%))
  Logic Levels:           0  
  Clock Path Skew:        0.013ns (DCD - SCD - CPR)
    Destination Clock Delay (DCD):    0.901ns
    Source Clock Delay      (SCD):    0.662ns
    Clock Pessimism Removal (CPR):    0.226ns

    Location             Delay type                Incr(ns)  Path(ns)    Netlist Resource(s)
  -------------------------------------------------------------------    -------------------
                         (clock clk rise edge)        0.000     0.000 r  
    BUFGCTRL_X0Y0        BUFG                         0.000     0.000 r  U_BUFG/O
                         net (fo=6205, routed)        0.662     0.662    dbg_hub/inst/CORE_XSDB.UUT_MASTER/U_ICON_INTERFACE/U_CMD6_RD/U_RD_FIFO/SUBCORE_FIFO.xsdbm_v1_1_1_rdfifo_inst/inst_fifo_gen/gconvfifo.rf/grf.rf/rstblk/clk
    SLICE_X118Y59        FDPE                                         r  dbg_hub/inst/CORE_XSDB.UUT_MASTER/U_ICON_INTERFACE/U_CMD6_RD/U_RD_FIFO/SUBCORE_FIFO.xsdbm_v1_1_1_rdfifo_inst/inst_fifo_gen/gconvfifo.rf/grf.rf/rstblk/ngwrdrst.grst.g7serrst.wr_rst_reg_reg[1]/C
  -------------------------------------------------------------------    -------------------
    SLICE_X118Y59        FDPE (Prop_fdpe_C_Q)         0.118     0.780 f  dbg_hub/inst/CORE_XSDB.UUT_MASTER/U_ICON_INTERFACE/U_CMD6_RD/U_RD_FIFO/SUBCORE_FIFO.xsdbm_v1_1_1_rdfifo_inst/inst_fifo_gen/gconvfifo.rf/grf.rf/rstblk/ngwrdrst.grst.g7serrst.wr_rst_reg_reg[1]/Q
                         net (fo=12, routed)          0.138     0.918    dbg_hub/inst/CORE_XSDB.UUT_MASTER/U_ICON_INTERFACE/U_CMD6_RD/U_RD_FIFO/SUBCORE_FIFO.xsdbm_v1_1_1_rdfifo_inst/inst_fifo_gen/gconvfifo.rf/grf.rf/gntv_or_sync_fifo.gl0.wr/wpntr/Q[0]
    SLICE_X120Y60        FDCE                                         f  dbg_hub/inst/CORE_XSDB.UUT_MASTER/U_ICON_INTERFACE/U_CMD6_RD/U_RD_FIFO/SUBCORE_FIFO.xsdbm_v1_1_1_rdfifo_inst/inst_fifo_gen/gconvfifo.rf/grf.rf/gntv_or_sync_fifo.gl0.wr/wpntr/gic0.gc0.count_d2_reg[3]/CLR
  -------------------------------------------------------------------    -------------------

                         (clock clk rise edge)        0.000     0.000 r  
    BUFGCTRL_X0Y0        BUFG                         0.000     0.000 r  U_BUFG/O
                         net (fo=6205, routed)        0.901     0.901    dbg_hub/inst/CORE_XSDB.UUT_MASTER/U_ICON_INTERFACE/U_CMD6_RD/U_RD_FIFO/SUBCORE_FIFO.xsdbm_v1_1_1_rdfifo_inst/inst_fifo_gen/gconvfifo.rf/grf.rf/gntv_or_sync_fifo.gl0.wr/wpntr/clk
    SLICE_X120Y60        FDCE                                         r  dbg_hub/inst/CORE_XSDB.UUT_MASTER/U_ICON_INTERFACE/U_CMD6_RD/U_RD_FIFO/SUBCORE_FIFO.xsdbm_v1_1_1_rdfifo_inst/inst_fifo_gen/gconvfifo.rf/grf.rf/gntv_or_sync_fifo.gl0.wr/wpntr/gic0.gc0.count_d2_reg[3]/C
                         clock pessimism             -0.226     0.675    
    SLICE_X120Y60        FDCE (Remov_fdce_C_CLR)     -0.050     0.625    dbg_hub/inst/CORE_XSDB.UUT_MASTER/U_ICON_INTERFACE/U_CMD6_RD/U_RD_FIFO/SUBCORE_FIFO.xsdbm_v1_1_1_rdfifo_inst/inst_fifo_gen/gconvfifo.rf/grf.rf/gntv_or_sync_fifo.gl0.wr/wpntr/gic0.gc0.count_d2_reg[3]
  -------------------------------------------------------------------
                         required time                         -0.625    
                         arrival time                           0.918    
  -------------------------------------------------------------------
                         slack                                  0.293    

Slack (MET) :             0.293ns  (arrival time - required time)
  Source:                 dbg_hub/inst/CORE_XSDB.UUT_MASTER/U_ICON_INTERFACE/U_CMD6_RD/U_RD_FIFO/SUBCORE_FIFO.xsdbm_v1_1_1_rdfifo_inst/inst_fifo_gen/gconvfifo.rf/grf.rf/rstblk/ngwrdrst.grst.g7serrst.wr_rst_reg_reg[1]/C
                            (rising edge-triggered cell FDPE clocked by clk  {rise@0.000ns fall@2.500ns period=5.000ns})
  Destination:            dbg_hub/inst/CORE_XSDB.UUT_MASTER/U_ICON_INTERFACE/U_CMD6_RD/U_RD_FIFO/SUBCORE_FIFO.xsdbm_v1_1_1_rdfifo_inst/inst_fifo_gen/gconvfifo.rf/grf.rf/gntv_or_sync_fifo.gl0.wr/wpntr/gic0.gc0.count_reg[2]/CLR
                            (removal check against rising-edge clock clk  {rise@0.000ns fall@2.500ns period=5.000ns})
  Path Group:             **async_default**
  Path Type:              Removal (Min at Fast Process Corner)
  Requirement:            0.000ns  (clk rise@0.000ns - clk rise@0.000ns)
  Data Path Delay:        0.256ns  (logic 0.118ns (46.073%)  route 0.138ns (53.927%))
  Logic Levels:           0  
  Clock Path Skew:        0.013ns (DCD - SCD - CPR)
    Destination Clock Delay (DCD):    0.901ns
    Source Clock Delay      (SCD):    0.662ns
    Clock Pessimism Removal (CPR):    0.226ns

    Location             Delay type                Incr(ns)  Path(ns)    Netlist Resource(s)
  -------------------------------------------------------------------    -------------------
                         (clock clk rise edge)        0.000     0.000 r  
    BUFGCTRL_X0Y0        BUFG                         0.000     0.000 r  U_BUFG/O
                         net (fo=6205, routed)        0.662     0.662    dbg_hub/inst/CORE_XSDB.UUT_MASTER/U_ICON_INTERFACE/U_CMD6_RD/U_RD_FIFO/SUBCORE_FIFO.xsdbm_v1_1_1_rdfifo_inst/inst_fifo_gen/gconvfifo.rf/grf.rf/rstblk/clk
    SLICE_X118Y59        FDPE                                         r  dbg_hub/inst/CORE_XSDB.UUT_MASTER/U_ICON_INTERFACE/U_CMD6_RD/U_RD_FIFO/SUBCORE_FIFO.xsdbm_v1_1_1_rdfifo_inst/inst_fifo_gen/gconvfifo.rf/grf.rf/rstblk/ngwrdrst.grst.g7serrst.wr_rst_reg_reg[1]/C
  -------------------------------------------------------------------    -------------------
    SLICE_X118Y59        FDPE (Prop_fdpe_C_Q)         0.118     0.780 f  dbg_hub/inst/CORE_XSDB.UUT_MASTER/U_ICON_INTERFACE/U_CMD6_RD/U_RD_FIFO/SUBCORE_FIFO.xsdbm_v1_1_1_rdfifo_inst/inst_fifo_gen/gconvfifo.rf/grf.rf/rstblk/ngwrdrst.grst.g7serrst.wr_rst_reg_reg[1]/Q
                         net (fo=12, routed)          0.138     0.918    dbg_hub/inst/CORE_XSDB.UUT_MASTER/U_ICON_INTERFACE/U_CMD6_RD/U_RD_FIFO/SUBCORE_FIFO.xsdbm_v1_1_1_rdfifo_inst/inst_fifo_gen/gconvfifo.rf/grf.rf/gntv_or_sync_fifo.gl0.wr/wpntr/Q[0]
    SLICE_X120Y60        FDCE                                         f  dbg_hub/inst/CORE_XSDB.UUT_MASTER/U_ICON_INTERFACE/U_CMD6_RD/U_RD_FIFO/SUBCORE_FIFO.xsdbm_v1_1_1_rdfifo_inst/inst_fifo_gen/gconvfifo.rf/grf.rf/gntv_or_sync_fifo.gl0.wr/wpntr/gic0.gc0.count_reg[2]/CLR
  -------------------------------------------------------------------    -------------------

                         (clock clk rise edge)        0.000     0.000 r  
    BUFGCTRL_X0Y0        BUFG                         0.000     0.000 r  U_BUFG/O
                         net (fo=6205, routed)        0.901     0.901    dbg_hub/inst/CORE_XSDB.UUT_MASTER/U_ICON_INTERFACE/U_CMD6_RD/U_RD_FIFO/SUBCORE_FIFO.xsdbm_v1_1_1_rdfifo_inst/inst_fifo_gen/gconvfifo.rf/grf.rf/gntv_or_sync_fifo.gl0.wr/wpntr/clk
    SLICE_X120Y60        FDCE                                         r  dbg_hub/inst/CORE_XSDB.UUT_MASTER/U_ICON_INTERFACE/U_CMD6_RD/U_RD_FIFO/SUBCORE_FIFO.xsdbm_v1_1_1_rdfifo_inst/inst_fifo_gen/gconvfifo.rf/grf.rf/gntv_or_sync_fifo.gl0.wr/wpntr/gic0.gc0.count_reg[2]/C
                         clock pessimism             -0.226     0.675    
    SLICE_X120Y60        FDCE (Remov_fdce_C_CLR)     -0.050     0.625    dbg_hub/inst/CORE_XSDB.UUT_MASTER/U_ICON_INTERFACE/U_CMD6_RD/U_RD_FIFO/SUBCORE_FIFO.xsdbm_v1_1_1_rdfifo_inst/inst_fifo_gen/gconvfifo.rf/grf.rf/gntv_or_sync_fifo.gl0.wr/wpntr/gic0.gc0.count_reg[2]
  -------------------------------------------------------------------
                         required time                         -0.625    
                         arrival time                           0.918    
  -------------------------------------------------------------------
                         slack                                  0.293    

Slack (MET) :             0.293ns  (arrival time - required time)
  Source:                 dbg_hub/inst/CORE_XSDB.UUT_MASTER/U_ICON_INTERFACE/U_CMD6_RD/U_RD_FIFO/SUBCORE_FIFO.xsdbm_v1_1_1_rdfifo_inst/inst_fifo_gen/gconvfifo.rf/grf.rf/rstblk/ngwrdrst.grst.g7serrst.wr_rst_reg_reg[1]/C
                            (rising edge-triggered cell FDPE clocked by clk  {rise@0.000ns fall@2.500ns period=5.000ns})
  Destination:            dbg_hub/inst/CORE_XSDB.UUT_MASTER/U_ICON_INTERFACE/U_CMD6_RD/U_RD_FIFO/SUBCORE_FIFO.xsdbm_v1_1_1_rdfifo_inst/inst_fifo_gen/gconvfifo.rf/grf.rf/gntv_or_sync_fifo.gl0.wr/wpntr/gic0.gc0.count_reg[3]/CLR
                            (removal check against rising-edge clock clk  {rise@0.000ns fall@2.500ns period=5.000ns})
  Path Group:             **async_default**
  Path Type:              Removal (Min at Fast Process Corner)
  Requirement:            0.000ns  (clk rise@0.000ns - clk rise@0.000ns)
  Data Path Delay:        0.256ns  (logic 0.118ns (46.073%)  route 0.138ns (53.927%))
  Logic Levels:           0  
  Clock Path Skew:        0.013ns (DCD - SCD - CPR)
    Destination Clock Delay (DCD):    0.901ns
    Source Clock Delay      (SCD):    0.662ns
    Clock Pessimism Removal (CPR):    0.226ns

    Location             Delay type                Incr(ns)  Path(ns)    Netlist Resource(s)
  -------------------------------------------------------------------    -------------------
                         (clock clk rise edge)        0.000     0.000 r  
    BUFGCTRL_X0Y0        BUFG                         0.000     0.000 r  U_BUFG/O
                         net (fo=6205, routed)        0.662     0.662    dbg_hub/inst/CORE_XSDB.UUT_MASTER/U_ICON_INTERFACE/U_CMD6_RD/U_RD_FIFO/SUBCORE_FIFO.xsdbm_v1_1_1_rdfifo_inst/inst_fifo_gen/gconvfifo.rf/grf.rf/rstblk/clk
    SLICE_X118Y59        FDPE                                         r  dbg_hub/inst/CORE_XSDB.UUT_MASTER/U_ICON_INTERFACE/U_CMD6_RD/U_RD_FIFO/SUBCORE_FIFO.xsdbm_v1_1_1_rdfifo_inst/inst_fifo_gen/gconvfifo.rf/grf.rf/rstblk/ngwrdrst.grst.g7serrst.wr_rst_reg_reg[1]/C
  -------------------------------------------------------------------    -------------------
    SLICE_X118Y59        FDPE (Prop_fdpe_C_Q)         0.118     0.780 f  dbg_hub/inst/CORE_XSDB.UUT_MASTER/U_ICON_INTERFACE/U_CMD6_RD/U_RD_FIFO/SUBCORE_FIFO.xsdbm_v1_1_1_rdfifo_inst/inst_fifo_gen/gconvfifo.rf/grf.rf/rstblk/ngwrdrst.grst.g7serrst.wr_rst_reg_reg[1]/Q
                         net (fo=12, routed)          0.138     0.918    dbg_hub/inst/CORE_XSDB.UUT_MASTER/U_ICON_INTERFACE/U_CMD6_RD/U_RD_FIFO/SUBCORE_FIFO.xsdbm_v1_1_1_rdfifo_inst/inst_fifo_gen/gconvfifo.rf/grf.rf/gntv_or_sync_fifo.gl0.wr/wpntr/Q[0]
    SLICE_X120Y60        FDCE                                         f  dbg_hub/inst/CORE_XSDB.UUT_MASTER/U_ICON_INTERFACE/U_CMD6_RD/U_RD_FIFO/SUBCORE_FIFO.xsdbm_v1_1_1_rdfifo_inst/inst_fifo_gen/gconvfifo.rf/grf.rf/gntv_or_sync_fifo.gl0.wr/wpntr/gic0.gc0.count_reg[3]/CLR
  -------------------------------------------------------------------    -------------------

                         (clock clk rise edge)        0.000     0.000 r  
    BUFGCTRL_X0Y0        BUFG                         0.000     0.000 r  U_BUFG/O
                         net (fo=6205, routed)        0.901     0.901    dbg_hub/inst/CORE_XSDB.UUT_MASTER/U_ICON_INTERFACE/U_CMD6_RD/U_RD_FIFO/SUBCORE_FIFO.xsdbm_v1_1_1_rdfifo_inst/inst_fifo_gen/gconvfifo.rf/grf.rf/gntv_or_sync_fifo.gl0.wr/wpntr/clk
    SLICE_X120Y60        FDCE                                         r  dbg_hub/inst/CORE_XSDB.UUT_MASTER/U_ICON_INTERFACE/U_CMD6_RD/U_RD_FIFO/SUBCORE_FIFO.xsdbm_v1_1_1_rdfifo_inst/inst_fifo_gen/gconvfifo.rf/grf.rf/gntv_or_sync_fifo.gl0.wr/wpntr/gic0.gc0.count_reg[3]/C
                         clock pessimism             -0.226     0.675    
    SLICE_X120Y60        FDCE (Remov_fdce_C_CLR)     -0.050     0.625    dbg_hub/inst/CORE_XSDB.UUT_MASTER/U_ICON_INTERFACE/U_CMD6_RD/U_RD_FIFO/SUBCORE_FIFO.xsdbm_v1_1_1_rdfifo_inst/inst_fifo_gen/gconvfifo.rf/grf.rf/gntv_or_sync_fifo.gl0.wr/wpntr/gic0.gc0.count_reg[3]
  -------------------------------------------------------------------
                         required time                         -0.625    
                         arrival time                           0.918    
  -------------------------------------------------------------------
                         slack                                  0.293    

Slack (MET) :             0.338ns  (arrival time - required time)
  Source:                 dbg_hub/inst/CORE_XSDB.UUT_MASTER/U_ICON_INTERFACE/U_CMD6_RD/U_RD_FIFO/SUBCORE_FIFO.xsdbm_v1_1_1_rdfifo_inst/inst_fifo_gen/gconvfifo.rf/grf.rf/rstblk/ngwrdrst.grst.g7serrst.wr_rst_reg_reg[0]/C
                            (rising edge-triggered cell FDPE clocked by clk  {rise@0.000ns fall@2.500ns period=5.000ns})
  Destination:            dbg_hub/inst/CORE_XSDB.UUT_MASTER/U_ICON_INTERFACE/U_CMD6_RD/U_RD_FIFO/SUBCORE_FIFO.xsdbm_v1_1_1_rdfifo_inst/inst_fifo_gen/gconvfifo.rf/grf.rf/gntv_or_sync_fifo.gcx.clkx/wr_pntr_gc_reg[0]/CLR
                            (removal check against rising-edge clock clk  {rise@0.000ns fall@2.500ns period=5.000ns})
  Path Group:             **async_default**
  Path Type:              Removal (Min at Fast Process Corner)
  Requirement:            0.000ns  (clk rise@0.000ns - clk rise@0.000ns)
  Data Path Delay:        0.301ns  (logic 0.118ns (39.183%)  route 0.183ns (60.817%))
  Logic Levels:           0  
  Clock Path Skew:        0.013ns (DCD - SCD - CPR)
    Destination Clock Delay (DCD):    0.901ns
    Source Clock Delay      (SCD):    0.662ns
    Clock Pessimism Removal (CPR):    0.226ns

    Location             Delay type                Incr(ns)  Path(ns)    Netlist Resource(s)
  -------------------------------------------------------------------    -------------------
                         (clock clk rise edge)        0.000     0.000 r  
    BUFGCTRL_X0Y0        BUFG                         0.000     0.000 r  U_BUFG/O
                         net (fo=6205, routed)        0.662     0.662    dbg_hub/inst/CORE_XSDB.UUT_MASTER/U_ICON_INTERFACE/U_CMD6_RD/U_RD_FIFO/SUBCORE_FIFO.xsdbm_v1_1_1_rdfifo_inst/inst_fifo_gen/gconvfifo.rf/grf.rf/rstblk/clk
    SLICE_X118Y59        FDPE                                         r  dbg_hub/inst/CORE_XSDB.UUT_MASTER/U_ICON_INTERFACE/U_CMD6_RD/U_RD_FIFO/SUBCORE_FIFO.xsdbm_v1_1_1_rdfifo_inst/inst_fifo_gen/gconvfifo.rf/grf.rf/rstblk/ngwrdrst.grst.g7serrst.wr_rst_reg_reg[0]/C
  -------------------------------------------------------------------    -------------------
    SLICE_X118Y59        FDPE (Prop_fdpe_C_Q)         0.118     0.780 f  dbg_hub/inst/CORE_XSDB.UUT_MASTER/U_ICON_INTERFACE/U_CMD6_RD/U_RD_FIFO/SUBCORE_FIFO.xsdbm_v1_1_1_rdfifo_inst/inst_fifo_gen/gconvfifo.rf/grf.rf/rstblk/ngwrdrst.grst.g7serrst.wr_rst_reg_reg[0]/Q
                         net (fo=18, routed)          0.183     0.963    dbg_hub/inst/CORE_XSDB.UUT_MASTER/U_ICON_INTERFACE/U_CMD6_RD/U_RD_FIFO/SUBCORE_FIFO.xsdbm_v1_1_1_rdfifo_inst/inst_fifo_gen/gconvfifo.rf/grf.rf/gntv_or_sync_fifo.gcx.clkx/ngwrdrst.grst.g7serrst.wr_rst_reg_reg[0][0]
    SLICE_X118Y60        FDCE                                         f  dbg_hub/inst/CORE_XSDB.UUT_MASTER/U_ICON_INTERFACE/U_CMD6_RD/U_RD_FIFO/SUBCORE_FIFO.xsdbm_v1_1_1_rdfifo_inst/inst_fifo_gen/gconvfifo.rf/grf.rf/gntv_or_sync_fifo.gcx.clkx/wr_pntr_gc_reg[0]/CLR
  -------------------------------------------------------------------    -------------------

                         (clock clk rise edge)        0.000     0.000 r  
    BUFGCTRL_X0Y0        BUFG                         0.000     0.000 r  U_BUFG/O
                         net (fo=6205, routed)        0.901     0.901    dbg_hub/inst/CORE_XSDB.UUT_MASTER/U_ICON_INTERFACE/U_CMD6_RD/U_RD_FIFO/SUBCORE_FIFO.xsdbm_v1_1_1_rdfifo_inst/inst_fifo_gen/gconvfifo.rf/grf.rf/gntv_or_sync_fifo.gcx.clkx/clk
    SLICE_X118Y60        FDCE                                         r  dbg_hub/inst/CORE_XSDB.UUT_MASTER/U_ICON_INTERFACE/U_CMD6_RD/U_RD_FIFO/SUBCORE_FIFO.xsdbm_v1_1_1_rdfifo_inst/inst_fifo_gen/gconvfifo.rf/grf.rf/gntv_or_sync_fifo.gcx.clkx/wr_pntr_gc_reg[0]/C
                         clock pessimism             -0.226     0.675    
    SLICE_X118Y60        FDCE (Remov_fdce_C_CLR)     -0.050     0.625    dbg_hub/inst/CORE_XSDB.UUT_MASTER/U_ICON_INTERFACE/U_CMD6_RD/U_RD_FIFO/SUBCORE_FIFO.xsdbm_v1_1_1_rdfifo_inst/inst_fifo_gen/gconvfifo.rf/grf.rf/gntv_or_sync_fifo.gcx.clkx/wr_pntr_gc_reg[0]
  -------------------------------------------------------------------
                         required time                         -0.625    
                         arrival time                           0.963    
  -------------------------------------------------------------------
                         slack                                  0.338    

Slack (MET) :             0.338ns  (arrival time - required time)
  Source:                 dbg_hub/inst/CORE_XSDB.UUT_MASTER/U_ICON_INTERFACE/U_CMD6_RD/U_RD_FIFO/SUBCORE_FIFO.xsdbm_v1_1_1_rdfifo_inst/inst_fifo_gen/gconvfifo.rf/grf.rf/rstblk/ngwrdrst.grst.g7serrst.wr_rst_reg_reg[0]/C
                            (rising edge-triggered cell FDPE clocked by clk  {rise@0.000ns fall@2.500ns period=5.000ns})
  Destination:            dbg_hub/inst/CORE_XSDB.UUT_MASTER/U_ICON_INTERFACE/U_CMD6_RD/U_RD_FIFO/SUBCORE_FIFO.xsdbm_v1_1_1_rdfifo_inst/inst_fifo_gen/gconvfifo.rf/grf.rf/gntv_or_sync_fifo.gcx.clkx/wr_pntr_gc_reg[1]/CLR
                            (removal check against rising-edge clock clk  {rise@0.000ns fall@2.500ns period=5.000ns})
  Path Group:             **async_default**
  Path Type:              Removal (Min at Fast Process Corner)
  Requirement:            0.000ns  (clk rise@0.000ns - clk rise@0.000ns)
  Data Path Delay:        0.301ns  (logic 0.118ns (39.183%)  route 0.183ns (60.817%))
  Logic Levels:           0  
  Clock Path Skew:        0.013ns (DCD - SCD - CPR)
    Destination Clock Delay (DCD):    0.901ns
    Source Clock Delay      (SCD):    0.662ns
    Clock Pessimism Removal (CPR):    0.226ns

    Location             Delay type                Incr(ns)  Path(ns)    Netlist Resource(s)
  -------------------------------------------------------------------    -------------------
                         (clock clk rise edge)        0.000     0.000 r  
    BUFGCTRL_X0Y0        BUFG                         0.000     0.000 r  U_BUFG/O
                         net (fo=6205, routed)        0.662     0.662    dbg_hub/inst/CORE_XSDB.UUT_MASTER/U_ICON_INTERFACE/U_CMD6_RD/U_RD_FIFO/SUBCORE_FIFO.xsdbm_v1_1_1_rdfifo_inst/inst_fifo_gen/gconvfifo.rf/grf.rf/rstblk/clk
    SLICE_X118Y59        FDPE                                         r  dbg_hub/inst/CORE_XSDB.UUT_MASTER/U_ICON_INTERFACE/U_CMD6_RD/U_RD_FIFO/SUBCORE_FIFO.xsdbm_v1_1_1_rdfifo_inst/inst_fifo_gen/gconvfifo.rf/grf.rf/rstblk/ngwrdrst.grst.g7serrst.wr_rst_reg_reg[0]/C
  -------------------------------------------------------------------    -------------------
    SLICE_X118Y59        FDPE (Prop_fdpe_C_Q)         0.118     0.780 f  dbg_hub/inst/CORE_XSDB.UUT_MASTER/U_ICON_INTERFACE/U_CMD6_RD/U_RD_FIFO/SUBCORE_FIFO.xsdbm_v1_1_1_rdfifo_inst/inst_fifo_gen/gconvfifo.rf/grf.rf/rstblk/ngwrdrst.grst.g7serrst.wr_rst_reg_reg[0]/Q
                         net (fo=18, routed)          0.183     0.963    dbg_hub/inst/CORE_XSDB.UUT_MASTER/U_ICON_INTERFACE/U_CMD6_RD/U_RD_FIFO/SUBCORE_FIFO.xsdbm_v1_1_1_rdfifo_inst/inst_fifo_gen/gconvfifo.rf/grf.rf/gntv_or_sync_fifo.gcx.clkx/ngwrdrst.grst.g7serrst.wr_rst_reg_reg[0][0]
    SLICE_X118Y60        FDCE                                         f  dbg_hub/inst/CORE_XSDB.UUT_MASTER/U_ICON_INTERFACE/U_CMD6_RD/U_RD_FIFO/SUBCORE_FIFO.xsdbm_v1_1_1_rdfifo_inst/inst_fifo_gen/gconvfifo.rf/grf.rf/gntv_or_sync_fifo.gcx.clkx/wr_pntr_gc_reg[1]/CLR
  -------------------------------------------------------------------    -------------------

                         (clock clk rise edge)        0.000     0.000 r  
    BUFGCTRL_X0Y0        BUFG                         0.000     0.000 r  U_BUFG/O
                         net (fo=6205, routed)        0.901     0.901    dbg_hub/inst/CORE_XSDB.UUT_MASTER/U_ICON_INTERFACE/U_CMD6_RD/U_RD_FIFO/SUBCORE_FIFO.xsdbm_v1_1_1_rdfifo_inst/inst_fifo_gen/gconvfifo.rf/grf.rf/gntv_or_sync_fifo.gcx.clkx/clk
    SLICE_X118Y60        FDCE                                         r  dbg_hub/inst/CORE_XSDB.UUT_MASTER/U_ICON_INTERFACE/U_CMD6_RD/U_RD_FIFO/SUBCORE_FIFO.xsdbm_v1_1_1_rdfifo_inst/inst_fifo_gen/gconvfifo.rf/grf.rf/gntv_or_sync_fifo.gcx.clkx/wr_pntr_gc_reg[1]/C
                         clock pessimism             -0.226     0.675    
    SLICE_X118Y60        FDCE (Remov_fdce_C_CLR)     -0.050     0.625    dbg_hub/inst/CORE_XSDB.UUT_MASTER/U_ICON_INTERFACE/U_CMD6_RD/U_RD_FIFO/SUBCORE_FIFO.xsdbm_v1_1_1_rdfifo_inst/inst_fifo_gen/gconvfifo.rf/grf.rf/gntv_or_sync_fifo.gcx.clkx/wr_pntr_gc_reg[1]
  -------------------------------------------------------------------
                         required time                         -0.625    
                         arrival time                           0.963    
  -------------------------------------------------------------------
                         slack                                  0.338    

Slack (MET) :             0.338ns  (arrival time - required time)
  Source:                 dbg_hub/inst/CORE_XSDB.UUT_MASTER/U_ICON_INTERFACE/U_CMD6_RD/U_RD_FIFO/SUBCORE_FIFO.xsdbm_v1_1_1_rdfifo_inst/inst_fifo_gen/gconvfifo.rf/grf.rf/rstblk/ngwrdrst.grst.g7serrst.wr_rst_reg_reg[0]/C
                            (rising edge-triggered cell FDPE clocked by clk  {rise@0.000ns fall@2.500ns period=5.000ns})
  Destination:            dbg_hub/inst/CORE_XSDB.UUT_MASTER/U_ICON_INTERFACE/U_CMD6_RD/U_RD_FIFO/SUBCORE_FIFO.xsdbm_v1_1_1_rdfifo_inst/inst_fifo_gen/gconvfifo.rf/grf.rf/gntv_or_sync_fifo.gcx.clkx/wr_pntr_gc_reg[2]/CLR
                            (removal check against rising-edge clock clk  {rise@0.000ns fall@2.500ns period=5.000ns})
  Path Group:             **async_default**
  Path Type:              Removal (Min at Fast Process Corner)
  Requirement:            0.000ns  (clk rise@0.000ns - clk rise@0.000ns)
  Data Path Delay:        0.301ns  (logic 0.118ns (39.183%)  route 0.183ns (60.817%))
  Logic Levels:           0  
  Clock Path Skew:        0.013ns (DCD - SCD - CPR)
    Destination Clock Delay (DCD):    0.901ns
    Source Clock Delay      (SCD):    0.662ns
    Clock Pessimism Removal (CPR):    0.226ns

    Location             Delay type                Incr(ns)  Path(ns)    Netlist Resource(s)
  -------------------------------------------------------------------    -------------------
                         (clock clk rise edge)        0.000     0.000 r  
    BUFGCTRL_X0Y0        BUFG                         0.000     0.000 r  U_BUFG/O
                         net (fo=6205, routed)        0.662     0.662    dbg_hub/inst/CORE_XSDB.UUT_MASTER/U_ICON_INTERFACE/U_CMD6_RD/U_RD_FIFO/SUBCORE_FIFO.xsdbm_v1_1_1_rdfifo_inst/inst_fifo_gen/gconvfifo.rf/grf.rf/rstblk/clk
    SLICE_X118Y59        FDPE                                         r  dbg_hub/inst/CORE_XSDB.UUT_MASTER/U_ICON_INTERFACE/U_CMD6_RD/U_RD_FIFO/SUBCORE_FIFO.xsdbm_v1_1_1_rdfifo_inst/inst_fifo_gen/gconvfifo.rf/grf.rf/rstblk/ngwrdrst.grst.g7serrst.wr_rst_reg_reg[0]/C
  -------------------------------------------------------------------    -------------------
    SLICE_X118Y59        FDPE (Prop_fdpe_C_Q)         0.118     0.780 f  dbg_hub/inst/CORE_XSDB.UUT_MASTER/U_ICON_INTERFACE/U_CMD6_RD/U_RD_FIFO/SUBCORE_FIFO.xsdbm_v1_1_1_rdfifo_inst/inst_fifo_gen/gconvfifo.rf/grf.rf/rstblk/ngwrdrst.grst.g7serrst.wr_rst_reg_reg[0]/Q
                         net (fo=18, routed)          0.183     0.963    dbg_hub/inst/CORE_XSDB.UUT_MASTER/U_ICON_INTERFACE/U_CMD6_RD/U_RD_FIFO/SUBCORE_FIFO.xsdbm_v1_1_1_rdfifo_inst/inst_fifo_gen/gconvfifo.rf/grf.rf/gntv_or_sync_fifo.gcx.clkx/ngwrdrst.grst.g7serrst.wr_rst_reg_reg[0][0]
    SLICE_X118Y60        FDCE                                         f  dbg_hub/inst/CORE_XSDB.UUT_MASTER/U_ICON_INTERFACE/U_CMD6_RD/U_RD_FIFO/SUBCORE_FIFO.xsdbm_v1_1_1_rdfifo_inst/inst_fifo_gen/gconvfifo.rf/grf.rf/gntv_or_sync_fifo.gcx.clkx/wr_pntr_gc_reg[2]/CLR
  -------------------------------------------------------------------    -------------------

                         (clock clk rise edge)        0.000     0.000 r  
    BUFGCTRL_X0Y0        BUFG                         0.000     0.000 r  U_BUFG/O
                         net (fo=6205, routed)        0.901     0.901    dbg_hub/inst/CORE_XSDB.UUT_MASTER/U_ICON_INTERFACE/U_CMD6_RD/U_RD_FIFO/SUBCORE_FIFO.xsdbm_v1_1_1_rdfifo_inst/inst_fifo_gen/gconvfifo.rf/grf.rf/gntv_or_sync_fifo.gcx.clkx/clk
    SLICE_X118Y60        FDCE                                         r  dbg_hub/inst/CORE_XSDB.UUT_MASTER/U_ICON_INTERFACE/U_CMD6_RD/U_RD_FIFO/SUBCORE_FIFO.xsdbm_v1_1_1_rdfifo_inst/inst_fifo_gen/gconvfifo.rf/grf.rf/gntv_or_sync_fifo.gcx.clkx/wr_pntr_gc_reg[2]/C
                         clock pessimism             -0.226     0.675    
    SLICE_X118Y60        FDCE (Remov_fdce_C_CLR)     -0.050     0.625    dbg_hub/inst/CORE_XSDB.UUT_MASTER/U_ICON_INTERFACE/U_CMD6_RD/U_RD_FIFO/SUBCORE_FIFO.xsdbm_v1_1_1_rdfifo_inst/inst_fifo_gen/gconvfifo.rf/grf.rf/gntv_or_sync_fifo.gcx.clkx/wr_pntr_gc_reg[2]
  -------------------------------------------------------------------
                         required time                         -0.625    
                         arrival time                           0.963    
  -------------------------------------------------------------------
                         slack                                  0.338    





---------------------------------------------------------------------------------------------------
Path Group:  **async_default**
From Clock:  dbg_hub/inst/N_EXT_BSCAN.bscan_inst/SERIES7_BSCAN.bscan_inst/DRCK
  To Clock:  dbg_hub/inst/N_EXT_BSCAN.bscan_inst/SERIES7_BSCAN.bscan_inst/DRCK

Setup :            0  Failing Endpoints,  Worst Slack       27.338ns,  Total Violation        0.000ns
Hold  :            0  Failing Endpoints,  Worst Slack        0.262ns,  Total Violation        0.000ns
---------------------------------------------------------------------------------------------------


Max Delay Paths
--------------------------------------------------------------------------------------
Slack (MET) :             27.338ns  (required time - arrival time)
  Source:                 dbg_hub/inst/CORE_XSDB.U_ICON/U_CMD/iTARGET_reg[13]/C
                            (rising edge-triggered cell FDCE clocked by dbg_hub/inst/N_EXT_BSCAN.bscan_inst/SERIES7_BSCAN.bscan_inst/DRCK  {rise@0.000ns fall@15.000ns period=30.000ns})
  Destination:            dbg_hub/inst/CORE_XSDB.UUT_MASTER/U_ICON_INTERFACE/U_CMD6_WR/shift_reg_in_reg[13]/CLR
                            (recovery check against rising-edge clock dbg_hub/inst/N_EXT_BSCAN.bscan_inst/SERIES7_BSCAN.bscan_inst/DRCK  {rise@0.000ns fall@15.000ns period=30.000ns})
  Path Group:             **async_default**
  Path Type:              Recovery (Max at Slow Process Corner)
  Requirement:            30.000ns  (dbg_hub/inst/N_EXT_BSCAN.bscan_inst/SERIES7_BSCAN.bscan_inst/DRCK rise@30.000ns - dbg_hub/inst/N_EXT_BSCAN.bscan_inst/SERIES7_BSCAN.bscan_inst/DRCK rise@0.000ns)
  Data Path Delay:        2.372ns  (logic 0.388ns (16.358%)  route 1.984ns (83.642%))
  Logic Levels:           3  (LUT2=1 LUT6=2)
  Clock Path Skew:        -0.043ns (DCD - SCD + CPR)
    Destination Clock Delay (DCD):    4.152ns = ( 34.152 - 30.000 ) 
    Source Clock Delay      (SCD):    4.778ns
    Clock Pessimism Removal (CPR):    0.583ns
  Clock Uncertainty:      0.035ns  ((TSJ^2 + TIJ^2)^1/2 + DJ) / 2 + PE
    Total System Jitter     (TSJ):    0.071ns
    Total Input Jitter      (TIJ):    0.000ns
    Discrete Jitter          (DJ):    0.000ns
    Phase Error              (PE):    0.000ns

    Location             Delay type                Incr(ns)  Path(ns)    Netlist Resource(s)
  -------------------------------------------------------------------    -------------------
                         (clock dbg_hub/inst/N_EXT_BSCAN.bscan_inst/SERIES7_BSCAN.bscan_inst/DRCK rise edge)
                                                      0.000     0.000 r  
    BSCAN_X0Y0           BSCANE2                      0.000     0.000 r  dbg_hub/inst/N_EXT_BSCAN.bscan_inst/SERIES7_BSCAN.bscan_inst/DRCK
                         net (fo=1, routed)           3.110     3.110    dbg_hub/inst/DRCK
    BUFGCTRL_X0Y1        BUFG (Prop_bufg_I_O)         0.093     3.203 r  dbg_hub/inst/N_EXT_BSCAN.u_bufg_icon/O
                         net (fo=269, routed)         1.575     4.778    dbg_hub/inst/CORE_XSDB.U_ICON/U_CMD/CLK
    SLICE_X102Y64        FDCE                                         r  dbg_hub/inst/CORE_XSDB.U_ICON/U_CMD/iTARGET_reg[13]/C
  -------------------------------------------------------------------    -------------------
    SLICE_X102Y64        FDCE (Prop_fdce_C_Q)         0.259     5.037 r  dbg_hub/inst/CORE_XSDB.U_ICON/U_CMD/iTARGET_reg[13]/Q
                         net (fo=4, routed)           0.487     5.523    dbg_hub/inst/CORE_XSDB.U_ICON/U_CMD/iCORE_ID[1]
    SLICE_X103Y64        LUT6 (Prop_lut6_I3_O)        0.043     5.566 f  dbg_hub/inst/CORE_XSDB.U_ICON/U_CMD/shift_reg_in[1]_i_2/O
                         net (fo=9, routed)           0.359     5.925    dbg_hub/inst/CORE_XSDB.U_ICON/U_CMD/shift_reg_in[1]_i_2_n_0
    SLICE_X104Y62        LUT6 (Prop_lut6_I0_O)        0.043     5.968 f  dbg_hub/inst/CORE_XSDB.U_ICON/U_CMD/shift_reg_in[17]_i_1/O
                         net (fo=23, routed)          0.459     6.427    dbg_hub/inst/CORE_XSDB.U_ICON/U_CMD/shift_reg_in_reg[17]
    SLICE_X107Y63        LUT2 (Prop_lut2_I0_O)        0.043     6.470 f  dbg_hub/inst/CORE_XSDB.U_ICON/U_CMD/ngwrdrst.grst.g7serrst.rst_wr_reg1_i_1/O
                         net (fo=40, routed)          0.680     7.150    dbg_hub/inst/CORE_XSDB.UUT_MASTER/U_ICON_INTERFACE/U_CMD6_WR/AR[0]
    SLICE_X105Y68        FDCE                                         f  dbg_hub/inst/CORE_XSDB.UUT_MASTER/U_ICON_INTERFACE/U_CMD6_WR/shift_reg_in_reg[13]/CLR
  -------------------------------------------------------------------    -------------------

                         (clock dbg_hub/inst/N_EXT_BSCAN.bscan_inst/SERIES7_BSCAN.bscan_inst/DRCK rise edge)
                                                     30.000    30.000 r  
    BSCAN_X0Y0           BSCANE2                      0.000    30.000 r  dbg_hub/inst/N_EXT_BSCAN.bscan_inst/SERIES7_BSCAN.bscan_inst/DRCK
                         net (fo=1, routed)           2.627    32.627    dbg_hub/inst/DRCK
    BUFGCTRL_X0Y1        BUFG (Prop_bufg_I_O)         0.083    32.710 r  dbg_hub/inst/N_EXT_BSCAN.u_bufg_icon/O
                         net (fo=269, routed)         1.442    34.152    dbg_hub/inst/CORE_XSDB.UUT_MASTER/U_ICON_INTERFACE/U_CMD6_WR/CLK
    SLICE_X105Y68        FDCE                                         r  dbg_hub/inst/CORE_XSDB.UUT_MASTER/U_ICON_INTERFACE/U_CMD6_WR/shift_reg_in_reg[13]/C
                         clock pessimism              0.583    34.735    
                         clock uncertainty           -0.035    34.700    
    SLICE_X105Y68        FDCE (Recov_fdce_C_CLR)     -0.212    34.488    dbg_hub/inst/CORE_XSDB.UUT_MASTER/U_ICON_INTERFACE/U_CMD6_WR/shift_reg_in_reg[13]
  -------------------------------------------------------------------
                         required time                         34.488    
                         arrival time                          -7.150    
  -------------------------------------------------------------------
                         slack                                 27.338    

Slack (MET) :             27.338ns  (required time - arrival time)
  Source:                 dbg_hub/inst/CORE_XSDB.U_ICON/U_CMD/iTARGET_reg[13]/C
                            (rising edge-triggered cell FDCE clocked by dbg_hub/inst/N_EXT_BSCAN.bscan_inst/SERIES7_BSCAN.bscan_inst/DRCK  {rise@0.000ns fall@15.000ns period=30.000ns})
  Destination:            dbg_hub/inst/CORE_XSDB.UUT_MASTER/U_ICON_INTERFACE/U_CMD6_WR/shift_reg_in_reg[14]/CLR
                            (recovery check against rising-edge clock dbg_hub/inst/N_EXT_BSCAN.bscan_inst/SERIES7_BSCAN.bscan_inst/DRCK  {rise@0.000ns fall@15.000ns period=30.000ns})
  Path Group:             **async_default**
  Path Type:              Recovery (Max at Slow Process Corner)
  Requirement:            30.000ns  (dbg_hub/inst/N_EXT_BSCAN.bscan_inst/SERIES7_BSCAN.bscan_inst/DRCK rise@30.000ns - dbg_hub/inst/N_EXT_BSCAN.bscan_inst/SERIES7_BSCAN.bscan_inst/DRCK rise@0.000ns)
  Data Path Delay:        2.372ns  (logic 0.388ns (16.358%)  route 1.984ns (83.642%))
  Logic Levels:           3  (LUT2=1 LUT6=2)
  Clock Path Skew:        -0.043ns (DCD - SCD + CPR)
    Destination Clock Delay (DCD):    4.152ns = ( 34.152 - 30.000 ) 
    Source Clock Delay      (SCD):    4.778ns
    Clock Pessimism Removal (CPR):    0.583ns
  Clock Uncertainty:      0.035ns  ((TSJ^2 + TIJ^2)^1/2 + DJ) / 2 + PE
    Total System Jitter     (TSJ):    0.071ns
    Total Input Jitter      (TIJ):    0.000ns
    Discrete Jitter          (DJ):    0.000ns
    Phase Error              (PE):    0.000ns

    Location             Delay type                Incr(ns)  Path(ns)    Netlist Resource(s)
  -------------------------------------------------------------------    -------------------
                         (clock dbg_hub/inst/N_EXT_BSCAN.bscan_inst/SERIES7_BSCAN.bscan_inst/DRCK rise edge)
                                                      0.000     0.000 r  
    BSCAN_X0Y0           BSCANE2                      0.000     0.000 r  dbg_hub/inst/N_EXT_BSCAN.bscan_inst/SERIES7_BSCAN.bscan_inst/DRCK
                         net (fo=1, routed)           3.110     3.110    dbg_hub/inst/DRCK
    BUFGCTRL_X0Y1        BUFG (Prop_bufg_I_O)         0.093     3.203 r  dbg_hub/inst/N_EXT_BSCAN.u_bufg_icon/O
                         net (fo=269, routed)         1.575     4.778    dbg_hub/inst/CORE_XSDB.U_ICON/U_CMD/CLK
    SLICE_X102Y64        FDCE                                         r  dbg_hub/inst/CORE_XSDB.U_ICON/U_CMD/iTARGET_reg[13]/C
  -------------------------------------------------------------------    -------------------
    SLICE_X102Y64        FDCE (Prop_fdce_C_Q)         0.259     5.037 r  dbg_hub/inst/CORE_XSDB.U_ICON/U_CMD/iTARGET_reg[13]/Q
                         net (fo=4, routed)           0.487     5.523    dbg_hub/inst/CORE_XSDB.U_ICON/U_CMD/iCORE_ID[1]
    SLICE_X103Y64        LUT6 (Prop_lut6_I3_O)        0.043     5.566 f  dbg_hub/inst/CORE_XSDB.U_ICON/U_CMD/shift_reg_in[1]_i_2/O
                         net (fo=9, routed)           0.359     5.925    dbg_hub/inst/CORE_XSDB.U_ICON/U_CMD/shift_reg_in[1]_i_2_n_0
    SLICE_X104Y62        LUT6 (Prop_lut6_I0_O)        0.043     5.968 f  dbg_hub/inst/CORE_XSDB.U_ICON/U_CMD/shift_reg_in[17]_i_1/O
                         net (fo=23, routed)          0.459     6.427    dbg_hub/inst/CORE_XSDB.U_ICON/U_CMD/shift_reg_in_reg[17]
    SLICE_X107Y63        LUT2 (Prop_lut2_I0_O)        0.043     6.470 f  dbg_hub/inst/CORE_XSDB.U_ICON/U_CMD/ngwrdrst.grst.g7serrst.rst_wr_reg1_i_1/O
                         net (fo=40, routed)          0.680     7.150    dbg_hub/inst/CORE_XSDB.UUT_MASTER/U_ICON_INTERFACE/U_CMD6_WR/AR[0]
    SLICE_X105Y68        FDCE                                         f  dbg_hub/inst/CORE_XSDB.UUT_MASTER/U_ICON_INTERFACE/U_CMD6_WR/shift_reg_in_reg[14]/CLR
  -------------------------------------------------------------------    -------------------

                         (clock dbg_hub/inst/N_EXT_BSCAN.bscan_inst/SERIES7_BSCAN.bscan_inst/DRCK rise edge)
                                                     30.000    30.000 r  
    BSCAN_X0Y0           BSCANE2                      0.000    30.000 r  dbg_hub/inst/N_EXT_BSCAN.bscan_inst/SERIES7_BSCAN.bscan_inst/DRCK
                         net (fo=1, routed)           2.627    32.627    dbg_hub/inst/DRCK
    BUFGCTRL_X0Y1        BUFG (Prop_bufg_I_O)         0.083    32.710 r  dbg_hub/inst/N_EXT_BSCAN.u_bufg_icon/O
                         net (fo=269, routed)         1.442    34.152    dbg_hub/inst/CORE_XSDB.UUT_MASTER/U_ICON_INTERFACE/U_CMD6_WR/CLK
    SLICE_X105Y68        FDCE                                         r  dbg_hub/inst/CORE_XSDB.UUT_MASTER/U_ICON_INTERFACE/U_CMD6_WR/shift_reg_in_reg[14]/C
                         clock pessimism              0.583    34.735    
                         clock uncertainty           -0.035    34.700    
    SLICE_X105Y68        FDCE (Recov_fdce_C_CLR)     -0.212    34.488    dbg_hub/inst/CORE_XSDB.UUT_MASTER/U_ICON_INTERFACE/U_CMD6_WR/shift_reg_in_reg[14]
  -------------------------------------------------------------------
                         required time                         34.488    
                         arrival time                          -7.150    
  -------------------------------------------------------------------
                         slack                                 27.338    

Slack (MET) :             27.338ns  (required time - arrival time)
  Source:                 dbg_hub/inst/CORE_XSDB.U_ICON/U_CMD/iTARGET_reg[13]/C
                            (rising edge-triggered cell FDCE clocked by dbg_hub/inst/N_EXT_BSCAN.bscan_inst/SERIES7_BSCAN.bscan_inst/DRCK  {rise@0.000ns fall@15.000ns period=30.000ns})
  Destination:            dbg_hub/inst/CORE_XSDB.UUT_MASTER/U_ICON_INTERFACE/U_CMD6_WR/shift_reg_in_reg[15]/CLR
                            (recovery check against rising-edge clock dbg_hub/inst/N_EXT_BSCAN.bscan_inst/SERIES7_BSCAN.bscan_inst/DRCK  {rise@0.000ns fall@15.000ns period=30.000ns})
  Path Group:             **async_default**
  Path Type:              Recovery (Max at Slow Process Corner)
  Requirement:            30.000ns  (dbg_hub/inst/N_EXT_BSCAN.bscan_inst/SERIES7_BSCAN.bscan_inst/DRCK rise@30.000ns - dbg_hub/inst/N_EXT_BSCAN.bscan_inst/SERIES7_BSCAN.bscan_inst/DRCK rise@0.000ns)
  Data Path Delay:        2.372ns  (logic 0.388ns (16.358%)  route 1.984ns (83.642%))
  Logic Levels:           3  (LUT2=1 LUT6=2)
  Clock Path Skew:        -0.043ns (DCD - SCD + CPR)
    Destination Clock Delay (DCD):    4.152ns = ( 34.152 - 30.000 ) 
    Source Clock Delay      (SCD):    4.778ns
    Clock Pessimism Removal (CPR):    0.583ns
  Clock Uncertainty:      0.035ns  ((TSJ^2 + TIJ^2)^1/2 + DJ) / 2 + PE
    Total System Jitter     (TSJ):    0.071ns
    Total Input Jitter      (TIJ):    0.000ns
    Discrete Jitter          (DJ):    0.000ns
    Phase Error              (PE):    0.000ns

    Location             Delay type                Incr(ns)  Path(ns)    Netlist Resource(s)
  -------------------------------------------------------------------    -------------------
                         (clock dbg_hub/inst/N_EXT_BSCAN.bscan_inst/SERIES7_BSCAN.bscan_inst/DRCK rise edge)
                                                      0.000     0.000 r  
    BSCAN_X0Y0           BSCANE2                      0.000     0.000 r  dbg_hub/inst/N_EXT_BSCAN.bscan_inst/SERIES7_BSCAN.bscan_inst/DRCK
                         net (fo=1, routed)           3.110     3.110    dbg_hub/inst/DRCK
    BUFGCTRL_X0Y1        BUFG (Prop_bufg_I_O)         0.093     3.203 r  dbg_hub/inst/N_EXT_BSCAN.u_bufg_icon/O
                         net (fo=269, routed)         1.575     4.778    dbg_hub/inst/CORE_XSDB.U_ICON/U_CMD/CLK
    SLICE_X102Y64        FDCE                                         r  dbg_hub/inst/CORE_XSDB.U_ICON/U_CMD/iTARGET_reg[13]/C
  -------------------------------------------------------------------    -------------------
    SLICE_X102Y64        FDCE (Prop_fdce_C_Q)         0.259     5.037 r  dbg_hub/inst/CORE_XSDB.U_ICON/U_CMD/iTARGET_reg[13]/Q
                         net (fo=4, routed)           0.487     5.523    dbg_hub/inst/CORE_XSDB.U_ICON/U_CMD/iCORE_ID[1]
    SLICE_X103Y64        LUT6 (Prop_lut6_I3_O)        0.043     5.566 f  dbg_hub/inst/CORE_XSDB.U_ICON/U_CMD/shift_reg_in[1]_i_2/O
                         net (fo=9, routed)           0.359     5.925    dbg_hub/inst/CORE_XSDB.U_ICON/U_CMD/shift_reg_in[1]_i_2_n_0
    SLICE_X104Y62        LUT6 (Prop_lut6_I0_O)        0.043     5.968 f  dbg_hub/inst/CORE_XSDB.U_ICON/U_CMD/shift_reg_in[17]_i_1/O
                         net (fo=23, routed)          0.459     6.427    dbg_hub/inst/CORE_XSDB.U_ICON/U_CMD/shift_reg_in_reg[17]
    SLICE_X107Y63        LUT2 (Prop_lut2_I0_O)        0.043     6.470 f  dbg_hub/inst/CORE_XSDB.U_ICON/U_CMD/ngwrdrst.grst.g7serrst.rst_wr_reg1_i_1/O
                         net (fo=40, routed)          0.680     7.150    dbg_hub/inst/CORE_XSDB.UUT_MASTER/U_ICON_INTERFACE/U_CMD6_WR/AR[0]
    SLICE_X105Y68        FDCE                                         f  dbg_hub/inst/CORE_XSDB.UUT_MASTER/U_ICON_INTERFACE/U_CMD6_WR/shift_reg_in_reg[15]/CLR
  -------------------------------------------------------------------    -------------------

                         (clock dbg_hub/inst/N_EXT_BSCAN.bscan_inst/SERIES7_BSCAN.bscan_inst/DRCK rise edge)
                                                     30.000    30.000 r  
    BSCAN_X0Y0           BSCANE2                      0.000    30.000 r  dbg_hub/inst/N_EXT_BSCAN.bscan_inst/SERIES7_BSCAN.bscan_inst/DRCK
                         net (fo=1, routed)           2.627    32.627    dbg_hub/inst/DRCK
    BUFGCTRL_X0Y1        BUFG (Prop_bufg_I_O)         0.083    32.710 r  dbg_hub/inst/N_EXT_BSCAN.u_bufg_icon/O
                         net (fo=269, routed)         1.442    34.152    dbg_hub/inst/CORE_XSDB.UUT_MASTER/U_ICON_INTERFACE/U_CMD6_WR/CLK
    SLICE_X105Y68        FDCE                                         r  dbg_hub/inst/CORE_XSDB.UUT_MASTER/U_ICON_INTERFACE/U_CMD6_WR/shift_reg_in_reg[15]/C
                         clock pessimism              0.583    34.735    
                         clock uncertainty           -0.035    34.700    
    SLICE_X105Y68        FDCE (Recov_fdce_C_CLR)     -0.212    34.488    dbg_hub/inst/CORE_XSDB.UUT_MASTER/U_ICON_INTERFACE/U_CMD6_WR/shift_reg_in_reg[15]
  -------------------------------------------------------------------
                         required time                         34.488    
                         arrival time                          -7.150    
  -------------------------------------------------------------------
                         slack                                 27.338    

Slack (MET) :             27.355ns  (required time - arrival time)
  Source:                 dbg_hub/inst/CORE_XSDB.U_ICON/U_CMD/iTARGET_reg[13]/C
                            (rising edge-triggered cell FDCE clocked by dbg_hub/inst/N_EXT_BSCAN.bscan_inst/SERIES7_BSCAN.bscan_inst/DRCK  {rise@0.000ns fall@15.000ns period=30.000ns})
  Destination:            dbg_hub/inst/CORE_XSDB.UUT_MASTER/U_ICON_INTERFACE/U_CMD6_RD/U_RD_FIFO/SUBCORE_FIFO.xsdbm_v1_1_1_rdfifo_inst/inst_fifo_gen/gconvfifo.rf/grf.rf/rstblk/ngwrdrst.grst.g7serrst.rst_rd_reg1_reg/PRE
                            (recovery check against rising-edge clock dbg_hub/inst/N_EXT_BSCAN.bscan_inst/SERIES7_BSCAN.bscan_inst/DRCK  {rise@0.000ns fall@15.000ns period=30.000ns})
  Path Group:             **async_default**
  Path Type:              Recovery (Max at Slow Process Corner)
  Requirement:            30.000ns  (dbg_hub/inst/N_EXT_BSCAN.bscan_inst/SERIES7_BSCAN.bscan_inst/DRCK rise@30.000ns - dbg_hub/inst/N_EXT_BSCAN.bscan_inst/SERIES7_BSCAN.bscan_inst/DRCK rise@0.000ns)
  Data Path Delay:        2.396ns  (logic 0.388ns (16.195%)  route 2.008ns (83.805%))
  Logic Levels:           3  (LUT2=1 LUT6=2)
  Clock Path Skew:        -0.036ns (DCD - SCD + CPR)
    Destination Clock Delay (DCD):    4.159ns = ( 34.159 - 30.000 ) 
    Source Clock Delay      (SCD):    4.778ns
    Clock Pessimism Removal (CPR):    0.583ns
  Clock Uncertainty:      0.035ns  ((TSJ^2 + TIJ^2)^1/2 + DJ) / 2 + PE
    Total System Jitter     (TSJ):    0.071ns
    Total Input Jitter      (TIJ):    0.000ns
    Discrete Jitter          (DJ):    0.000ns
    Phase Error              (PE):    0.000ns

    Location             Delay type                Incr(ns)  Path(ns)    Netlist Resource(s)
  -------------------------------------------------------------------    -------------------
                         (clock dbg_hub/inst/N_EXT_BSCAN.bscan_inst/SERIES7_BSCAN.bscan_inst/DRCK rise edge)
                                                      0.000     0.000 r  
    BSCAN_X0Y0           BSCANE2                      0.000     0.000 r  dbg_hub/inst/N_EXT_BSCAN.bscan_inst/SERIES7_BSCAN.bscan_inst/DRCK
                         net (fo=1, routed)           3.110     3.110    dbg_hub/inst/DRCK
    BUFGCTRL_X0Y1        BUFG (Prop_bufg_I_O)         0.093     3.203 r  dbg_hub/inst/N_EXT_BSCAN.u_bufg_icon/O
                         net (fo=269, routed)         1.575     4.778    dbg_hub/inst/CORE_XSDB.U_ICON/U_CMD/CLK
    SLICE_X102Y64        FDCE                                         r  dbg_hub/inst/CORE_XSDB.U_ICON/U_CMD/iTARGET_reg[13]/C
  -------------------------------------------------------------------    -------------------
    SLICE_X102Y64        FDCE (Prop_fdce_C_Q)         0.259     5.037 r  dbg_hub/inst/CORE_XSDB.U_ICON/U_CMD/iTARGET_reg[13]/Q
                         net (fo=4, routed)           0.487     5.523    dbg_hub/inst/CORE_XSDB.U_ICON/U_CMD/iCORE_ID[1]
    SLICE_X103Y64        LUT6 (Prop_lut6_I3_O)        0.043     5.566 f  dbg_hub/inst/CORE_XSDB.U_ICON/U_CMD/shift_reg_in[1]_i_2/O
                         net (fo=9, routed)           0.359     5.925    dbg_hub/inst/CORE_XSDB.U_ICON/U_CMD/shift_reg_in[1]_i_2_n_0
    SLICE_X104Y62        LUT6 (Prop_lut6_I0_O)        0.043     5.968 f  dbg_hub/inst/CORE_XSDB.U_ICON/U_CMD/shift_reg_in[17]_i_1/O
                         net (fo=23, routed)          0.459     6.427    dbg_hub/inst/CORE_XSDB.U_ICON/U_CMD/shift_reg_in_reg[17]
    SLICE_X107Y63        LUT2 (Prop_lut2_I0_O)        0.043     6.470 f  dbg_hub/inst/CORE_XSDB.U_ICON/U_CMD/ngwrdrst.grst.g7serrst.rst_wr_reg1_i_1/O
                         net (fo=40, routed)          0.704     7.174    dbg_hub/inst/CORE_XSDB.UUT_MASTER/U_ICON_INTERFACE/U_CMD6_RD/U_RD_FIFO/SUBCORE_FIFO.xsdbm_v1_1_1_rdfifo_inst/inst_fifo_gen/gconvfifo.rf/grf.rf/rstblk/AR[0]
    SLICE_X105Y58        FDPE                                         f  dbg_hub/inst/CORE_XSDB.UUT_MASTER/U_ICON_INTERFACE/U_CMD6_RD/U_RD_FIFO/SUBCORE_FIFO.xsdbm_v1_1_1_rdfifo_inst/inst_fifo_gen/gconvfifo.rf/grf.rf/rstblk/ngwrdrst.grst.g7serrst.rst_rd_reg1_reg/PRE
  -------------------------------------------------------------------    -------------------

                         (clock dbg_hub/inst/N_EXT_BSCAN.bscan_inst/SERIES7_BSCAN.bscan_inst/DRCK rise edge)
                                                     30.000    30.000 r  
    BSCAN_X0Y0           BSCANE2                      0.000    30.000 r  dbg_hub/inst/N_EXT_BSCAN.bscan_inst/SERIES7_BSCAN.bscan_inst/DRCK
                         net (fo=1, routed)           2.627    32.627    dbg_hub/inst/DRCK
    BUFGCTRL_X0Y1        BUFG (Prop_bufg_I_O)         0.083    32.710 r  dbg_hub/inst/N_EXT_BSCAN.u_bufg_icon/O
                         net (fo=269, routed)         1.449    34.159    dbg_hub/inst/CORE_XSDB.UUT_MASTER/U_ICON_INTERFACE/U_CMD6_RD/U_RD_FIFO/SUBCORE_FIFO.xsdbm_v1_1_1_rdfifo_inst/inst_fifo_gen/gconvfifo.rf/grf.rf/rstblk/CLK
    SLICE_X105Y58        FDPE                                         r  dbg_hub/inst/CORE_XSDB.UUT_MASTER/U_ICON_INTERFACE/U_CMD6_RD/U_RD_FIFO/SUBCORE_FIFO.xsdbm_v1_1_1_rdfifo_inst/inst_fifo_gen/gconvfifo.rf/grf.rf/rstblk/ngwrdrst.grst.g7serrst.rst_rd_reg1_reg/C
                         clock pessimism              0.583    34.742    
                         clock uncertainty           -0.035    34.707    
    SLICE_X105Y58        FDPE (Recov_fdpe_C_PRE)     -0.178    34.529    dbg_hub/inst/CORE_XSDB.UUT_MASTER/U_ICON_INTERFACE/U_CMD6_RD/U_RD_FIFO/SUBCORE_FIFO.xsdbm_v1_1_1_rdfifo_inst/inst_fifo_gen/gconvfifo.rf/grf.rf/rstblk/ngwrdrst.grst.g7serrst.rst_rd_reg1_reg
  -------------------------------------------------------------------
                         required time                         34.529    
                         arrival time                          -7.174    
  -------------------------------------------------------------------
                         slack                                 27.355    

Slack (MET) :             27.355ns  (required time - arrival time)
  Source:                 dbg_hub/inst/CORE_XSDB.U_ICON/U_CMD/iTARGET_reg[13]/C
                            (rising edge-triggered cell FDCE clocked by dbg_hub/inst/N_EXT_BSCAN.bscan_inst/SERIES7_BSCAN.bscan_inst/DRCK  {rise@0.000ns fall@15.000ns period=30.000ns})
  Destination:            dbg_hub/inst/CORE_XSDB.UUT_MASTER/U_ICON_INTERFACE/U_CMD6_RD/U_RD_FIFO/SUBCORE_FIFO.xsdbm_v1_1_1_rdfifo_inst/inst_fifo_gen/gconvfifo.rf/grf.rf/rstblk/ngwrdrst.grst.g7serrst.rst_rd_reg2_reg/PRE
                            (recovery check against rising-edge clock dbg_hub/inst/N_EXT_BSCAN.bscan_inst/SERIES7_BSCAN.bscan_inst/DRCK  {rise@0.000ns fall@15.000ns period=30.000ns})
  Path Group:             **async_default**
  Path Type:              Recovery (Max at Slow Process Corner)
  Requirement:            30.000ns  (dbg_hub/inst/N_EXT_BSCAN.bscan_inst/SERIES7_BSCAN.bscan_inst/DRCK rise@30.000ns - dbg_hub/inst/N_EXT_BSCAN.bscan_inst/SERIES7_BSCAN.bscan_inst/DRCK rise@0.000ns)
  Data Path Delay:        2.396ns  (logic 0.388ns (16.195%)  route 2.008ns (83.805%))
  Logic Levels:           3  (LUT2=1 LUT6=2)
  Clock Path Skew:        -0.036ns (DCD - SCD + CPR)
    Destination Clock Delay (DCD):    4.159ns = ( 34.159 - 30.000 ) 
    Source Clock Delay      (SCD):    4.778ns
    Clock Pessimism Removal (CPR):    0.583ns
  Clock Uncertainty:      0.035ns  ((TSJ^2 + TIJ^2)^1/2 + DJ) / 2 + PE
    Total System Jitter     (TSJ):    0.071ns
    Total Input Jitter      (TIJ):    0.000ns
    Discrete Jitter          (DJ):    0.000ns
    Phase Error              (PE):    0.000ns

    Location             Delay type                Incr(ns)  Path(ns)    Netlist Resource(s)
  -------------------------------------------------------------------    -------------------
                         (clock dbg_hub/inst/N_EXT_BSCAN.bscan_inst/SERIES7_BSCAN.bscan_inst/DRCK rise edge)
                                                      0.000     0.000 r  
    BSCAN_X0Y0           BSCANE2                      0.000     0.000 r  dbg_hub/inst/N_EXT_BSCAN.bscan_inst/SERIES7_BSCAN.bscan_inst/DRCK
                         net (fo=1, routed)           3.110     3.110    dbg_hub/inst/DRCK
    BUFGCTRL_X0Y1        BUFG (Prop_bufg_I_O)         0.093     3.203 r  dbg_hub/inst/N_EXT_BSCAN.u_bufg_icon/O
                         net (fo=269, routed)         1.575     4.778    dbg_hub/inst/CORE_XSDB.U_ICON/U_CMD/CLK
    SLICE_X102Y64        FDCE                                         r  dbg_hub/inst/CORE_XSDB.U_ICON/U_CMD/iTARGET_reg[13]/C
  -------------------------------------------------------------------    -------------------
    SLICE_X102Y64        FDCE (Prop_fdce_C_Q)         0.259     5.037 r  dbg_hub/inst/CORE_XSDB.U_ICON/U_CMD/iTARGET_reg[13]/Q
                         net (fo=4, routed)           0.487     5.523    dbg_hub/inst/CORE_XSDB.U_ICON/U_CMD/iCORE_ID[1]
    SLICE_X103Y64        LUT6 (Prop_lut6_I3_O)        0.043     5.566 f  dbg_hub/inst/CORE_XSDB.U_ICON/U_CMD/shift_reg_in[1]_i_2/O
                         net (fo=9, routed)           0.359     5.925    dbg_hub/inst/CORE_XSDB.U_ICON/U_CMD/shift_reg_in[1]_i_2_n_0
    SLICE_X104Y62        LUT6 (Prop_lut6_I0_O)        0.043     5.968 f  dbg_hub/inst/CORE_XSDB.U_ICON/U_CMD/shift_reg_in[17]_i_1/O
                         net (fo=23, routed)          0.459     6.427    dbg_hub/inst/CORE_XSDB.U_ICON/U_CMD/shift_reg_in_reg[17]
    SLICE_X107Y63        LUT2 (Prop_lut2_I0_O)        0.043     6.470 f  dbg_hub/inst/CORE_XSDB.U_ICON/U_CMD/ngwrdrst.grst.g7serrst.rst_wr_reg1_i_1/O
                         net (fo=40, routed)          0.704     7.174    dbg_hub/inst/CORE_XSDB.UUT_MASTER/U_ICON_INTERFACE/U_CMD6_RD/U_RD_FIFO/SUBCORE_FIFO.xsdbm_v1_1_1_rdfifo_inst/inst_fifo_gen/gconvfifo.rf/grf.rf/rstblk/AR[0]
    SLICE_X105Y58        FDPE                                         f  dbg_hub/inst/CORE_XSDB.UUT_MASTER/U_ICON_INTERFACE/U_CMD6_RD/U_RD_FIFO/SUBCORE_FIFO.xsdbm_v1_1_1_rdfifo_inst/inst_fifo_gen/gconvfifo.rf/grf.rf/rstblk/ngwrdrst.grst.g7serrst.rst_rd_reg2_reg/PRE
  -------------------------------------------------------------------    -------------------

                         (clock dbg_hub/inst/N_EXT_BSCAN.bscan_inst/SERIES7_BSCAN.bscan_inst/DRCK rise edge)
                                                     30.000    30.000 r  
    BSCAN_X0Y0           BSCANE2                      0.000    30.000 r  dbg_hub/inst/N_EXT_BSCAN.bscan_inst/SERIES7_BSCAN.bscan_inst/DRCK
                         net (fo=1, routed)           2.627    32.627    dbg_hub/inst/DRCK
    BUFGCTRL_X0Y1        BUFG (Prop_bufg_I_O)         0.083    32.710 r  dbg_hub/inst/N_EXT_BSCAN.u_bufg_icon/O
                         net (fo=269, routed)         1.449    34.159    dbg_hub/inst/CORE_XSDB.UUT_MASTER/U_ICON_INTERFACE/U_CMD6_RD/U_RD_FIFO/SUBCORE_FIFO.xsdbm_v1_1_1_rdfifo_inst/inst_fifo_gen/gconvfifo.rf/grf.rf/rstblk/CLK
    SLICE_X105Y58        FDPE                                         r  dbg_hub/inst/CORE_XSDB.UUT_MASTER/U_ICON_INTERFACE/U_CMD6_RD/U_RD_FIFO/SUBCORE_FIFO.xsdbm_v1_1_1_rdfifo_inst/inst_fifo_gen/gconvfifo.rf/grf.rf/rstblk/ngwrdrst.grst.g7serrst.rst_rd_reg2_reg/C
                         clock pessimism              0.583    34.742    
                         clock uncertainty           -0.035    34.707    
    SLICE_X105Y58        FDPE (Recov_fdpe_C_PRE)     -0.178    34.529    dbg_hub/inst/CORE_XSDB.UUT_MASTER/U_ICON_INTERFACE/U_CMD6_RD/U_RD_FIFO/SUBCORE_FIFO.xsdbm_v1_1_1_rdfifo_inst/inst_fifo_gen/gconvfifo.rf/grf.rf/rstblk/ngwrdrst.grst.g7serrst.rst_rd_reg2_reg
  -------------------------------------------------------------------
                         required time                         34.529    
                         arrival time                          -7.174    
  -------------------------------------------------------------------
                         slack                                 27.355    

Slack (MET) :             27.474ns  (required time - arrival time)
  Source:                 dbg_hub/inst/CORE_XSDB.U_ICON/U_CMD/iTARGET_reg[13]/C
                            (rising edge-triggered cell FDCE clocked by dbg_hub/inst/N_EXT_BSCAN.bscan_inst/SERIES7_BSCAN.bscan_inst/DRCK  {rise@0.000ns fall@15.000ns period=30.000ns})
  Destination:            dbg_hub/inst/CORE_XSDB.UUT_MASTER/U_ICON_INTERFACE/U_CMD6_WR/U_WR_FIFO/SUBCORE_FIFO.xsdbm_v1_1_1_wrfifo_inst/inst_fifo_gen/gconvfifo.rf/grf.rf/rstblk/ngwrdrst.grst.g7serrst.rst_wr_reg1_reg/PRE
                            (recovery check against rising-edge clock dbg_hub/inst/N_EXT_BSCAN.bscan_inst/SERIES7_BSCAN.bscan_inst/DRCK  {rise@0.000ns fall@15.000ns period=30.000ns})
  Path Group:             **async_default**
  Path Type:              Recovery (Max at Slow Process Corner)
  Requirement:            30.000ns  (dbg_hub/inst/N_EXT_BSCAN.bscan_inst/SERIES7_BSCAN.bscan_inst/DRCK rise@30.000ns - dbg_hub/inst/N_EXT_BSCAN.bscan_inst/SERIES7_BSCAN.bscan_inst/DRCK rise@0.000ns)
  Data Path Delay:        2.277ns  (logic 0.388ns (17.040%)  route 1.889ns (82.960%))
  Logic Levels:           3  (LUT2=1 LUT6=2)
  Clock Path Skew:        -0.036ns (DCD - SCD + CPR)
    Destination Clock Delay (DCD):    4.159ns = ( 34.159 - 30.000 ) 
    Source Clock Delay      (SCD):    4.778ns
    Clock Pessimism Removal (CPR):    0.583ns
  Clock Uncertainty:      0.035ns  ((TSJ^2 + TIJ^2)^1/2 + DJ) / 2 + PE
    Total System Jitter     (TSJ):    0.071ns
    Total Input Jitter      (TIJ):    0.000ns
    Discrete Jitter          (DJ):    0.000ns
    Phase Error              (PE):    0.000ns

    Location             Delay type                Incr(ns)  Path(ns)    Netlist Resource(s)
  -------------------------------------------------------------------    -------------------
                         (clock dbg_hub/inst/N_EXT_BSCAN.bscan_inst/SERIES7_BSCAN.bscan_inst/DRCK rise edge)
                                                      0.000     0.000 r  
    BSCAN_X0Y0           BSCANE2                      0.000     0.000 r  dbg_hub/inst/N_EXT_BSCAN.bscan_inst/SERIES7_BSCAN.bscan_inst/DRCK
                         net (fo=1, routed)           3.110     3.110    dbg_hub/inst/DRCK
    BUFGCTRL_X0Y1        BUFG (Prop_bufg_I_O)         0.093     3.203 r  dbg_hub/inst/N_EXT_BSCAN.u_bufg_icon/O
                         net (fo=269, routed)         1.575     4.778    dbg_hub/inst/CORE_XSDB.U_ICON/U_CMD/CLK
    SLICE_X102Y64        FDCE                                         r  dbg_hub/inst/CORE_XSDB.U_ICON/U_CMD/iTARGET_reg[13]/C
  -------------------------------------------------------------------    -------------------
    SLICE_X102Y64        FDCE (Prop_fdce_C_Q)         0.259     5.037 r  dbg_hub/inst/CORE_XSDB.U_ICON/U_CMD/iTARGET_reg[13]/Q
                         net (fo=4, routed)           0.487     5.523    dbg_hub/inst/CORE_XSDB.U_ICON/U_CMD/iCORE_ID[1]
    SLICE_X103Y64        LUT6 (Prop_lut6_I3_O)        0.043     5.566 f  dbg_hub/inst/CORE_XSDB.U_ICON/U_CMD/shift_reg_in[1]_i_2/O
                         net (fo=9, routed)           0.359     5.925    dbg_hub/inst/CORE_XSDB.U_ICON/U_CMD/shift_reg_in[1]_i_2_n_0
    SLICE_X104Y62        LUT6 (Prop_lut6_I0_O)        0.043     5.968 f  dbg_hub/inst/CORE_XSDB.U_ICON/U_CMD/shift_reg_in[17]_i_1/O
                         net (fo=23, routed)          0.459     6.427    dbg_hub/inst/CORE_XSDB.U_ICON/U_CMD/shift_reg_in_reg[17]
    SLICE_X107Y63        LUT2 (Prop_lut2_I0_O)        0.043     6.470 f  dbg_hub/inst/CORE_XSDB.U_ICON/U_CMD/ngwrdrst.grst.g7serrst.rst_wr_reg1_i_1/O
                         net (fo=40, routed)          0.585     7.055    dbg_hub/inst/CORE_XSDB.UUT_MASTER/U_ICON_INTERFACE/U_CMD6_WR/U_WR_FIFO/SUBCORE_FIFO.xsdbm_v1_1_1_wrfifo_inst/inst_fifo_gen/gconvfifo.rf/grf.rf/rstblk/AR[0]
    SLICE_X105Y59        FDPE                                         f  dbg_hub/inst/CORE_XSDB.UUT_MASTER/U_ICON_INTERFACE/U_CMD6_WR/U_WR_FIFO/SUBCORE_FIFO.xsdbm_v1_1_1_wrfifo_inst/inst_fifo_gen/gconvfifo.rf/grf.rf/rstblk/ngwrdrst.grst.g7serrst.rst_wr_reg1_reg/PRE
  -------------------------------------------------------------------    -------------------

                         (clock dbg_hub/inst/N_EXT_BSCAN.bscan_inst/SERIES7_BSCAN.bscan_inst/DRCK rise edge)
                                                     30.000    30.000 r  
    BSCAN_X0Y0           BSCANE2                      0.000    30.000 r  dbg_hub/inst/N_EXT_BSCAN.bscan_inst/SERIES7_BSCAN.bscan_inst/DRCK
                         net (fo=1, routed)           2.627    32.627    dbg_hub/inst/DRCK
    BUFGCTRL_X0Y1        BUFG (Prop_bufg_I_O)         0.083    32.710 r  dbg_hub/inst/N_EXT_BSCAN.u_bufg_icon/O
                         net (fo=269, routed)         1.449    34.159    dbg_hub/inst/CORE_XSDB.UUT_MASTER/U_ICON_INTERFACE/U_CMD6_WR/U_WR_FIFO/SUBCORE_FIFO.xsdbm_v1_1_1_wrfifo_inst/inst_fifo_gen/gconvfifo.rf/grf.rf/rstblk/CLK
    SLICE_X105Y59        FDPE                                         r  dbg_hub/inst/CORE_XSDB.UUT_MASTER/U_ICON_INTERFACE/U_CMD6_WR/U_WR_FIFO/SUBCORE_FIFO.xsdbm_v1_1_1_wrfifo_inst/inst_fifo_gen/gconvfifo.rf/grf.rf/rstblk/ngwrdrst.grst.g7serrst.rst_wr_reg1_reg/C
                         clock pessimism              0.583    34.742    
                         clock uncertainty           -0.035    34.707    
    SLICE_X105Y59        FDPE (Recov_fdpe_C_PRE)     -0.178    34.529    dbg_hub/inst/CORE_XSDB.UUT_MASTER/U_ICON_INTERFACE/U_CMD6_WR/U_WR_FIFO/SUBCORE_FIFO.xsdbm_v1_1_1_wrfifo_inst/inst_fifo_gen/gconvfifo.rf/grf.rf/rstblk/ngwrdrst.grst.g7serrst.rst_wr_reg1_reg
  -------------------------------------------------------------------
                         required time                         34.529    
                         arrival time                          -7.055    
  -------------------------------------------------------------------
                         slack                                 27.474    

Slack (MET) :             27.474ns  (required time - arrival time)
  Source:                 dbg_hub/inst/CORE_XSDB.U_ICON/U_CMD/iTARGET_reg[13]/C
                            (rising edge-triggered cell FDCE clocked by dbg_hub/inst/N_EXT_BSCAN.bscan_inst/SERIES7_BSCAN.bscan_inst/DRCK  {rise@0.000ns fall@15.000ns period=30.000ns})
  Destination:            dbg_hub/inst/CORE_XSDB.UUT_MASTER/U_ICON_INTERFACE/U_CMD6_WR/U_WR_FIFO/SUBCORE_FIFO.xsdbm_v1_1_1_wrfifo_inst/inst_fifo_gen/gconvfifo.rf/grf.rf/rstblk/ngwrdrst.grst.g7serrst.rst_wr_reg2_reg/PRE
                            (recovery check against rising-edge clock dbg_hub/inst/N_EXT_BSCAN.bscan_inst/SERIES7_BSCAN.bscan_inst/DRCK  {rise@0.000ns fall@15.000ns period=30.000ns})
  Path Group:             **async_default**
  Path Type:              Recovery (Max at Slow Process Corner)
  Requirement:            30.000ns  (dbg_hub/inst/N_EXT_BSCAN.bscan_inst/SERIES7_BSCAN.bscan_inst/DRCK rise@30.000ns - dbg_hub/inst/N_EXT_BSCAN.bscan_inst/SERIES7_BSCAN.bscan_inst/DRCK rise@0.000ns)
  Data Path Delay:        2.277ns  (logic 0.388ns (17.040%)  route 1.889ns (82.960%))
  Logic Levels:           3  (LUT2=1 LUT6=2)
  Clock Path Skew:        -0.036ns (DCD - SCD + CPR)
    Destination Clock Delay (DCD):    4.159ns = ( 34.159 - 30.000 ) 
    Source Clock Delay      (SCD):    4.778ns
    Clock Pessimism Removal (CPR):    0.583ns
  Clock Uncertainty:      0.035ns  ((TSJ^2 + TIJ^2)^1/2 + DJ) / 2 + PE
    Total System Jitter     (TSJ):    0.071ns
    Total Input Jitter      (TIJ):    0.000ns
    Discrete Jitter          (DJ):    0.000ns
    Phase Error              (PE):    0.000ns

    Location             Delay type                Incr(ns)  Path(ns)    Netlist Resource(s)
  -------------------------------------------------------------------    -------------------
                         (clock dbg_hub/inst/N_EXT_BSCAN.bscan_inst/SERIES7_BSCAN.bscan_inst/DRCK rise edge)
                                                      0.000     0.000 r  
    BSCAN_X0Y0           BSCANE2                      0.000     0.000 r  dbg_hub/inst/N_EXT_BSCAN.bscan_inst/SERIES7_BSCAN.bscan_inst/DRCK
                         net (fo=1, routed)           3.110     3.110    dbg_hub/inst/DRCK
    BUFGCTRL_X0Y1        BUFG (Prop_bufg_I_O)         0.093     3.203 r  dbg_hub/inst/N_EXT_BSCAN.u_bufg_icon/O
                         net (fo=269, routed)         1.575     4.778    dbg_hub/inst/CORE_XSDB.U_ICON/U_CMD/CLK
    SLICE_X102Y64        FDCE                                         r  dbg_hub/inst/CORE_XSDB.U_ICON/U_CMD/iTARGET_reg[13]/C
  -------------------------------------------------------------------    -------------------
    SLICE_X102Y64        FDCE (Prop_fdce_C_Q)         0.259     5.037 r  dbg_hub/inst/CORE_XSDB.U_ICON/U_CMD/iTARGET_reg[13]/Q
                         net (fo=4, routed)           0.487     5.523    dbg_hub/inst/CORE_XSDB.U_ICON/U_CMD/iCORE_ID[1]
    SLICE_X103Y64        LUT6 (Prop_lut6_I3_O)        0.043     5.566 f  dbg_hub/inst/CORE_XSDB.U_ICON/U_CMD/shift_reg_in[1]_i_2/O
                         net (fo=9, routed)           0.359     5.925    dbg_hub/inst/CORE_XSDB.U_ICON/U_CMD/shift_reg_in[1]_i_2_n_0
    SLICE_X104Y62        LUT6 (Prop_lut6_I0_O)        0.043     5.968 f  dbg_hub/inst/CORE_XSDB.U_ICON/U_CMD/shift_reg_in[17]_i_1/O
                         net (fo=23, routed)          0.459     6.427    dbg_hub/inst/CORE_XSDB.U_ICON/U_CMD/shift_reg_in_reg[17]
    SLICE_X107Y63        LUT2 (Prop_lut2_I0_O)        0.043     6.470 f  dbg_hub/inst/CORE_XSDB.U_ICON/U_CMD/ngwrdrst.grst.g7serrst.rst_wr_reg1_i_1/O
                         net (fo=40, routed)          0.585     7.055    dbg_hub/inst/CORE_XSDB.UUT_MASTER/U_ICON_INTERFACE/U_CMD6_WR/U_WR_FIFO/SUBCORE_FIFO.xsdbm_v1_1_1_wrfifo_inst/inst_fifo_gen/gconvfifo.rf/grf.rf/rstblk/AR[0]
    SLICE_X105Y59        FDPE                                         f  dbg_hub/inst/CORE_XSDB.UUT_MASTER/U_ICON_INTERFACE/U_CMD6_WR/U_WR_FIFO/SUBCORE_FIFO.xsdbm_v1_1_1_wrfifo_inst/inst_fifo_gen/gconvfifo.rf/grf.rf/rstblk/ngwrdrst.grst.g7serrst.rst_wr_reg2_reg/PRE
  -------------------------------------------------------------------    -------------------

                         (clock dbg_hub/inst/N_EXT_BSCAN.bscan_inst/SERIES7_BSCAN.bscan_inst/DRCK rise edge)
                                                     30.000    30.000 r  
    BSCAN_X0Y0           BSCANE2                      0.000    30.000 r  dbg_hub/inst/N_EXT_BSCAN.bscan_inst/SERIES7_BSCAN.bscan_inst/DRCK
                         net (fo=1, routed)           2.627    32.627    dbg_hub/inst/DRCK
    BUFGCTRL_X0Y1        BUFG (Prop_bufg_I_O)         0.083    32.710 r  dbg_hub/inst/N_EXT_BSCAN.u_bufg_icon/O
                         net (fo=269, routed)         1.449    34.159    dbg_hub/inst/CORE_XSDB.UUT_MASTER/U_ICON_INTERFACE/U_CMD6_WR/U_WR_FIFO/SUBCORE_FIFO.xsdbm_v1_1_1_wrfifo_inst/inst_fifo_gen/gconvfifo.rf/grf.rf/rstblk/CLK
    SLICE_X105Y59        FDPE                                         r  dbg_hub/inst/CORE_XSDB.UUT_MASTER/U_ICON_INTERFACE/U_CMD6_WR/U_WR_FIFO/SUBCORE_FIFO.xsdbm_v1_1_1_wrfifo_inst/inst_fifo_gen/gconvfifo.rf/grf.rf/rstblk/ngwrdrst.grst.g7serrst.rst_wr_reg2_reg/C
                         clock pessimism              0.583    34.742    
                         clock uncertainty           -0.035    34.707    
    SLICE_X105Y59        FDPE (Recov_fdpe_C_PRE)     -0.178    34.529    dbg_hub/inst/CORE_XSDB.UUT_MASTER/U_ICON_INTERFACE/U_CMD6_WR/U_WR_FIFO/SUBCORE_FIFO.xsdbm_v1_1_1_wrfifo_inst/inst_fifo_gen/gconvfifo.rf/grf.rf/rstblk/ngwrdrst.grst.g7serrst.rst_wr_reg2_reg
  -------------------------------------------------------------------
                         required time                         34.529    
                         arrival time                          -7.055    
  -------------------------------------------------------------------
                         slack                                 27.474    

Slack (MET) :             27.512ns  (required time - arrival time)
  Source:                 dbg_hub/inst/CORE_XSDB.U_ICON/U_CMD/iTARGET_reg[13]/C
                            (rising edge-triggered cell FDCE clocked by dbg_hub/inst/N_EXT_BSCAN.bscan_inst/SERIES7_BSCAN.bscan_inst/DRCK  {rise@0.000ns fall@15.000ns period=30.000ns})
  Destination:            dbg_hub/inst/CORE_XSDB.UUT_MASTER/U_ICON_INTERFACE/U_CMD6_WR/shift_reg_in_reg[11]/CLR
                            (recovery check against rising-edge clock dbg_hub/inst/N_EXT_BSCAN.bscan_inst/SERIES7_BSCAN.bscan_inst/DRCK  {rise@0.000ns fall@15.000ns period=30.000ns})
  Path Group:             **async_default**
  Path Type:              Recovery (Max at Slow Process Corner)
  Requirement:            30.000ns  (dbg_hub/inst/N_EXT_BSCAN.bscan_inst/SERIES7_BSCAN.bscan_inst/DRCK rise@30.000ns - dbg_hub/inst/N_EXT_BSCAN.bscan_inst/SERIES7_BSCAN.bscan_inst/DRCK rise@0.000ns)
  Data Path Delay:        2.199ns  (logic 0.388ns (17.641%)  route 1.811ns (82.359%))
  Logic Levels:           3  (LUT2=1 LUT6=2)
  Clock Path Skew:        -0.041ns (DCD - SCD + CPR)
    Destination Clock Delay (DCD):    4.154ns = ( 34.154 - 30.000 ) 
    Source Clock Delay      (SCD):    4.778ns
    Clock Pessimism Removal (CPR):    0.583ns
  Clock Uncertainty:      0.035ns  ((TSJ^2 + TIJ^2)^1/2 + DJ) / 2 + PE
    Total System Jitter     (TSJ):    0.071ns
    Total Input Jitter      (TIJ):    0.000ns
    Discrete Jitter          (DJ):    0.000ns
    Phase Error              (PE):    0.000ns

    Location             Delay type                Incr(ns)  Path(ns)    Netlist Resource(s)
  -------------------------------------------------------------------    -------------------
                         (clock dbg_hub/inst/N_EXT_BSCAN.bscan_inst/SERIES7_BSCAN.bscan_inst/DRCK rise edge)
                                                      0.000     0.000 r  
    BSCAN_X0Y0           BSCANE2                      0.000     0.000 r  dbg_hub/inst/N_EXT_BSCAN.bscan_inst/SERIES7_BSCAN.bscan_inst/DRCK
                         net (fo=1, routed)           3.110     3.110    dbg_hub/inst/DRCK
    BUFGCTRL_X0Y1        BUFG (Prop_bufg_I_O)         0.093     3.203 r  dbg_hub/inst/N_EXT_BSCAN.u_bufg_icon/O
                         net (fo=269, routed)         1.575     4.778    dbg_hub/inst/CORE_XSDB.U_ICON/U_CMD/CLK
    SLICE_X102Y64        FDCE                                         r  dbg_hub/inst/CORE_XSDB.U_ICON/U_CMD/iTARGET_reg[13]/C
  -------------------------------------------------------------------    -------------------
    SLICE_X102Y64        FDCE (Prop_fdce_C_Q)         0.259     5.037 r  dbg_hub/inst/CORE_XSDB.U_ICON/U_CMD/iTARGET_reg[13]/Q
                         net (fo=4, routed)           0.487     5.523    dbg_hub/inst/CORE_XSDB.U_ICON/U_CMD/iCORE_ID[1]
    SLICE_X103Y64        LUT6 (Prop_lut6_I3_O)        0.043     5.566 f  dbg_hub/inst/CORE_XSDB.U_ICON/U_CMD/shift_reg_in[1]_i_2/O
                         net (fo=9, routed)           0.359     5.925    dbg_hub/inst/CORE_XSDB.U_ICON/U_CMD/shift_reg_in[1]_i_2_n_0
    SLICE_X104Y62        LUT6 (Prop_lut6_I0_O)        0.043     5.968 f  dbg_hub/inst/CORE_XSDB.U_ICON/U_CMD/shift_reg_in[17]_i_1/O
                         net (fo=23, routed)          0.459     6.427    dbg_hub/inst/CORE_XSDB.U_ICON/U_CMD/shift_reg_in_reg[17]
    SLICE_X107Y63        LUT2 (Prop_lut2_I0_O)        0.043     6.470 f  dbg_hub/inst/CORE_XSDB.U_ICON/U_CMD/ngwrdrst.grst.g7serrst.rst_wr_reg1_i_1/O
                         net (fo=40, routed)          0.507     6.977    dbg_hub/inst/CORE_XSDB.UUT_MASTER/U_ICON_INTERFACE/U_CMD6_WR/AR[0]
    SLICE_X107Y67        FDCE                                         f  dbg_hub/inst/CORE_XSDB.UUT_MASTER/U_ICON_INTERFACE/U_CMD6_WR/shift_reg_in_reg[11]/CLR
  -------------------------------------------------------------------    -------------------

                         (clock dbg_hub/inst/N_EXT_BSCAN.bscan_inst/SERIES7_BSCAN.bscan_inst/DRCK rise edge)
                                                     30.000    30.000 r  
    BSCAN_X0Y0           BSCANE2                      0.000    30.000 r  dbg_hub/inst/N_EXT_BSCAN.bscan_inst/SERIES7_BSCAN.bscan_inst/DRCK
                         net (fo=1, routed)           2.627    32.627    dbg_hub/inst/DRCK
    BUFGCTRL_X0Y1        BUFG (Prop_bufg_I_O)         0.083    32.710 r  dbg_hub/inst/N_EXT_BSCAN.u_bufg_icon/O
                         net (fo=269, routed)         1.444    34.154    dbg_hub/inst/CORE_XSDB.UUT_MASTER/U_ICON_INTERFACE/U_CMD6_WR/CLK
    SLICE_X107Y67        FDCE                                         r  dbg_hub/inst/CORE_XSDB.UUT_MASTER/U_ICON_INTERFACE/U_CMD6_WR/shift_reg_in_reg[11]/C
                         clock pessimism              0.583    34.737    
                         clock uncertainty           -0.035    34.702    
    SLICE_X107Y67        FDCE (Recov_fdce_C_CLR)     -0.212    34.490    dbg_hub/inst/CORE_XSDB.UUT_MASTER/U_ICON_INTERFACE/U_CMD6_WR/shift_reg_in_reg[11]
  -------------------------------------------------------------------
                         required time                         34.490    
                         arrival time                          -6.977    
  -------------------------------------------------------------------
                         slack                                 27.512    

Slack (MET) :             27.512ns  (required time - arrival time)
  Source:                 dbg_hub/inst/CORE_XSDB.U_ICON/U_CMD/iTARGET_reg[13]/C
                            (rising edge-triggered cell FDCE clocked by dbg_hub/inst/N_EXT_BSCAN.bscan_inst/SERIES7_BSCAN.bscan_inst/DRCK  {rise@0.000ns fall@15.000ns period=30.000ns})
  Destination:            dbg_hub/inst/CORE_XSDB.UUT_MASTER/U_ICON_INTERFACE/U_CMD6_WR/shift_reg_in_reg[12]/CLR
                            (recovery check against rising-edge clock dbg_hub/inst/N_EXT_BSCAN.bscan_inst/SERIES7_BSCAN.bscan_inst/DRCK  {rise@0.000ns fall@15.000ns period=30.000ns})
  Path Group:             **async_default**
  Path Type:              Recovery (Max at Slow Process Corner)
  Requirement:            30.000ns  (dbg_hub/inst/N_EXT_BSCAN.bscan_inst/SERIES7_BSCAN.bscan_inst/DRCK rise@30.000ns - dbg_hub/inst/N_EXT_BSCAN.bscan_inst/SERIES7_BSCAN.bscan_inst/DRCK rise@0.000ns)
  Data Path Delay:        2.199ns  (logic 0.388ns (17.641%)  route 1.811ns (82.359%))
  Logic Levels:           3  (LUT2=1 LUT6=2)
  Clock Path Skew:        -0.041ns (DCD - SCD + CPR)
    Destination Clock Delay (DCD):    4.154ns = ( 34.154 - 30.000 ) 
    Source Clock Delay      (SCD):    4.778ns
    Clock Pessimism Removal (CPR):    0.583ns
  Clock Uncertainty:      0.035ns  ((TSJ^2 + TIJ^2)^1/2 + DJ) / 2 + PE
    Total System Jitter     (TSJ):    0.071ns
    Total Input Jitter      (TIJ):    0.000ns
    Discrete Jitter          (DJ):    0.000ns
    Phase Error              (PE):    0.000ns

    Location             Delay type                Incr(ns)  Path(ns)    Netlist Resource(s)
  -------------------------------------------------------------------    -------------------
                         (clock dbg_hub/inst/N_EXT_BSCAN.bscan_inst/SERIES7_BSCAN.bscan_inst/DRCK rise edge)
                                                      0.000     0.000 r  
    BSCAN_X0Y0           BSCANE2                      0.000     0.000 r  dbg_hub/inst/N_EXT_BSCAN.bscan_inst/SERIES7_BSCAN.bscan_inst/DRCK
                         net (fo=1, routed)           3.110     3.110    dbg_hub/inst/DRCK
    BUFGCTRL_X0Y1        BUFG (Prop_bufg_I_O)         0.093     3.203 r  dbg_hub/inst/N_EXT_BSCAN.u_bufg_icon/O
                         net (fo=269, routed)         1.575     4.778    dbg_hub/inst/CORE_XSDB.U_ICON/U_CMD/CLK
    SLICE_X102Y64        FDCE                                         r  dbg_hub/inst/CORE_XSDB.U_ICON/U_CMD/iTARGET_reg[13]/C
  -------------------------------------------------------------------    -------------------
    SLICE_X102Y64        FDCE (Prop_fdce_C_Q)         0.259     5.037 r  dbg_hub/inst/CORE_XSDB.U_ICON/U_CMD/iTARGET_reg[13]/Q
                         net (fo=4, routed)           0.487     5.523    dbg_hub/inst/CORE_XSDB.U_ICON/U_CMD/iCORE_ID[1]
    SLICE_X103Y64        LUT6 (Prop_lut6_I3_O)        0.043     5.566 f  dbg_hub/inst/CORE_XSDB.U_ICON/U_CMD/shift_reg_in[1]_i_2/O
                         net (fo=9, routed)           0.359     5.925    dbg_hub/inst/CORE_XSDB.U_ICON/U_CMD/shift_reg_in[1]_i_2_n_0
    SLICE_X104Y62        LUT6 (Prop_lut6_I0_O)        0.043     5.968 f  dbg_hub/inst/CORE_XSDB.U_ICON/U_CMD/shift_reg_in[17]_i_1/O
                         net (fo=23, routed)          0.459     6.427    dbg_hub/inst/CORE_XSDB.U_ICON/U_CMD/shift_reg_in_reg[17]
    SLICE_X107Y63        LUT2 (Prop_lut2_I0_O)        0.043     6.470 f  dbg_hub/inst/CORE_XSDB.U_ICON/U_CMD/ngwrdrst.grst.g7serrst.rst_wr_reg1_i_1/O
                         net (fo=40, routed)          0.507     6.977    dbg_hub/inst/CORE_XSDB.UUT_MASTER/U_ICON_INTERFACE/U_CMD6_WR/AR[0]
    SLICE_X107Y67        FDCE                                         f  dbg_hub/inst/CORE_XSDB.UUT_MASTER/U_ICON_INTERFACE/U_CMD6_WR/shift_reg_in_reg[12]/CLR
  -------------------------------------------------------------------    -------------------

                         (clock dbg_hub/inst/N_EXT_BSCAN.bscan_inst/SERIES7_BSCAN.bscan_inst/DRCK rise edge)
                                                     30.000    30.000 r  
    BSCAN_X0Y0           BSCANE2                      0.000    30.000 r  dbg_hub/inst/N_EXT_BSCAN.bscan_inst/SERIES7_BSCAN.bscan_inst/DRCK
                         net (fo=1, routed)           2.627    32.627    dbg_hub/inst/DRCK
    BUFGCTRL_X0Y1        BUFG (Prop_bufg_I_O)         0.083    32.710 r  dbg_hub/inst/N_EXT_BSCAN.u_bufg_icon/O
                         net (fo=269, routed)         1.444    34.154    dbg_hub/inst/CORE_XSDB.UUT_MASTER/U_ICON_INTERFACE/U_CMD6_WR/CLK
    SLICE_X107Y67        FDCE                                         r  dbg_hub/inst/CORE_XSDB.UUT_MASTER/U_ICON_INTERFACE/U_CMD6_WR/shift_reg_in_reg[12]/C
                         clock pessimism              0.583    34.737    
                         clock uncertainty           -0.035    34.702    
    SLICE_X107Y67        FDCE (Recov_fdce_C_CLR)     -0.212    34.490    dbg_hub/inst/CORE_XSDB.UUT_MASTER/U_ICON_INTERFACE/U_CMD6_WR/shift_reg_in_reg[12]
  -------------------------------------------------------------------
                         required time                         34.490    
                         arrival time                          -6.977    
  -------------------------------------------------------------------
                         slack                                 27.512    

Slack (MET) :             27.512ns  (required time - arrival time)
  Source:                 dbg_hub/inst/CORE_XSDB.U_ICON/U_CMD/iTARGET_reg[13]/C
                            (rising edge-triggered cell FDCE clocked by dbg_hub/inst/N_EXT_BSCAN.bscan_inst/SERIES7_BSCAN.bscan_inst/DRCK  {rise@0.000ns fall@15.000ns period=30.000ns})
  Destination:            dbg_hub/inst/CORE_XSDB.UUT_MASTER/U_ICON_INTERFACE/U_CMD6_WR/shift_reg_in_reg[1]/CLR
                            (recovery check against rising-edge clock dbg_hub/inst/N_EXT_BSCAN.bscan_inst/SERIES7_BSCAN.bscan_inst/DRCK  {rise@0.000ns fall@15.000ns period=30.000ns})
  Path Group:             **async_default**
  Path Type:              Recovery (Max at Slow Process Corner)
  Requirement:            30.000ns  (dbg_hub/inst/N_EXT_BSCAN.bscan_inst/SERIES7_BSCAN.bscan_inst/DRCK rise@30.000ns - dbg_hub/inst/N_EXT_BSCAN.bscan_inst/SERIES7_BSCAN.bscan_inst/DRCK rise@0.000ns)
  Data Path Delay:        2.199ns  (logic 0.388ns (17.641%)  route 1.811ns (82.359%))
  Logic Levels:           3  (LUT2=1 LUT6=2)
  Clock Path Skew:        -0.041ns (DCD - SCD + CPR)
    Destination Clock Delay (DCD):    4.154ns = ( 34.154 - 30.000 ) 
    Source Clock Delay      (SCD):    4.778ns
    Clock Pessimism Removal (CPR):    0.583ns
  Clock Uncertainty:      0.035ns  ((TSJ^2 + TIJ^2)^1/2 + DJ) / 2 + PE
    Total System Jitter     (TSJ):    0.071ns
    Total Input Jitter      (TIJ):    0.000ns
    Discrete Jitter          (DJ):    0.000ns
    Phase Error              (PE):    0.000ns

    Location             Delay type                Incr(ns)  Path(ns)    Netlist Resource(s)
  -------------------------------------------------------------------    -------------------
                         (clock dbg_hub/inst/N_EXT_BSCAN.bscan_inst/SERIES7_BSCAN.bscan_inst/DRCK rise edge)
                                                      0.000     0.000 r  
    BSCAN_X0Y0           BSCANE2                      0.000     0.000 r  dbg_hub/inst/N_EXT_BSCAN.bscan_inst/SERIES7_BSCAN.bscan_inst/DRCK
                         net (fo=1, routed)           3.110     3.110    dbg_hub/inst/DRCK
    BUFGCTRL_X0Y1        BUFG (Prop_bufg_I_O)         0.093     3.203 r  dbg_hub/inst/N_EXT_BSCAN.u_bufg_icon/O
                         net (fo=269, routed)         1.575     4.778    dbg_hub/inst/CORE_XSDB.U_ICON/U_CMD/CLK
    SLICE_X102Y64        FDCE                                         r  dbg_hub/inst/CORE_XSDB.U_ICON/U_CMD/iTARGET_reg[13]/C
  -------------------------------------------------------------------    -------------------
    SLICE_X102Y64        FDCE (Prop_fdce_C_Q)         0.259     5.037 r  dbg_hub/inst/CORE_XSDB.U_ICON/U_CMD/iTARGET_reg[13]/Q
                         net (fo=4, routed)           0.487     5.523    dbg_hub/inst/CORE_XSDB.U_ICON/U_CMD/iCORE_ID[1]
    SLICE_X103Y64        LUT6 (Prop_lut6_I3_O)        0.043     5.566 f  dbg_hub/inst/CORE_XSDB.U_ICON/U_CMD/shift_reg_in[1]_i_2/O
                         net (fo=9, routed)           0.359     5.925    dbg_hub/inst/CORE_XSDB.U_ICON/U_CMD/shift_reg_in[1]_i_2_n_0
    SLICE_X104Y62        LUT6 (Prop_lut6_I0_O)        0.043     5.968 f  dbg_hub/inst/CORE_XSDB.U_ICON/U_CMD/shift_reg_in[17]_i_1/O
                         net (fo=23, routed)          0.459     6.427    dbg_hub/inst/CORE_XSDB.U_ICON/U_CMD/shift_reg_in_reg[17]
    SLICE_X107Y63        LUT2 (Prop_lut2_I0_O)        0.043     6.470 f  dbg_hub/inst/CORE_XSDB.U_ICON/U_CMD/ngwrdrst.grst.g7serrst.rst_wr_reg1_i_1/O
                         net (fo=40, routed)          0.507     6.977    dbg_hub/inst/CORE_XSDB.UUT_MASTER/U_ICON_INTERFACE/U_CMD6_WR/AR[0]
    SLICE_X107Y67        FDCE                                         f  dbg_hub/inst/CORE_XSDB.UUT_MASTER/U_ICON_INTERFACE/U_CMD6_WR/shift_reg_in_reg[1]/CLR
  -------------------------------------------------------------------    -------------------

                         (clock dbg_hub/inst/N_EXT_BSCAN.bscan_inst/SERIES7_BSCAN.bscan_inst/DRCK rise edge)
                                                     30.000    30.000 r  
    BSCAN_X0Y0           BSCANE2                      0.000    30.000 r  dbg_hub/inst/N_EXT_BSCAN.bscan_inst/SERIES7_BSCAN.bscan_inst/DRCK
                         net (fo=1, routed)           2.627    32.627    dbg_hub/inst/DRCK
    BUFGCTRL_X0Y1        BUFG (Prop_bufg_I_O)         0.083    32.710 r  dbg_hub/inst/N_EXT_BSCAN.u_bufg_icon/O
                         net (fo=269, routed)         1.444    34.154    dbg_hub/inst/CORE_XSDB.UUT_MASTER/U_ICON_INTERFACE/U_CMD6_WR/CLK
    SLICE_X107Y67        FDCE                                         r  dbg_hub/inst/CORE_XSDB.UUT_MASTER/U_ICON_INTERFACE/U_CMD6_WR/shift_reg_in_reg[1]/C
                         clock pessimism              0.583    34.737    
                         clock uncertainty           -0.035    34.702    
    SLICE_X107Y67        FDCE (Recov_fdce_C_CLR)     -0.212    34.490    dbg_hub/inst/CORE_XSDB.UUT_MASTER/U_ICON_INTERFACE/U_CMD6_WR/shift_reg_in_reg[1]
  -------------------------------------------------------------------
                         required time                         34.490    
                         arrival time                          -6.977    
  -------------------------------------------------------------------
                         slack                                 27.512    





Min Delay Paths
--------------------------------------------------------------------------------------
Slack (MET) :             0.262ns  (arrival time - required time)
  Source:                 dbg_hub/inst/CORE_XSDB.UUT_MASTER/U_ICON_INTERFACE/U_CMD6_RD/U_RD_FIFO/SUBCORE_FIFO.xsdbm_v1_1_1_rdfifo_inst/inst_fifo_gen/gconvfifo.rf/grf.rf/rstblk/ngwrdrst.grst.g7serrst.rd_rst_reg_reg[2]/C
                            (rising edge-triggered cell FDPE clocked by dbg_hub/inst/N_EXT_BSCAN.bscan_inst/SERIES7_BSCAN.bscan_inst/DRCK  {rise@0.000ns fall@15.000ns period=30.000ns})
  Destination:            dbg_hub/inst/CORE_XSDB.UUT_MASTER/U_ICON_INTERFACE/U_CMD6_RD/U_RD_FIFO/SUBCORE_FIFO.xsdbm_v1_1_1_rdfifo_inst/inst_fifo_gen/gconvfifo.rf/grf.rf/gntv_or_sync_fifo.gl0.rd/rpntr/gc0.count_reg[1]/CLR
                            (removal check against rising-edge clock dbg_hub/inst/N_EXT_BSCAN.bscan_inst/SERIES7_BSCAN.bscan_inst/DRCK  {rise@0.000ns fall@15.000ns period=30.000ns})
  Path Group:             **async_default**
  Path Type:              Removal (Min at Fast Process Corner)
  Requirement:            0.000ns  (dbg_hub/inst/N_EXT_BSCAN.bscan_inst/SERIES7_BSCAN.bscan_inst/DRCK rise@0.000ns - dbg_hub/inst/N_EXT_BSCAN.bscan_inst/SERIES7_BSCAN.bscan_inst/DRCK rise@0.000ns)
  Data Path Delay:        0.207ns  (logic 0.100ns (48.271%)  route 0.107ns (51.729%))
  Logic Levels:           0  
  Clock Path Skew:        0.014ns (DCD - SCD - CPR)
    Destination Clock Delay (DCD):    2.874ns
    Source Clock Delay      (SCD):    2.340ns
    Clock Pessimism Removal (CPR):    0.520ns

    Location             Delay type                Incr(ns)  Path(ns)    Netlist Resource(s)
  -------------------------------------------------------------------    -------------------
                         (clock dbg_hub/inst/N_EXT_BSCAN.bscan_inst/SERIES7_BSCAN.bscan_inst/DRCK rise edge)
                                                      0.000     0.000 r  
    BSCAN_X0Y0           BSCANE2                      0.000     0.000 r  dbg_hub/inst/N_EXT_BSCAN.bscan_inst/SERIES7_BSCAN.bscan_inst/DRCK
                         net (fo=1, routed)           1.653     1.653    dbg_hub/inst/DRCK
    BUFGCTRL_X0Y1        BUFG (Prop_bufg_I_O)         0.026     1.679 r  dbg_hub/inst/N_EXT_BSCAN.u_bufg_icon/O
                         net (fo=269, routed)         0.661     2.340    dbg_hub/inst/CORE_XSDB.UUT_MASTER/U_ICON_INTERFACE/U_CMD6_RD/U_RD_FIFO/SUBCORE_FIFO.xsdbm_v1_1_1_rdfifo_inst/inst_fifo_gen/gconvfifo.rf/grf.rf/rstblk/CLK
    SLICE_X112Y58        FDPE                                         r  dbg_hub/inst/CORE_XSDB.UUT_MASTER/U_ICON_INTERFACE/U_CMD6_RD/U_RD_FIFO/SUBCORE_FIFO.xsdbm_v1_1_1_rdfifo_inst/inst_fifo_gen/gconvfifo.rf/grf.rf/rstblk/ngwrdrst.grst.g7serrst.rd_rst_reg_reg[2]/C
  -------------------------------------------------------------------    -------------------
    SLICE_X112Y58        FDPE (Prop_fdpe_C_Q)         0.100     2.440 f  dbg_hub/inst/CORE_XSDB.UUT_MASTER/U_ICON_INTERFACE/U_CMD6_RD/U_RD_FIFO/SUBCORE_FIFO.xsdbm_v1_1_1_rdfifo_inst/inst_fifo_gen/gconvfifo.rf/grf.rf/rstblk/ngwrdrst.grst.g7serrst.rd_rst_reg_reg[2]/Q
                         net (fo=14, routed)          0.107     2.547    dbg_hub/inst/CORE_XSDB.UUT_MASTER/U_ICON_INTERFACE/U_CMD6_RD/U_RD_FIFO/SUBCORE_FIFO.xsdbm_v1_1_1_rdfifo_inst/inst_fifo_gen/gconvfifo.rf/grf.rf/gntv_or_sync_fifo.gl0.rd/rpntr/ngwrdrst.grst.g7serrst.rd_rst_reg_reg[2][0]
    SLICE_X113Y59        FDCE                                         f  dbg_hub/inst/CORE_XSDB.UUT_MASTER/U_ICON_INTERFACE/U_CMD6_RD/U_RD_FIFO/SUBCORE_FIFO.xsdbm_v1_1_1_rdfifo_inst/inst_fifo_gen/gconvfifo.rf/grf.rf/gntv_or_sync_fifo.gl0.rd/rpntr/gc0.count_reg[1]/CLR
  -------------------------------------------------------------------    -------------------

                         (clock dbg_hub/inst/N_EXT_BSCAN.bscan_inst/SERIES7_BSCAN.bscan_inst/DRCK rise edge)
                                                      0.000     0.000 r  
    BSCAN_X0Y0           BSCANE2                      0.000     0.000 r  dbg_hub/inst/N_EXT_BSCAN.bscan_inst/SERIES7_BSCAN.bscan_inst/DRCK
                         net (fo=1, routed)           1.943     1.943    dbg_hub/inst/DRCK
    BUFGCTRL_X0Y1        BUFG (Prop_bufg_I_O)         0.030     1.973 r  dbg_hub/inst/N_EXT_BSCAN.u_bufg_icon/O
                         net (fo=269, routed)         0.901     2.874    dbg_hub/inst/CORE_XSDB.UUT_MASTER/U_ICON_INTERFACE/U_CMD6_RD/U_RD_FIFO/SUBCORE_FIFO.xsdbm_v1_1_1_rdfifo_inst/inst_fifo_gen/gconvfifo.rf/grf.rf/gntv_or_sync_fifo.gl0.rd/rpntr/CLK
    SLICE_X113Y59        FDCE                                         r  dbg_hub/inst/CORE_XSDB.UUT_MASTER/U_ICON_INTERFACE/U_CMD6_RD/U_RD_FIFO/SUBCORE_FIFO.xsdbm_v1_1_1_rdfifo_inst/inst_fifo_gen/gconvfifo.rf/grf.rf/gntv_or_sync_fifo.gl0.rd/rpntr/gc0.count_reg[1]/C
                         clock pessimism             -0.520     2.354    
    SLICE_X113Y59        FDCE (Remov_fdce_C_CLR)     -0.069     2.285    dbg_hub/inst/CORE_XSDB.UUT_MASTER/U_ICON_INTERFACE/U_CMD6_RD/U_RD_FIFO/SUBCORE_FIFO.xsdbm_v1_1_1_rdfifo_inst/inst_fifo_gen/gconvfifo.rf/grf.rf/gntv_or_sync_fifo.gl0.rd/rpntr/gc0.count_reg[1]
  -------------------------------------------------------------------
                         required time                         -2.285    
                         arrival time                           2.547    
  -------------------------------------------------------------------
                         slack                                  0.262    

Slack (MET) :             0.264ns  (arrival time - required time)
  Source:                 dbg_hub/inst/CORE_XSDB.UUT_MASTER/U_ICON_INTERFACE/U_CMD6_RD/U_RD_FIFO/SUBCORE_FIFO.xsdbm_v1_1_1_rdfifo_inst/inst_fifo_gen/gconvfifo.rf/grf.rf/rstblk/ngwrdrst.grst.g7serrst.rd_rst_reg_reg[2]/C
                            (rising edge-triggered cell FDPE clocked by dbg_hub/inst/N_EXT_BSCAN.bscan_inst/SERIES7_BSCAN.bscan_inst/DRCK  {rise@0.000ns fall@15.000ns period=30.000ns})
  Destination:            dbg_hub/inst/CORE_XSDB.UUT_MASTER/U_ICON_INTERFACE/U_CMD6_RD/U_RD_FIFO/SUBCORE_FIFO.xsdbm_v1_1_1_rdfifo_inst/inst_fifo_gen/gconvfifo.rf/grf.rf/gntv_or_sync_fifo.gl0.rd/gr1.rfwft/gpregsm1.curr_fwft_state_reg[1]/CLR
                            (removal check against rising-edge clock dbg_hub/inst/N_EXT_BSCAN.bscan_inst/SERIES7_BSCAN.bscan_inst/DRCK  {rise@0.000ns fall@15.000ns period=30.000ns})
  Path Group:             **async_default**
  Path Type:              Removal (Min at Fast Process Corner)
  Requirement:            0.000ns  (dbg_hub/inst/N_EXT_BSCAN.bscan_inst/SERIES7_BSCAN.bscan_inst/DRCK rise@0.000ns - dbg_hub/inst/N_EXT_BSCAN.bscan_inst/SERIES7_BSCAN.bscan_inst/DRCK rise@0.000ns)
  Data Path Delay:        0.209ns  (logic 0.100ns (47.787%)  route 0.109ns (52.213%))
  Logic Levels:           0  
  Clock Path Skew:        0.014ns (DCD - SCD - CPR)
    Destination Clock Delay (DCD):    2.874ns
    Source Clock Delay      (SCD):    2.340ns
    Clock Pessimism Removal (CPR):    0.520ns

    Location             Delay type                Incr(ns)  Path(ns)    Netlist Resource(s)
  -------------------------------------------------------------------    -------------------
                         (clock dbg_hub/inst/N_EXT_BSCAN.bscan_inst/SERIES7_BSCAN.bscan_inst/DRCK rise edge)
                                                      0.000     0.000 r  
    BSCAN_X0Y0           BSCANE2                      0.000     0.000 r  dbg_hub/inst/N_EXT_BSCAN.bscan_inst/SERIES7_BSCAN.bscan_inst/DRCK
                         net (fo=1, routed)           1.653     1.653    dbg_hub/inst/DRCK
    BUFGCTRL_X0Y1        BUFG (Prop_bufg_I_O)         0.026     1.679 r  dbg_hub/inst/N_EXT_BSCAN.u_bufg_icon/O
                         net (fo=269, routed)         0.661     2.340    dbg_hub/inst/CORE_XSDB.UUT_MASTER/U_ICON_INTERFACE/U_CMD6_RD/U_RD_FIFO/SUBCORE_FIFO.xsdbm_v1_1_1_rdfifo_inst/inst_fifo_gen/gconvfifo.rf/grf.rf/rstblk/CLK
    SLICE_X112Y58        FDPE                                         r  dbg_hub/inst/CORE_XSDB.UUT_MASTER/U_ICON_INTERFACE/U_CMD6_RD/U_RD_FIFO/SUBCORE_FIFO.xsdbm_v1_1_1_rdfifo_inst/inst_fifo_gen/gconvfifo.rf/grf.rf/rstblk/ngwrdrst.grst.g7serrst.rd_rst_reg_reg[2]/C
  -------------------------------------------------------------------    -------------------
    SLICE_X112Y58        FDPE (Prop_fdpe_C_Q)         0.100     2.440 f  dbg_hub/inst/CORE_XSDB.UUT_MASTER/U_ICON_INTERFACE/U_CMD6_RD/U_RD_FIFO/SUBCORE_FIFO.xsdbm_v1_1_1_rdfifo_inst/inst_fifo_gen/gconvfifo.rf/grf.rf/rstblk/ngwrdrst.grst.g7serrst.rd_rst_reg_reg[2]/Q
                         net (fo=14, routed)          0.109     2.549    dbg_hub/inst/CORE_XSDB.UUT_MASTER/U_ICON_INTERFACE/U_CMD6_RD/U_RD_FIFO/SUBCORE_FIFO.xsdbm_v1_1_1_rdfifo_inst/inst_fifo_gen/gconvfifo.rf/grf.rf/gntv_or_sync_fifo.gl0.rd/gr1.rfwft/Q[1]
    SLICE_X112Y59        FDCE                                         f  dbg_hub/inst/CORE_XSDB.UUT_MASTER/U_ICON_INTERFACE/U_CMD6_RD/U_RD_FIFO/SUBCORE_FIFO.xsdbm_v1_1_1_rdfifo_inst/inst_fifo_gen/gconvfifo.rf/grf.rf/gntv_or_sync_fifo.gl0.rd/gr1.rfwft/gpregsm1.curr_fwft_state_reg[1]/CLR
  -------------------------------------------------------------------    -------------------

                         (clock dbg_hub/inst/N_EXT_BSCAN.bscan_inst/SERIES7_BSCAN.bscan_inst/DRCK rise edge)
                                                      0.000     0.000 r  
    BSCAN_X0Y0           BSCANE2                      0.000     0.000 r  dbg_hub/inst/N_EXT_BSCAN.bscan_inst/SERIES7_BSCAN.bscan_inst/DRCK
                         net (fo=1, routed)           1.943     1.943    dbg_hub/inst/DRCK
    BUFGCTRL_X0Y1        BUFG (Prop_bufg_I_O)         0.030     1.973 r  dbg_hub/inst/N_EXT_BSCAN.u_bufg_icon/O
                         net (fo=269, routed)         0.901     2.874    dbg_hub/inst/CORE_XSDB.UUT_MASTER/U_ICON_INTERFACE/U_CMD6_RD/U_RD_FIFO/SUBCORE_FIFO.xsdbm_v1_1_1_rdfifo_inst/inst_fifo_gen/gconvfifo.rf/grf.rf/gntv_or_sync_fifo.gl0.rd/gr1.rfwft/CLK
    SLICE_X112Y59        FDCE                                         r  dbg_hub/inst/CORE_XSDB.UUT_MASTER/U_ICON_INTERFACE/U_CMD6_RD/U_RD_FIFO/SUBCORE_FIFO.xsdbm_v1_1_1_rdfifo_inst/inst_fifo_gen/gconvfifo.rf/grf.rf/gntv_or_sync_fifo.gl0.rd/gr1.rfwft/gpregsm1.curr_fwft_state_reg[1]/C
                         clock pessimism             -0.520     2.354    
    SLICE_X112Y59        FDCE (Remov_fdce_C_CLR)     -0.069     2.285    dbg_hub/inst/CORE_XSDB.UUT_MASTER/U_ICON_INTERFACE/U_CMD6_RD/U_RD_FIFO/SUBCORE_FIFO.xsdbm_v1_1_1_rdfifo_inst/inst_fifo_gen/gconvfifo.rf/grf.rf/gntv_or_sync_fifo.gl0.rd/gr1.rfwft/gpregsm1.curr_fwft_state_reg[1]
  -------------------------------------------------------------------
                         required time                         -2.285    
                         arrival time                           2.549    
  -------------------------------------------------------------------
                         slack                                  0.264    

Slack (MET) :             0.265ns  (arrival time - required time)
  Source:                 dbg_hub/inst/CORE_XSDB.UUT_MASTER/U_ICON_INTERFACE/U_CMD6_RD/U_RD_FIFO/SUBCORE_FIFO.xsdbm_v1_1_1_rdfifo_inst/inst_fifo_gen/gconvfifo.rf/grf.rf/rstblk/ngwrdrst.grst.g7serrst.rd_rst_reg_reg[2]/C
                            (rising edge-triggered cell FDPE clocked by dbg_hub/inst/N_EXT_BSCAN.bscan_inst/SERIES7_BSCAN.bscan_inst/DRCK  {rise@0.000ns fall@15.000ns period=30.000ns})
  Destination:            dbg_hub/inst/CORE_XSDB.UUT_MASTER/U_ICON_INTERFACE/U_CMD6_RD/U_RD_FIFO/SUBCORE_FIFO.xsdbm_v1_1_1_rdfifo_inst/inst_fifo_gen/gconvfifo.rf/grf.rf/gntv_or_sync_fifo.gl0.rd/rpntr/gc0.count_reg[0]/PRE
                            (removal check against rising-edge clock dbg_hub/inst/N_EXT_BSCAN.bscan_inst/SERIES7_BSCAN.bscan_inst/DRCK  {rise@0.000ns fall@15.000ns period=30.000ns})
  Path Group:             **async_default**
  Path Type:              Removal (Min at Fast Process Corner)
  Requirement:            0.000ns  (dbg_hub/inst/N_EXT_BSCAN.bscan_inst/SERIES7_BSCAN.bscan_inst/DRCK rise@0.000ns - dbg_hub/inst/N_EXT_BSCAN.bscan_inst/SERIES7_BSCAN.bscan_inst/DRCK rise@0.000ns)
  Data Path Delay:        0.207ns  (logic 0.100ns (48.271%)  route 0.107ns (51.729%))
  Logic Levels:           0  
  Clock Path Skew:        0.014ns (DCD - SCD - CPR)
    Destination Clock Delay (DCD):    2.874ns
    Source Clock Delay      (SCD):    2.340ns
    Clock Pessimism Removal (CPR):    0.520ns

    Location             Delay type                Incr(ns)  Path(ns)    Netlist Resource(s)
  -------------------------------------------------------------------    -------------------
                         (clock dbg_hub/inst/N_EXT_BSCAN.bscan_inst/SERIES7_BSCAN.bscan_inst/DRCK rise edge)
                                                      0.000     0.000 r  
    BSCAN_X0Y0           BSCANE2                      0.000     0.000 r  dbg_hub/inst/N_EXT_BSCAN.bscan_inst/SERIES7_BSCAN.bscan_inst/DRCK
                         net (fo=1, routed)           1.653     1.653    dbg_hub/inst/DRCK
    BUFGCTRL_X0Y1        BUFG (Prop_bufg_I_O)         0.026     1.679 r  dbg_hub/inst/N_EXT_BSCAN.u_bufg_icon/O
                         net (fo=269, routed)         0.661     2.340    dbg_hub/inst/CORE_XSDB.UUT_MASTER/U_ICON_INTERFACE/U_CMD6_RD/U_RD_FIFO/SUBCORE_FIFO.xsdbm_v1_1_1_rdfifo_inst/inst_fifo_gen/gconvfifo.rf/grf.rf/rstblk/CLK
    SLICE_X112Y58        FDPE                                         r  dbg_hub/inst/CORE_XSDB.UUT_MASTER/U_ICON_INTERFACE/U_CMD6_RD/U_RD_FIFO/SUBCORE_FIFO.xsdbm_v1_1_1_rdfifo_inst/inst_fifo_gen/gconvfifo.rf/grf.rf/rstblk/ngwrdrst.grst.g7serrst.rd_rst_reg_reg[2]/C
  -------------------------------------------------------------------    -------------------
    SLICE_X112Y58        FDPE (Prop_fdpe_C_Q)         0.100     2.440 f  dbg_hub/inst/CORE_XSDB.UUT_MASTER/U_ICON_INTERFACE/U_CMD6_RD/U_RD_FIFO/SUBCORE_FIFO.xsdbm_v1_1_1_rdfifo_inst/inst_fifo_gen/gconvfifo.rf/grf.rf/rstblk/ngwrdrst.grst.g7serrst.rd_rst_reg_reg[2]/Q
                         net (fo=14, routed)          0.107     2.547    dbg_hub/inst/CORE_XSDB.UUT_MASTER/U_ICON_INTERFACE/U_CMD6_RD/U_RD_FIFO/SUBCORE_FIFO.xsdbm_v1_1_1_rdfifo_inst/inst_fifo_gen/gconvfifo.rf/grf.rf/gntv_or_sync_fifo.gl0.rd/rpntr/ngwrdrst.grst.g7serrst.rd_rst_reg_reg[2][0]
    SLICE_X113Y59        FDPE                                         f  dbg_hub/inst/CORE_XSDB.UUT_MASTER/U_ICON_INTERFACE/U_CMD6_RD/U_RD_FIFO/SUBCORE_FIFO.xsdbm_v1_1_1_rdfifo_inst/inst_fifo_gen/gconvfifo.rf/grf.rf/gntv_or_sync_fifo.gl0.rd/rpntr/gc0.count_reg[0]/PRE
  -------------------------------------------------------------------    -------------------

                         (clock dbg_hub/inst/N_EXT_BSCAN.bscan_inst/SERIES7_BSCAN.bscan_inst/DRCK rise edge)
                                                      0.000     0.000 r  
    BSCAN_X0Y0           BSCANE2                      0.000     0.000 r  dbg_hub/inst/N_EXT_BSCAN.bscan_inst/SERIES7_BSCAN.bscan_inst/DRCK
                         net (fo=1, routed)           1.943     1.943    dbg_hub/inst/DRCK
    BUFGCTRL_X0Y1        BUFG (Prop_bufg_I_O)         0.030     1.973 r  dbg_hub/inst/N_EXT_BSCAN.u_bufg_icon/O
                         net (fo=269, routed)         0.901     2.874    dbg_hub/inst/CORE_XSDB.UUT_MASTER/U_ICON_INTERFACE/U_CMD6_RD/U_RD_FIFO/SUBCORE_FIFO.xsdbm_v1_1_1_rdfifo_inst/inst_fifo_gen/gconvfifo.rf/grf.rf/gntv_or_sync_fifo.gl0.rd/rpntr/CLK
    SLICE_X113Y59        FDPE                                         r  dbg_hub/inst/CORE_XSDB.UUT_MASTER/U_ICON_INTERFACE/U_CMD6_RD/U_RD_FIFO/SUBCORE_FIFO.xsdbm_v1_1_1_rdfifo_inst/inst_fifo_gen/gconvfifo.rf/grf.rf/gntv_or_sync_fifo.gl0.rd/rpntr/gc0.count_reg[0]/C
                         clock pessimism             -0.520     2.354    
    SLICE_X113Y59        FDPE (Remov_fdpe_C_PRE)     -0.072     2.282    dbg_hub/inst/CORE_XSDB.UUT_MASTER/U_ICON_INTERFACE/U_CMD6_RD/U_RD_FIFO/SUBCORE_FIFO.xsdbm_v1_1_1_rdfifo_inst/inst_fifo_gen/gconvfifo.rf/grf.rf/gntv_or_sync_fifo.gl0.rd/rpntr/gc0.count_reg[0]
  -------------------------------------------------------------------
                         required time                         -2.282    
                         arrival time                           2.547    
  -------------------------------------------------------------------
                         slack                                  0.265    

Slack (MET) :             0.267ns  (arrival time - required time)
  Source:                 dbg_hub/inst/CORE_XSDB.UUT_MASTER/U_ICON_INTERFACE/U_CMD6_RD/U_RD_FIFO/SUBCORE_FIFO.xsdbm_v1_1_1_rdfifo_inst/inst_fifo_gen/gconvfifo.rf/grf.rf/rstblk/ngwrdrst.grst.g7serrst.rd_rst_reg_reg[2]/C
                            (rising edge-triggered cell FDPE clocked by dbg_hub/inst/N_EXT_BSCAN.bscan_inst/SERIES7_BSCAN.bscan_inst/DRCK  {rise@0.000ns fall@15.000ns period=30.000ns})
  Destination:            dbg_hub/inst/CORE_XSDB.UUT_MASTER/U_ICON_INTERFACE/U_CMD6_RD/U_RD_FIFO/SUBCORE_FIFO.xsdbm_v1_1_1_rdfifo_inst/inst_fifo_gen/gconvfifo.rf/grf.rf/gntv_or_sync_fifo.gl0.rd/gras.rsts/ram_empty_fb_i_reg/PRE
                            (removal check against rising-edge clock dbg_hub/inst/N_EXT_BSCAN.bscan_inst/SERIES7_BSCAN.bscan_inst/DRCK  {rise@0.000ns fall@15.000ns period=30.000ns})
  Path Group:             **async_default**
  Path Type:              Removal (Min at Fast Process Corner)
  Requirement:            0.000ns  (dbg_hub/inst/N_EXT_BSCAN.bscan_inst/SERIES7_BSCAN.bscan_inst/DRCK rise@0.000ns - dbg_hub/inst/N_EXT_BSCAN.bscan_inst/SERIES7_BSCAN.bscan_inst/DRCK rise@0.000ns)
  Data Path Delay:        0.209ns  (logic 0.100ns (47.787%)  route 0.109ns (52.213%))
  Logic Levels:           0  
  Clock Path Skew:        0.014ns (DCD - SCD - CPR)
    Destination Clock Delay (DCD):    2.874ns
    Source Clock Delay      (SCD):    2.340ns
    Clock Pessimism Removal (CPR):    0.520ns

    Location             Delay type                Incr(ns)  Path(ns)    Netlist Resource(s)
  -------------------------------------------------------------------    -------------------
                         (clock dbg_hub/inst/N_EXT_BSCAN.bscan_inst/SERIES7_BSCAN.bscan_inst/DRCK rise edge)
                                                      0.000     0.000 r  
    BSCAN_X0Y0           BSCANE2                      0.000     0.000 r  dbg_hub/inst/N_EXT_BSCAN.bscan_inst/SERIES7_BSCAN.bscan_inst/DRCK
                         net (fo=1, routed)           1.653     1.653    dbg_hub/inst/DRCK
    BUFGCTRL_X0Y1        BUFG (Prop_bufg_I_O)         0.026     1.679 r  dbg_hub/inst/N_EXT_BSCAN.u_bufg_icon/O
                         net (fo=269, routed)         0.661     2.340    dbg_hub/inst/CORE_XSDB.UUT_MASTER/U_ICON_INTERFACE/U_CMD6_RD/U_RD_FIFO/SUBCORE_FIFO.xsdbm_v1_1_1_rdfifo_inst/inst_fifo_gen/gconvfifo.rf/grf.rf/rstblk/CLK
    SLICE_X112Y58        FDPE                                         r  dbg_hub/inst/CORE_XSDB.UUT_MASTER/U_ICON_INTERFACE/U_CMD6_RD/U_RD_FIFO/SUBCORE_FIFO.xsdbm_v1_1_1_rdfifo_inst/inst_fifo_gen/gconvfifo.rf/grf.rf/rstblk/ngwrdrst.grst.g7serrst.rd_rst_reg_reg[2]/C
  -------------------------------------------------------------------    -------------------
    SLICE_X112Y58        FDPE (Prop_fdpe_C_Q)         0.100     2.440 f  dbg_hub/inst/CORE_XSDB.UUT_MASTER/U_ICON_INTERFACE/U_CMD6_RD/U_RD_FIFO/SUBCORE_FIFO.xsdbm_v1_1_1_rdfifo_inst/inst_fifo_gen/gconvfifo.rf/grf.rf/rstblk/ngwrdrst.grst.g7serrst.rd_rst_reg_reg[2]/Q
                         net (fo=14, routed)          0.109     2.549    dbg_hub/inst/CORE_XSDB.UUT_MASTER/U_ICON_INTERFACE/U_CMD6_RD/U_RD_FIFO/SUBCORE_FIFO.xsdbm_v1_1_1_rdfifo_inst/inst_fifo_gen/gconvfifo.rf/grf.rf/gntv_or_sync_fifo.gl0.rd/gras.rsts/Q[0]
    SLICE_X112Y59        FDPE                                         f  dbg_hub/inst/CORE_XSDB.UUT_MASTER/U_ICON_INTERFACE/U_CMD6_RD/U_RD_FIFO/SUBCORE_FIFO.xsdbm_v1_1_1_rdfifo_inst/inst_fifo_gen/gconvfifo.rf/grf.rf/gntv_or_sync_fifo.gl0.rd/gras.rsts/ram_empty_fb_i_reg/PRE
  -------------------------------------------------------------------    -------------------

                         (clock dbg_hub/inst/N_EXT_BSCAN.bscan_inst/SERIES7_BSCAN.bscan_inst/DRCK rise edge)
                                                      0.000     0.000 r  
    BSCAN_X0Y0           BSCANE2                      0.000     0.000 r  dbg_hub/inst/N_EXT_BSCAN.bscan_inst/SERIES7_BSCAN.bscan_inst/DRCK
                         net (fo=1, routed)           1.943     1.943    dbg_hub/inst/DRCK
    BUFGCTRL_X0Y1        BUFG (Prop_bufg_I_O)         0.030     1.973 r  dbg_hub/inst/N_EXT_BSCAN.u_bufg_icon/O
                         net (fo=269, routed)         0.901     2.874    dbg_hub/inst/CORE_XSDB.UUT_MASTER/U_ICON_INTERFACE/U_CMD6_RD/U_RD_FIFO/SUBCORE_FIFO.xsdbm_v1_1_1_rdfifo_inst/inst_fifo_gen/gconvfifo.rf/grf.rf/gntv_or_sync_fifo.gl0.rd/gras.rsts/CLK
    SLICE_X112Y59        FDPE                                         r  dbg_hub/inst/CORE_XSDB.UUT_MASTER/U_ICON_INTERFACE/U_CMD6_RD/U_RD_FIFO/SUBCORE_FIFO.xsdbm_v1_1_1_rdfifo_inst/inst_fifo_gen/gconvfifo.rf/grf.rf/gntv_or_sync_fifo.gl0.rd/gras.rsts/ram_empty_fb_i_reg/C
                         clock pessimism             -0.520     2.354    
    SLICE_X112Y59        FDPE (Remov_fdpe_C_PRE)     -0.072     2.282    dbg_hub/inst/CORE_XSDB.UUT_MASTER/U_ICON_INTERFACE/U_CMD6_RD/U_RD_FIFO/SUBCORE_FIFO.xsdbm_v1_1_1_rdfifo_inst/inst_fifo_gen/gconvfifo.rf/grf.rf/gntv_or_sync_fifo.gl0.rd/gras.rsts/ram_empty_fb_i_reg
  -------------------------------------------------------------------
                         required time                         -2.282    
                         arrival time                           2.549    
  -------------------------------------------------------------------
                         slack                                  0.267    

Slack (MET) :             0.278ns  (arrival time - required time)
  Source:                 dbg_hub/inst/CORE_XSDB.UUT_MASTER/U_ICON_INTERFACE/U_CMD6_RD/U_RD_FIFO/SUBCORE_FIFO.xsdbm_v1_1_1_rdfifo_inst/inst_fifo_gen/gconvfifo.rf/grf.rf/rstblk/ngwrdrst.grst.g7serrst.rd_rst_reg_reg[2]/C
                            (rising edge-triggered cell FDPE clocked by dbg_hub/inst/N_EXT_BSCAN.bscan_inst/SERIES7_BSCAN.bscan_inst/DRCK  {rise@0.000ns fall@15.000ns period=30.000ns})
  Destination:            dbg_hub/inst/CORE_XSDB.UUT_MASTER/U_ICON_INTERFACE/U_CMD6_RD/U_RD_FIFO/SUBCORE_FIFO.xsdbm_v1_1_1_rdfifo_inst/inst_fifo_gen/gconvfifo.rf/grf.rf/gntv_or_sync_fifo.gl0.rd/gr1.rfwft/gpregsm1.curr_fwft_state_reg[0]/CLR
                            (removal check against rising-edge clock dbg_hub/inst/N_EXT_BSCAN.bscan_inst/SERIES7_BSCAN.bscan_inst/DRCK  {rise@0.000ns fall@15.000ns period=30.000ns})
  Path Group:             **async_default**
  Path Type:              Removal (Min at Fast Process Corner)
  Requirement:            0.000ns  (dbg_hub/inst/N_EXT_BSCAN.bscan_inst/SERIES7_BSCAN.bscan_inst/DRCK rise@0.000ns - dbg_hub/inst/N_EXT_BSCAN.bscan_inst/SERIES7_BSCAN.bscan_inst/DRCK rise@0.000ns)
  Data Path Delay:        0.259ns  (logic 0.100ns (38.659%)  route 0.159ns (61.341%))
  Logic Levels:           0  
  Clock Path Skew:        0.031ns (DCD - SCD - CPR)
    Destination Clock Delay (DCD):    2.873ns
    Source Clock Delay      (SCD):    2.340ns
    Clock Pessimism Removal (CPR):    0.502ns

    Location             Delay type                Incr(ns)  Path(ns)    Netlist Resource(s)
  -------------------------------------------------------------------    -------------------
                         (clock dbg_hub/inst/N_EXT_BSCAN.bscan_inst/SERIES7_BSCAN.bscan_inst/DRCK rise edge)
                                                      0.000     0.000 r  
    BSCAN_X0Y0           BSCANE2                      0.000     0.000 r  dbg_hub/inst/N_EXT_BSCAN.bscan_inst/SERIES7_BSCAN.bscan_inst/DRCK
                         net (fo=1, routed)           1.653     1.653    dbg_hub/inst/DRCK
    BUFGCTRL_X0Y1        BUFG (Prop_bufg_I_O)         0.026     1.679 r  dbg_hub/inst/N_EXT_BSCAN.u_bufg_icon/O
                         net (fo=269, routed)         0.661     2.340    dbg_hub/inst/CORE_XSDB.UUT_MASTER/U_ICON_INTERFACE/U_CMD6_RD/U_RD_FIFO/SUBCORE_FIFO.xsdbm_v1_1_1_rdfifo_inst/inst_fifo_gen/gconvfifo.rf/grf.rf/rstblk/CLK
    SLICE_X112Y58        FDPE                                         r  dbg_hub/inst/CORE_XSDB.UUT_MASTER/U_ICON_INTERFACE/U_CMD6_RD/U_RD_FIFO/SUBCORE_FIFO.xsdbm_v1_1_1_rdfifo_inst/inst_fifo_gen/gconvfifo.rf/grf.rf/rstblk/ngwrdrst.grst.g7serrst.rd_rst_reg_reg[2]/C
  -------------------------------------------------------------------    -------------------
    SLICE_X112Y58        FDPE (Prop_fdpe_C_Q)         0.100     2.440 f  dbg_hub/inst/CORE_XSDB.UUT_MASTER/U_ICON_INTERFACE/U_CMD6_RD/U_RD_FIFO/SUBCORE_FIFO.xsdbm_v1_1_1_rdfifo_inst/inst_fifo_gen/gconvfifo.rf/grf.rf/rstblk/ngwrdrst.grst.g7serrst.rd_rst_reg_reg[2]/Q
                         net (fo=14, routed)          0.159     2.599    dbg_hub/inst/CORE_XSDB.UUT_MASTER/U_ICON_INTERFACE/U_CMD6_RD/U_RD_FIFO/SUBCORE_FIFO.xsdbm_v1_1_1_rdfifo_inst/inst_fifo_gen/gconvfifo.rf/grf.rf/gntv_or_sync_fifo.gl0.rd/gr1.rfwft/Q[1]
    SLICE_X110Y58        FDCE                                         f  dbg_hub/inst/CORE_XSDB.UUT_MASTER/U_ICON_INTERFACE/U_CMD6_RD/U_RD_FIFO/SUBCORE_FIFO.xsdbm_v1_1_1_rdfifo_inst/inst_fifo_gen/gconvfifo.rf/grf.rf/gntv_or_sync_fifo.gl0.rd/gr1.rfwft/gpregsm1.curr_fwft_state_reg[0]/CLR
  -------------------------------------------------------------------    -------------------

                         (clock dbg_hub/inst/N_EXT_BSCAN.bscan_inst/SERIES7_BSCAN.bscan_inst/DRCK rise edge)
                                                      0.000     0.000 r  
    BSCAN_X0Y0           BSCANE2                      0.000     0.000 r  dbg_hub/inst/N_EXT_BSCAN.bscan_inst/SERIES7_BSCAN.bscan_inst/DRCK
                         net (fo=1, routed)           1.943     1.943    dbg_hub/inst/DRCK
    BUFGCTRL_X0Y1        BUFG (Prop_bufg_I_O)         0.030     1.973 r  dbg_hub/inst/N_EXT_BSCAN.u_bufg_icon/O
                         net (fo=269, routed)         0.900     2.873    dbg_hub/inst/CORE_XSDB.UUT_MASTER/U_ICON_INTERFACE/U_CMD6_RD/U_RD_FIFO/SUBCORE_FIFO.xsdbm_v1_1_1_rdfifo_inst/inst_fifo_gen/gconvfifo.rf/grf.rf/gntv_or_sync_fifo.gl0.rd/gr1.rfwft/CLK
    SLICE_X110Y58        FDCE                                         r  dbg_hub/inst/CORE_XSDB.UUT_MASTER/U_ICON_INTERFACE/U_CMD6_RD/U_RD_FIFO/SUBCORE_FIFO.xsdbm_v1_1_1_rdfifo_inst/inst_fifo_gen/gconvfifo.rf/grf.rf/gntv_or_sync_fifo.gl0.rd/gr1.rfwft/gpregsm1.curr_fwft_state_reg[0]/C
                         clock pessimism             -0.502     2.371    
    SLICE_X110Y58        FDCE (Remov_fdce_C_CLR)     -0.050     2.321    dbg_hub/inst/CORE_XSDB.UUT_MASTER/U_ICON_INTERFACE/U_CMD6_RD/U_RD_FIFO/SUBCORE_FIFO.xsdbm_v1_1_1_rdfifo_inst/inst_fifo_gen/gconvfifo.rf/grf.rf/gntv_or_sync_fifo.gl0.rd/gr1.rfwft/gpregsm1.curr_fwft_state_reg[0]
  -------------------------------------------------------------------
                         required time                         -2.321    
                         arrival time                           2.599    
  -------------------------------------------------------------------
                         slack                                  0.278    

Slack (MET) :             0.278ns  (arrival time - required time)
  Source:                 dbg_hub/inst/CORE_XSDB.UUT_MASTER/U_ICON_INTERFACE/U_CMD6_RD/U_RD_FIFO/SUBCORE_FIFO.xsdbm_v1_1_1_rdfifo_inst/inst_fifo_gen/gconvfifo.rf/grf.rf/rstblk/ngwrdrst.grst.g7serrst.rd_rst_reg_reg[2]/C
                            (rising edge-triggered cell FDPE clocked by dbg_hub/inst/N_EXT_BSCAN.bscan_inst/SERIES7_BSCAN.bscan_inst/DRCK  {rise@0.000ns fall@15.000ns period=30.000ns})
  Destination:            dbg_hub/inst/CORE_XSDB.UUT_MASTER/U_ICON_INTERFACE/U_CMD6_RD/U_RD_FIFO/SUBCORE_FIFO.xsdbm_v1_1_1_rdfifo_inst/inst_fifo_gen/gconvfifo.rf/grf.rf/gntv_or_sync_fifo.gl0.rd/gr1.rfwft/gpregsm1.user_valid_reg/CLR
                            (removal check against rising-edge clock dbg_hub/inst/N_EXT_BSCAN.bscan_inst/SERIES7_BSCAN.bscan_inst/DRCK  {rise@0.000ns fall@15.000ns period=30.000ns})
  Path Group:             **async_default**
  Path Type:              Removal (Min at Fast Process Corner)
  Requirement:            0.000ns  (dbg_hub/inst/N_EXT_BSCAN.bscan_inst/SERIES7_BSCAN.bscan_inst/DRCK rise@0.000ns - dbg_hub/inst/N_EXT_BSCAN.bscan_inst/SERIES7_BSCAN.bscan_inst/DRCK rise@0.000ns)
  Data Path Delay:        0.259ns  (logic 0.100ns (38.659%)  route 0.159ns (61.341%))
  Logic Levels:           0  
  Clock Path Skew:        0.031ns (DCD - SCD - CPR)
    Destination Clock Delay (DCD):    2.873ns
    Source Clock Delay      (SCD):    2.340ns
    Clock Pessimism Removal (CPR):    0.502ns

    Location             Delay type                Incr(ns)  Path(ns)    Netlist Resource(s)
  -------------------------------------------------------------------    -------------------
                         (clock dbg_hub/inst/N_EXT_BSCAN.bscan_inst/SERIES7_BSCAN.bscan_inst/DRCK rise edge)
                                                      0.000     0.000 r  
    BSCAN_X0Y0           BSCANE2                      0.000     0.000 r  dbg_hub/inst/N_EXT_BSCAN.bscan_inst/SERIES7_BSCAN.bscan_inst/DRCK
                         net (fo=1, routed)           1.653     1.653    dbg_hub/inst/DRCK
    BUFGCTRL_X0Y1        BUFG (Prop_bufg_I_O)         0.026     1.679 r  dbg_hub/inst/N_EXT_BSCAN.u_bufg_icon/O
                         net (fo=269, routed)         0.661     2.340    dbg_hub/inst/CORE_XSDB.UUT_MASTER/U_ICON_INTERFACE/U_CMD6_RD/U_RD_FIFO/SUBCORE_FIFO.xsdbm_v1_1_1_rdfifo_inst/inst_fifo_gen/gconvfifo.rf/grf.rf/rstblk/CLK
    SLICE_X112Y58        FDPE                                         r  dbg_hub/inst/CORE_XSDB.UUT_MASTER/U_ICON_INTERFACE/U_CMD6_RD/U_RD_FIFO/SUBCORE_FIFO.xsdbm_v1_1_1_rdfifo_inst/inst_fifo_gen/gconvfifo.rf/grf.rf/rstblk/ngwrdrst.grst.g7serrst.rd_rst_reg_reg[2]/C
  -------------------------------------------------------------------    -------------------
    SLICE_X112Y58        FDPE (Prop_fdpe_C_Q)         0.100     2.440 f  dbg_hub/inst/CORE_XSDB.UUT_MASTER/U_ICON_INTERFACE/U_CMD6_RD/U_RD_FIFO/SUBCORE_FIFO.xsdbm_v1_1_1_rdfifo_inst/inst_fifo_gen/gconvfifo.rf/grf.rf/rstblk/ngwrdrst.grst.g7serrst.rd_rst_reg_reg[2]/Q
                         net (fo=14, routed)          0.159     2.599    dbg_hub/inst/CORE_XSDB.UUT_MASTER/U_ICON_INTERFACE/U_CMD6_RD/U_RD_FIFO/SUBCORE_FIFO.xsdbm_v1_1_1_rdfifo_inst/inst_fifo_gen/gconvfifo.rf/grf.rf/gntv_or_sync_fifo.gl0.rd/gr1.rfwft/Q[1]
    SLICE_X110Y58        FDCE                                         f  dbg_hub/inst/CORE_XSDB.UUT_MASTER/U_ICON_INTERFACE/U_CMD6_RD/U_RD_FIFO/SUBCORE_FIFO.xsdbm_v1_1_1_rdfifo_inst/inst_fifo_gen/gconvfifo.rf/grf.rf/gntv_or_sync_fifo.gl0.rd/gr1.rfwft/gpregsm1.user_valid_reg/CLR
  -------------------------------------------------------------------    -------------------

                         (clock dbg_hub/inst/N_EXT_BSCAN.bscan_inst/SERIES7_BSCAN.bscan_inst/DRCK rise edge)
                                                      0.000     0.000 r  
    BSCAN_X0Y0           BSCANE2                      0.000     0.000 r  dbg_hub/inst/N_EXT_BSCAN.bscan_inst/SERIES7_BSCAN.bscan_inst/DRCK
                         net (fo=1, routed)           1.943     1.943    dbg_hub/inst/DRCK
    BUFGCTRL_X0Y1        BUFG (Prop_bufg_I_O)         0.030     1.973 r  dbg_hub/inst/N_EXT_BSCAN.u_bufg_icon/O
                         net (fo=269, routed)         0.900     2.873    dbg_hub/inst/CORE_XSDB.UUT_MASTER/U_ICON_INTERFACE/U_CMD6_RD/U_RD_FIFO/SUBCORE_FIFO.xsdbm_v1_1_1_rdfifo_inst/inst_fifo_gen/gconvfifo.rf/grf.rf/gntv_or_sync_fifo.gl0.rd/gr1.rfwft/CLK
    SLICE_X110Y58        FDCE                                         r  dbg_hub/inst/CORE_XSDB.UUT_MASTER/U_ICON_INTERFACE/U_CMD6_RD/U_RD_FIFO/SUBCORE_FIFO.xsdbm_v1_1_1_rdfifo_inst/inst_fifo_gen/gconvfifo.rf/grf.rf/gntv_or_sync_fifo.gl0.rd/gr1.rfwft/gpregsm1.user_valid_reg/C
                         clock pessimism             -0.502     2.371    
    SLICE_X110Y58        FDCE (Remov_fdce_C_CLR)     -0.050     2.321    dbg_hub/inst/CORE_XSDB.UUT_MASTER/U_ICON_INTERFACE/U_CMD6_RD/U_RD_FIFO/SUBCORE_FIFO.xsdbm_v1_1_1_rdfifo_inst/inst_fifo_gen/gconvfifo.rf/grf.rf/gntv_or_sync_fifo.gl0.rd/gr1.rfwft/gpregsm1.user_valid_reg
  -------------------------------------------------------------------
                         required time                         -2.321    
                         arrival time                           2.599    
  -------------------------------------------------------------------
                         slack                                  0.278    

Slack (MET) :             0.280ns  (arrival time - required time)
  Source:                 dbg_hub/inst/CORE_XSDB.UUT_MASTER/U_ICON_INTERFACE/U_CMD6_RD/U_RD_FIFO/SUBCORE_FIFO.xsdbm_v1_1_1_rdfifo_inst/inst_fifo_gen/gconvfifo.rf/grf.rf/rstblk/ngwrdrst.grst.g7serrst.rd_rst_reg_reg[2]/C
                            (rising edge-triggered cell FDPE clocked by dbg_hub/inst/N_EXT_BSCAN.bscan_inst/SERIES7_BSCAN.bscan_inst/DRCK  {rise@0.000ns fall@15.000ns period=30.000ns})
  Destination:            dbg_hub/inst/CORE_XSDB.UUT_MASTER/U_ICON_INTERFACE/U_CMD6_RD/U_RD_FIFO/SUBCORE_FIFO.xsdbm_v1_1_1_rdfifo_inst/inst_fifo_gen/gconvfifo.rf/grf.rf/gntv_or_sync_fifo.gl0.rd/gr1.rfwft/empty_fwft_fb_reg/PRE
                            (removal check against rising-edge clock dbg_hub/inst/N_EXT_BSCAN.bscan_inst/SERIES7_BSCAN.bscan_inst/DRCK  {rise@0.000ns fall@15.000ns period=30.000ns})
  Path Group:             **async_default**
  Path Type:              Removal (Min at Fast Process Corner)
  Requirement:            0.000ns  (dbg_hub/inst/N_EXT_BSCAN.bscan_inst/SERIES7_BSCAN.bscan_inst/DRCK rise@0.000ns - dbg_hub/inst/N_EXT_BSCAN.bscan_inst/SERIES7_BSCAN.bscan_inst/DRCK rise@0.000ns)
  Data Path Delay:        0.259ns  (logic 0.100ns (38.659%)  route 0.159ns (61.341%))
  Logic Levels:           0  
  Clock Path Skew:        0.031ns (DCD - SCD - CPR)
    Destination Clock Delay (DCD):    2.873ns
    Source Clock Delay      (SCD):    2.340ns
    Clock Pessimism Removal (CPR):    0.502ns

    Location             Delay type                Incr(ns)  Path(ns)    Netlist Resource(s)
  -------------------------------------------------------------------    -------------------
                         (clock dbg_hub/inst/N_EXT_BSCAN.bscan_inst/SERIES7_BSCAN.bscan_inst/DRCK rise edge)
                                                      0.000     0.000 r  
    BSCAN_X0Y0           BSCANE2                      0.000     0.000 r  dbg_hub/inst/N_EXT_BSCAN.bscan_inst/SERIES7_BSCAN.bscan_inst/DRCK
                         net (fo=1, routed)           1.653     1.653    dbg_hub/inst/DRCK
    BUFGCTRL_X0Y1        BUFG (Prop_bufg_I_O)         0.026     1.679 r  dbg_hub/inst/N_EXT_BSCAN.u_bufg_icon/O
                         net (fo=269, routed)         0.661     2.340    dbg_hub/inst/CORE_XSDB.UUT_MASTER/U_ICON_INTERFACE/U_CMD6_RD/U_RD_FIFO/SUBCORE_FIFO.xsdbm_v1_1_1_rdfifo_inst/inst_fifo_gen/gconvfifo.rf/grf.rf/rstblk/CLK
    SLICE_X112Y58        FDPE                                         r  dbg_hub/inst/CORE_XSDB.UUT_MASTER/U_ICON_INTERFACE/U_CMD6_RD/U_RD_FIFO/SUBCORE_FIFO.xsdbm_v1_1_1_rdfifo_inst/inst_fifo_gen/gconvfifo.rf/grf.rf/rstblk/ngwrdrst.grst.g7serrst.rd_rst_reg_reg[2]/C
  -------------------------------------------------------------------    -------------------
    SLICE_X112Y58        FDPE (Prop_fdpe_C_Q)         0.100     2.440 f  dbg_hub/inst/CORE_XSDB.UUT_MASTER/U_ICON_INTERFACE/U_CMD6_RD/U_RD_FIFO/SUBCORE_FIFO.xsdbm_v1_1_1_rdfifo_inst/inst_fifo_gen/gconvfifo.rf/grf.rf/rstblk/ngwrdrst.grst.g7serrst.rd_rst_reg_reg[2]/Q
                         net (fo=14, routed)          0.159     2.599    dbg_hub/inst/CORE_XSDB.UUT_MASTER/U_ICON_INTERFACE/U_CMD6_RD/U_RD_FIFO/SUBCORE_FIFO.xsdbm_v1_1_1_rdfifo_inst/inst_fifo_gen/gconvfifo.rf/grf.rf/gntv_or_sync_fifo.gl0.rd/gr1.rfwft/Q[1]
    SLICE_X110Y58        FDPE                                         f  dbg_hub/inst/CORE_XSDB.UUT_MASTER/U_ICON_INTERFACE/U_CMD6_RD/U_RD_FIFO/SUBCORE_FIFO.xsdbm_v1_1_1_rdfifo_inst/inst_fifo_gen/gconvfifo.rf/grf.rf/gntv_or_sync_fifo.gl0.rd/gr1.rfwft/empty_fwft_fb_reg/PRE
  -------------------------------------------------------------------    -------------------

                         (clock dbg_hub/inst/N_EXT_BSCAN.bscan_inst/SERIES7_BSCAN.bscan_inst/DRCK rise edge)
                                                      0.000     0.000 r  
    BSCAN_X0Y0           BSCANE2                      0.000     0.000 r  dbg_hub/inst/N_EXT_BSCAN.bscan_inst/SERIES7_BSCAN.bscan_inst/DRCK
                         net (fo=1, routed)           1.943     1.943    dbg_hub/inst/DRCK
    BUFGCTRL_X0Y1        BUFG (Prop_bufg_I_O)         0.030     1.973 r  dbg_hub/inst/N_EXT_BSCAN.u_bufg_icon/O
                         net (fo=269, routed)         0.900     2.873    dbg_hub/inst/CORE_XSDB.UUT_MASTER/U_ICON_INTERFACE/U_CMD6_RD/U_RD_FIFO/SUBCORE_FIFO.xsdbm_v1_1_1_rdfifo_inst/inst_fifo_gen/gconvfifo.rf/grf.rf/gntv_or_sync_fifo.gl0.rd/gr1.rfwft/CLK
    SLICE_X110Y58        FDPE                                         r  dbg_hub/inst/CORE_XSDB.UUT_MASTER/U_ICON_INTERFACE/U_CMD6_RD/U_RD_FIFO/SUBCORE_FIFO.xsdbm_v1_1_1_rdfifo_inst/inst_fifo_gen/gconvfifo.rf/grf.rf/gntv_or_sync_fifo.gl0.rd/gr1.rfwft/empty_fwft_fb_reg/C
                         clock pessimism             -0.502     2.371    
    SLICE_X110Y58        FDPE (Remov_fdpe_C_PRE)     -0.052     2.319    dbg_hub/inst/CORE_XSDB.UUT_MASTER/U_ICON_INTERFACE/U_CMD6_RD/U_RD_FIFO/SUBCORE_FIFO.xsdbm_v1_1_1_rdfifo_inst/inst_fifo_gen/gconvfifo.rf/grf.rf/gntv_or_sync_fifo.gl0.rd/gr1.rfwft/empty_fwft_fb_reg
  -------------------------------------------------------------------
                         required time                         -2.319    
                         arrival time                           2.599    
  -------------------------------------------------------------------
                         slack                                  0.280    

Slack (MET) :             0.280ns  (arrival time - required time)
  Source:                 dbg_hub/inst/CORE_XSDB.UUT_MASTER/U_ICON_INTERFACE/U_CMD6_RD/U_RD_FIFO/SUBCORE_FIFO.xsdbm_v1_1_1_rdfifo_inst/inst_fifo_gen/gconvfifo.rf/grf.rf/rstblk/ngwrdrst.grst.g7serrst.rd_rst_reg_reg[2]/C
                            (rising edge-triggered cell FDPE clocked by dbg_hub/inst/N_EXT_BSCAN.bscan_inst/SERIES7_BSCAN.bscan_inst/DRCK  {rise@0.000ns fall@15.000ns period=30.000ns})
  Destination:            dbg_hub/inst/CORE_XSDB.UUT_MASTER/U_ICON_INTERFACE/U_CMD6_RD/U_RD_FIFO/SUBCORE_FIFO.xsdbm_v1_1_1_rdfifo_inst/inst_fifo_gen/gconvfifo.rf/grf.rf/gntv_or_sync_fifo.gl0.rd/gr1.rfwft/empty_fwft_i_reg/PRE
                            (removal check against rising-edge clock dbg_hub/inst/N_EXT_BSCAN.bscan_inst/SERIES7_BSCAN.bscan_inst/DRCK  {rise@0.000ns fall@15.000ns period=30.000ns})
  Path Group:             **async_default**
  Path Type:              Removal (Min at Fast Process Corner)
  Requirement:            0.000ns  (dbg_hub/inst/N_EXT_BSCAN.bscan_inst/SERIES7_BSCAN.bscan_inst/DRCK rise@0.000ns - dbg_hub/inst/N_EXT_BSCAN.bscan_inst/SERIES7_BSCAN.bscan_inst/DRCK rise@0.000ns)
  Data Path Delay:        0.259ns  (logic 0.100ns (38.659%)  route 0.159ns (61.341%))
  Logic Levels:           0  
  Clock Path Skew:        0.031ns (DCD - SCD - CPR)
    Destination Clock Delay (DCD):    2.873ns
    Source Clock Delay      (SCD):    2.340ns
    Clock Pessimism Removal (CPR):    0.502ns

    Location             Delay type                Incr(ns)  Path(ns)    Netlist Resource(s)
  -------------------------------------------------------------------    -------------------
                         (clock dbg_hub/inst/N_EXT_BSCAN.bscan_inst/SERIES7_BSCAN.bscan_inst/DRCK rise edge)
                                                      0.000     0.000 r  
    BSCAN_X0Y0           BSCANE2                      0.000     0.000 r  dbg_hub/inst/N_EXT_BSCAN.bscan_inst/SERIES7_BSCAN.bscan_inst/DRCK
                         net (fo=1, routed)           1.653     1.653    dbg_hub/inst/DRCK
    BUFGCTRL_X0Y1        BUFG (Prop_bufg_I_O)         0.026     1.679 r  dbg_hub/inst/N_EXT_BSCAN.u_bufg_icon/O
                         net (fo=269, routed)         0.661     2.340    dbg_hub/inst/CORE_XSDB.UUT_MASTER/U_ICON_INTERFACE/U_CMD6_RD/U_RD_FIFO/SUBCORE_FIFO.xsdbm_v1_1_1_rdfifo_inst/inst_fifo_gen/gconvfifo.rf/grf.rf/rstblk/CLK
    SLICE_X112Y58        FDPE                                         r  dbg_hub/inst/CORE_XSDB.UUT_MASTER/U_ICON_INTERFACE/U_CMD6_RD/U_RD_FIFO/SUBCORE_FIFO.xsdbm_v1_1_1_rdfifo_inst/inst_fifo_gen/gconvfifo.rf/grf.rf/rstblk/ngwrdrst.grst.g7serrst.rd_rst_reg_reg[2]/C
  -------------------------------------------------------------------    -------------------
    SLICE_X112Y58        FDPE (Prop_fdpe_C_Q)         0.100     2.440 f  dbg_hub/inst/CORE_XSDB.UUT_MASTER/U_ICON_INTERFACE/U_CMD6_RD/U_RD_FIFO/SUBCORE_FIFO.xsdbm_v1_1_1_rdfifo_inst/inst_fifo_gen/gconvfifo.rf/grf.rf/rstblk/ngwrdrst.grst.g7serrst.rd_rst_reg_reg[2]/Q
                         net (fo=14, routed)          0.159     2.599    dbg_hub/inst/CORE_XSDB.UUT_MASTER/U_ICON_INTERFACE/U_CMD6_RD/U_RD_FIFO/SUBCORE_FIFO.xsdbm_v1_1_1_rdfifo_inst/inst_fifo_gen/gconvfifo.rf/grf.rf/gntv_or_sync_fifo.gl0.rd/gr1.rfwft/Q[1]
    SLICE_X110Y58        FDPE                                         f  dbg_hub/inst/CORE_XSDB.UUT_MASTER/U_ICON_INTERFACE/U_CMD6_RD/U_RD_FIFO/SUBCORE_FIFO.xsdbm_v1_1_1_rdfifo_inst/inst_fifo_gen/gconvfifo.rf/grf.rf/gntv_or_sync_fifo.gl0.rd/gr1.rfwft/empty_fwft_i_reg/PRE
  -------------------------------------------------------------------    -------------------

                         (clock dbg_hub/inst/N_EXT_BSCAN.bscan_inst/SERIES7_BSCAN.bscan_inst/DRCK rise edge)
                                                      0.000     0.000 r  
    BSCAN_X0Y0           BSCANE2                      0.000     0.000 r  dbg_hub/inst/N_EXT_BSCAN.bscan_inst/SERIES7_BSCAN.bscan_inst/DRCK
                         net (fo=1, routed)           1.943     1.943    dbg_hub/inst/DRCK
    BUFGCTRL_X0Y1        BUFG (Prop_bufg_I_O)         0.030     1.973 r  dbg_hub/inst/N_EXT_BSCAN.u_bufg_icon/O
                         net (fo=269, routed)         0.900     2.873    dbg_hub/inst/CORE_XSDB.UUT_MASTER/U_ICON_INTERFACE/U_CMD6_RD/U_RD_FIFO/SUBCORE_FIFO.xsdbm_v1_1_1_rdfifo_inst/inst_fifo_gen/gconvfifo.rf/grf.rf/gntv_or_sync_fifo.gl0.rd/gr1.rfwft/CLK
    SLICE_X110Y58        FDPE                                         r  dbg_hub/inst/CORE_XSDB.UUT_MASTER/U_ICON_INTERFACE/U_CMD6_RD/U_RD_FIFO/SUBCORE_FIFO.xsdbm_v1_1_1_rdfifo_inst/inst_fifo_gen/gconvfifo.rf/grf.rf/gntv_or_sync_fifo.gl0.rd/gr1.rfwft/empty_fwft_i_reg/C
                         clock pessimism             -0.502     2.371    
    SLICE_X110Y58        FDPE (Remov_fdpe_C_PRE)     -0.052     2.319    dbg_hub/inst/CORE_XSDB.UUT_MASTER/U_ICON_INTERFACE/U_CMD6_RD/U_RD_FIFO/SUBCORE_FIFO.xsdbm_v1_1_1_rdfifo_inst/inst_fifo_gen/gconvfifo.rf/grf.rf/gntv_or_sync_fifo.gl0.rd/gr1.rfwft/empty_fwft_i_reg
  -------------------------------------------------------------------
                         required time                         -2.319    
                         arrival time                           2.599    
  -------------------------------------------------------------------
                         slack                                  0.280    

Slack (MET) :             0.313ns  (arrival time - required time)
  Source:                 dbg_hub/inst/CORE_XSDB.UUT_MASTER/U_ICON_INTERFACE/U_CMD6_WR/U_WR_FIFO/SUBCORE_FIFO.xsdbm_v1_1_1_wrfifo_inst/inst_fifo_gen/gconvfifo.rf/grf.rf/rstblk/ngwrdrst.grst.g7serrst.wr_rst_reg_reg[0]/C
                            (rising edge-triggered cell FDPE clocked by dbg_hub/inst/N_EXT_BSCAN.bscan_inst/SERIES7_BSCAN.bscan_inst/DRCK  {rise@0.000ns fall@15.000ns period=30.000ns})
  Destination:            dbg_hub/inst/CORE_XSDB.UUT_MASTER/U_ICON_INTERFACE/U_CMD6_WR/U_WR_FIFO/SUBCORE_FIFO.xsdbm_v1_1_1_wrfifo_inst/inst_fifo_gen/gconvfifo.rf/grf.rf/gntv_or_sync_fifo.gcx.clkx/gsync_stage[1].wr_stg_inst/Q_reg_reg[0]/CLR
                            (removal check against rising-edge clock dbg_hub/inst/N_EXT_BSCAN.bscan_inst/SERIES7_BSCAN.bscan_inst/DRCK  {rise@0.000ns fall@15.000ns period=30.000ns})
  Path Group:             **async_default**
  Path Type:              Removal (Min at Fast Process Corner)
  Requirement:            0.000ns  (dbg_hub/inst/N_EXT_BSCAN.bscan_inst/SERIES7_BSCAN.bscan_inst/DRCK rise@0.000ns - dbg_hub/inst/N_EXT_BSCAN.bscan_inst/SERIES7_BSCAN.bscan_inst/DRCK rise@0.000ns)
  Data Path Delay:        0.297ns  (logic 0.100ns (33.691%)  route 0.197ns (66.309%))
  Logic Levels:           0  
  Clock Path Skew:        0.034ns (DCD - SCD - CPR)
    Destination Clock Delay (DCD):    2.867ns
    Source Clock Delay      (SCD):    2.331ns
    Clock Pessimism Removal (CPR):    0.502ns

    Location             Delay type                Incr(ns)  Path(ns)    Netlist Resource(s)
  -------------------------------------------------------------------    -------------------
                         (clock dbg_hub/inst/N_EXT_BSCAN.bscan_inst/SERIES7_BSCAN.bscan_inst/DRCK rise edge)
                                                      0.000     0.000 r  
    BSCAN_X0Y0           BSCANE2                      0.000     0.000 r  dbg_hub/inst/N_EXT_BSCAN.bscan_inst/SERIES7_BSCAN.bscan_inst/DRCK
                         net (fo=1, routed)           1.653     1.653    dbg_hub/inst/DRCK
    BUFGCTRL_X0Y1        BUFG (Prop_bufg_I_O)         0.026     1.679 r  dbg_hub/inst/N_EXT_BSCAN.u_bufg_icon/O
                         net (fo=269, routed)         0.652     2.331    dbg_hub/inst/CORE_XSDB.UUT_MASTER/U_ICON_INTERFACE/U_CMD6_WR/U_WR_FIFO/SUBCORE_FIFO.xsdbm_v1_1_1_wrfifo_inst/inst_fifo_gen/gconvfifo.rf/grf.rf/rstblk/CLK
    SLICE_X103Y65        FDPE                                         r  dbg_hub/inst/CORE_XSDB.UUT_MASTER/U_ICON_INTERFACE/U_CMD6_WR/U_WR_FIFO/SUBCORE_FIFO.xsdbm_v1_1_1_wrfifo_inst/inst_fifo_gen/gconvfifo.rf/grf.rf/rstblk/ngwrdrst.grst.g7serrst.wr_rst_reg_reg[0]/C
  -------------------------------------------------------------------    -------------------
    SLICE_X103Y65        FDPE (Prop_fdpe_C_Q)         0.100     2.431 f  dbg_hub/inst/CORE_XSDB.UUT_MASTER/U_ICON_INTERFACE/U_CMD6_WR/U_WR_FIFO/SUBCORE_FIFO.xsdbm_v1_1_1_wrfifo_inst/inst_fifo_gen/gconvfifo.rf/grf.rf/rstblk/ngwrdrst.grst.g7serrst.wr_rst_reg_reg[0]/Q
                         net (fo=17, routed)          0.197     2.628    dbg_hub/inst/CORE_XSDB.UUT_MASTER/U_ICON_INTERFACE/U_CMD6_WR/U_WR_FIFO/SUBCORE_FIFO.xsdbm_v1_1_1_wrfifo_inst/inst_fifo_gen/gconvfifo.rf/grf.rf/gntv_or_sync_fifo.gcx.clkx/gsync_stage[1].wr_stg_inst/ngwrdrst.grst.g7serrst.wr_rst_reg_reg[0][0]
    SLICE_X104Y65        FDCE                                         f  dbg_hub/inst/CORE_XSDB.UUT_MASTER/U_ICON_INTERFACE/U_CMD6_WR/U_WR_FIFO/SUBCORE_FIFO.xsdbm_v1_1_1_wrfifo_inst/inst_fifo_gen/gconvfifo.rf/grf.rf/gntv_or_sync_fifo.gcx.clkx/gsync_stage[1].wr_stg_inst/Q_reg_reg[0]/CLR
  -------------------------------------------------------------------    -------------------

                         (clock dbg_hub/inst/N_EXT_BSCAN.bscan_inst/SERIES7_BSCAN.bscan_inst/DRCK rise edge)
                                                      0.000     0.000 r  
    BSCAN_X0Y0           BSCANE2                      0.000     0.000 r  dbg_hub/inst/N_EXT_BSCAN.bscan_inst/SERIES7_BSCAN.bscan_inst/DRCK
                         net (fo=1, routed)           1.943     1.943    dbg_hub/inst/DRCK
    BUFGCTRL_X0Y1        BUFG (Prop_bufg_I_O)         0.030     1.973 r  dbg_hub/inst/N_EXT_BSCAN.u_bufg_icon/O
                         net (fo=269, routed)         0.894     2.867    dbg_hub/inst/CORE_XSDB.UUT_MASTER/U_ICON_INTERFACE/U_CMD6_WR/U_WR_FIFO/SUBCORE_FIFO.xsdbm_v1_1_1_wrfifo_inst/inst_fifo_gen/gconvfifo.rf/grf.rf/gntv_or_sync_fifo.gcx.clkx/gsync_stage[1].wr_stg_inst/CLK
    SLICE_X104Y65        FDCE                                         r  dbg_hub/inst/CORE_XSDB.UUT_MASTER/U_ICON_INTERFACE/U_CMD6_WR/U_WR_FIFO/SUBCORE_FIFO.xsdbm_v1_1_1_wrfifo_inst/inst_fifo_gen/gconvfifo.rf/grf.rf/gntv_or_sync_fifo.gcx.clkx/gsync_stage[1].wr_stg_inst/Q_reg_reg[0]/C
                         clock pessimism             -0.502     2.365    
    SLICE_X104Y65        FDCE (Remov_fdce_C_CLR)     -0.050     2.315    dbg_hub/inst/CORE_XSDB.UUT_MASTER/U_ICON_INTERFACE/U_CMD6_WR/U_WR_FIFO/SUBCORE_FIFO.xsdbm_v1_1_1_wrfifo_inst/inst_fifo_gen/gconvfifo.rf/grf.rf/gntv_or_sync_fifo.gcx.clkx/gsync_stage[1].wr_stg_inst/Q_reg_reg[0]
  -------------------------------------------------------------------
                         required time                         -2.315    
                         arrival time                           2.628    
  -------------------------------------------------------------------
                         slack                                  0.313    

Slack (MET) :             0.313ns  (arrival time - required time)
  Source:                 dbg_hub/inst/CORE_XSDB.UUT_MASTER/U_ICON_INTERFACE/U_CMD6_WR/U_WR_FIFO/SUBCORE_FIFO.xsdbm_v1_1_1_wrfifo_inst/inst_fifo_gen/gconvfifo.rf/grf.rf/rstblk/ngwrdrst.grst.g7serrst.wr_rst_reg_reg[0]/C
                            (rising edge-triggered cell FDPE clocked by dbg_hub/inst/N_EXT_BSCAN.bscan_inst/SERIES7_BSCAN.bscan_inst/DRCK  {rise@0.000ns fall@15.000ns period=30.000ns})
  Destination:            dbg_hub/inst/CORE_XSDB.UUT_MASTER/U_ICON_INTERFACE/U_CMD6_WR/U_WR_FIFO/SUBCORE_FIFO.xsdbm_v1_1_1_wrfifo_inst/inst_fifo_gen/gconvfifo.rf/grf.rf/gntv_or_sync_fifo.gcx.clkx/gsync_stage[2].wr_stg_inst/Q_reg_reg[0]/CLR
                            (removal check against rising-edge clock dbg_hub/inst/N_EXT_BSCAN.bscan_inst/SERIES7_BSCAN.bscan_inst/DRCK  {rise@0.000ns fall@15.000ns period=30.000ns})
  Path Group:             **async_default**
  Path Type:              Removal (Min at Fast Process Corner)
  Requirement:            0.000ns  (dbg_hub/inst/N_EXT_BSCAN.bscan_inst/SERIES7_BSCAN.bscan_inst/DRCK rise@0.000ns - dbg_hub/inst/N_EXT_BSCAN.bscan_inst/SERIES7_BSCAN.bscan_inst/DRCK rise@0.000ns)
  Data Path Delay:        0.297ns  (logic 0.100ns (33.691%)  route 0.197ns (66.309%))
  Logic Levels:           0  
  Clock Path Skew:        0.034ns (DCD - SCD - CPR)
    Destination Clock Delay (DCD):    2.867ns
    Source Clock Delay      (SCD):    2.331ns
    Clock Pessimism Removal (CPR):    0.502ns

    Location             Delay type                Incr(ns)  Path(ns)    Netlist Resource(s)
  -------------------------------------------------------------------    -------------------
                         (clock dbg_hub/inst/N_EXT_BSCAN.bscan_inst/SERIES7_BSCAN.bscan_inst/DRCK rise edge)
                                                      0.000     0.000 r  
    BSCAN_X0Y0           BSCANE2                      0.000     0.000 r  dbg_hub/inst/N_EXT_BSCAN.bscan_inst/SERIES7_BSCAN.bscan_inst/DRCK
                         net (fo=1, routed)           1.653     1.653    dbg_hub/inst/DRCK
    BUFGCTRL_X0Y1        BUFG (Prop_bufg_I_O)         0.026     1.679 r  dbg_hub/inst/N_EXT_BSCAN.u_bufg_icon/O
                         net (fo=269, routed)         0.652     2.331    dbg_hub/inst/CORE_XSDB.UUT_MASTER/U_ICON_INTERFACE/U_CMD6_WR/U_WR_FIFO/SUBCORE_FIFO.xsdbm_v1_1_1_wrfifo_inst/inst_fifo_gen/gconvfifo.rf/grf.rf/rstblk/CLK
    SLICE_X103Y65        FDPE                                         r  dbg_hub/inst/CORE_XSDB.UUT_MASTER/U_ICON_INTERFACE/U_CMD6_WR/U_WR_FIFO/SUBCORE_FIFO.xsdbm_v1_1_1_wrfifo_inst/inst_fifo_gen/gconvfifo.rf/grf.rf/rstblk/ngwrdrst.grst.g7serrst.wr_rst_reg_reg[0]/C
  -------------------------------------------------------------------    -------------------
    SLICE_X103Y65        FDPE (Prop_fdpe_C_Q)         0.100     2.431 f  dbg_hub/inst/CORE_XSDB.UUT_MASTER/U_ICON_INTERFACE/U_CMD6_WR/U_WR_FIFO/SUBCORE_FIFO.xsdbm_v1_1_1_wrfifo_inst/inst_fifo_gen/gconvfifo.rf/grf.rf/rstblk/ngwrdrst.grst.g7serrst.wr_rst_reg_reg[0]/Q
                         net (fo=17, routed)          0.197     2.628    dbg_hub/inst/CORE_XSDB.UUT_MASTER/U_ICON_INTERFACE/U_CMD6_WR/U_WR_FIFO/SUBCORE_FIFO.xsdbm_v1_1_1_wrfifo_inst/inst_fifo_gen/gconvfifo.rf/grf.rf/gntv_or_sync_fifo.gcx.clkx/gsync_stage[2].wr_stg_inst/ngwrdrst.grst.g7serrst.wr_rst_reg_reg[0][0]
    SLICE_X104Y65        FDCE                                         f  dbg_hub/inst/CORE_XSDB.UUT_MASTER/U_ICON_INTERFACE/U_CMD6_WR/U_WR_FIFO/SUBCORE_FIFO.xsdbm_v1_1_1_wrfifo_inst/inst_fifo_gen/gconvfifo.rf/grf.rf/gntv_or_sync_fifo.gcx.clkx/gsync_stage[2].wr_stg_inst/Q_reg_reg[0]/CLR
  -------------------------------------------------------------------    -------------------

                         (clock dbg_hub/inst/N_EXT_BSCAN.bscan_inst/SERIES7_BSCAN.bscan_inst/DRCK rise edge)
                                                      0.000     0.000 r  
    BSCAN_X0Y0           BSCANE2                      0.000     0.000 r  dbg_hub/inst/N_EXT_BSCAN.bscan_inst/SERIES7_BSCAN.bscan_inst/DRCK
                         net (fo=1, routed)           1.943     1.943    dbg_hub/inst/DRCK
    BUFGCTRL_X0Y1        BUFG (Prop_bufg_I_O)         0.030     1.973 r  dbg_hub/inst/N_EXT_BSCAN.u_bufg_icon/O
                         net (fo=269, routed)         0.894     2.867    dbg_hub/inst/CORE_XSDB.UUT_MASTER/U_ICON_INTERFACE/U_CMD6_WR/U_WR_FIFO/SUBCORE_FIFO.xsdbm_v1_1_1_wrfifo_inst/inst_fifo_gen/gconvfifo.rf/grf.rf/gntv_or_sync_fifo.gcx.clkx/gsync_stage[2].wr_stg_inst/CLK
    SLICE_X104Y65        FDCE                                         r  dbg_hub/inst/CORE_XSDB.UUT_MASTER/U_ICON_INTERFACE/U_CMD6_WR/U_WR_FIFO/SUBCORE_FIFO.xsdbm_v1_1_1_wrfifo_inst/inst_fifo_gen/gconvfifo.rf/grf.rf/gntv_or_sync_fifo.gcx.clkx/gsync_stage[2].wr_stg_inst/Q_reg_reg[0]/C
                         clock pessimism             -0.502     2.365    
    SLICE_X104Y65        FDCE (Remov_fdce_C_CLR)     -0.050     2.315    dbg_hub/inst/CORE_XSDB.UUT_MASTER/U_ICON_INTERFACE/U_CMD6_WR/U_WR_FIFO/SUBCORE_FIFO.xsdbm_v1_1_1_wrfifo_inst/inst_fifo_gen/gconvfifo.rf/grf.rf/gntv_or_sync_fifo.gcx.clkx/gsync_stage[2].wr_stg_inst/Q_reg_reg[0]
  -------------------------------------------------------------------
                         required time                         -2.315    
                         arrival time                           2.628    
  -------------------------------------------------------------------
                         slack                                  0.313    





